gene,core_tall,n_terms,n_diseases,terms,diseases
HERC1,True,4,2,Disproportionate tall stature; Overgrowth; Slender build; Tall stature,OMIM:617011; ORPHA:457359
AKT1,True,3,1,Disproportionate tall stature; Overgrowth; Tall stature,ORPHA:744
BMP4,True,3,1,Disproportionate tall stature; Slender build; Tall stature,ORPHA:828
DNMT3A,True,3,2,Overgrowth; Proportionate tall stature; Tall stature,OMIM:615879; ORPHA:404443
FBN2,True,3,2,Disproportionate tall stature; Slender build; Tall stature,OMIM:121050; ORPHA:115
FIBP,True,3,2,Overgrowth; Proportionate tall stature; Tall stature,OMIM:617107; ORPHA:500095
GPC3,True,3,2,Birth length greater than 97th percentile; Overgrowth; Tall stature,OMIM:312870; ORPHA:373
KDM6B,True,3,1,Overgrowth; Proportionate tall stature; Tall stature,OMIM:618505
MED12,True,3,3,Disproportionate tall stature; Slender build; Tall stature,OMIM:309520; ORPHA:776; ORPHA:93932
NF1,True,3,2,Overgrowth; Proportionate tall stature; Tall stature,OMIM:162200; ORPHA:363700
PIGA,True,3,2,Birth length greater than 97th percentile; Overgrowth; Tall stature,OMIM:300868; OMIM:301072
SUZ12,True,3,2,Birth length greater than 97th percentile; Overgrowth; Tall stature,OMIM:618786; ORPHA:3447
UPF3B,True,3,2,Disproportionate tall stature; Slender build; Tall stature,OMIM:300676; ORPHA:776
ACTA1,True,2,2,Slender build; Tall stature,OMIM:161800; ORPHA:171439
AIP,True,2,1,Proportionate tall stature; Tall stature,ORPHA:99725
ARHGEF9,True,2,1,Overgrowth; Tall stature,OMIM:300607
ASXL3,True,2,2,Disproportionate tall stature; Tall stature,OMIM:615485; ORPHA:352577
ATP6V1A,True,2,1,Disproportionate tall stature; Tall stature,OMIM:617403
ATP6V1E1,True,2,1,Disproportionate tall stature; Tall stature,OMIM:617402
CAMK2A,True,2,1,Overgrowth; Tall stature,OMIM:617798
CBS,True,2,2,Disproportionate tall stature; Tall stature,OMIM:236200; ORPHA:394
CDKN1B,True,2,1,Proportionate tall stature; Tall stature,ORPHA:652
CDKN1C,True,2,1,Overgrowth; Tall stature,OMIM:130650
CDKN2B,True,2,1,Proportionate tall stature; Tall stature,ORPHA:652
CHST14,True,2,1,Disproportionate tall stature; Tall stature,ORPHA:2953
CIC,True,2,1,Slender build; Tall stature,OMIM:617600
COL1A2,True,2,1,Disproportionate tall stature; Tall stature,ORPHA:230851
COL2A1,True,2,1,Disproportionate tall stature; Tall stature,OMIM:108300
COL6A1,True,2,1,Slender build; Tall stature,OMIM:254090
CPLX1,True,2,1,Disproportionate tall stature; Tall stature,ORPHA:280
CTBP1,True,2,1,Disproportionate tall stature; Tall stature,ORPHA:280
CYP19A1,True,2,2,Mild short stature; Tall stature,ORPHA:178345; ORPHA:91
DICER1,True,2,1,Overgrowth; Tall stature,OMIM:618272
DLG4,True,2,1,Disproportionate tall stature; Tall stature,OMIM:618793
DLK1,True,2,2,Overgrowth; Tall stature,ORPHA:254534; ORPHA:96334
DNA2,True,2,2,Slender build; Tall stature,OMIM:615156; ORPHA:352470
DSE,True,2,1,Disproportionate tall stature; Tall stature,ORPHA:2953
EED,True,2,1,Overgrowth; Tall stature,OMIM:617561
EFEMP2,True,2,2,Overgrowth; Tall stature,OMIM:614437; ORPHA:91387
EHMT1,True,2,2,Overgrowth; Tall stature,OMIM:610253; ORPHA:261652
ESR1,True,2,1,Overgrowth; Tall stature,ORPHA:785
EZH2,True,2,2,Overgrowth; Tall stature,OMIM:277590; ORPHA:3447
FAM20A,True,2,1,Overgrowth; Tall stature,OMIM:204690
FARSB,True,2,1,Slender build; Tall stature,OMIM:613658
FBLN5,True,2,1,Overgrowth; Tall stature,OMIM:219100
FBN1,True,2,5,Disproportionate tall stature; Tall stature,OMIM:129600; OMIM:154700; OMIM:604308; OMIM:616914; ORPHA:91387
FKBP14,True,2,1,Disproportionate tall stature; Tall stature,ORPHA:300179
GPR101,True,2,1,Overgrowth; Tall stature,OMIM:300942
GRIA3,True,2,2,Slender build; Tall stature,OMIM:300699; ORPHA:364028
H3-3B,True,2,1,Overgrowth; Tall stature,OMIM:619721
HECTD4,True,2,1,Overgrowth; Tall stature,OMIM:620250
HNRNPK,True,2,2,Overgrowth; Tall stature,ORPHA:352665; ORPHA:453504
HPGD,True,2,1,Disproportionate tall stature; Tall stature,OMIM:259100
HRAS,True,2,2,Overgrowth; Tall stature,OMIM:163200; OMIM:218040
HSPG2,True,2,1,Overgrowth; Tall stature,OMIM:224410
IGF2,True,2,1,Overgrowth; Tall stature,OMIM:130650
KBTBD13,True,2,1,Slender build; Tall stature,ORPHA:171439
KCNQ1,True,2,1,Overgrowth; Tall stature,OMIM:130650
KCNQ1OT1,True,2,1,Overgrowth; Tall stature,OMIM:130650
KDM2B,True,2,1,Overgrowth; Tall stature,OMIM:621474
KLHL41,True,2,1,Slender build; Tall stature,ORPHA:171439
KMT2C,True,2,1,Overgrowth; Tall stature,ORPHA:261652
KRAS,True,2,1,Overgrowth; Tall stature,OMIM:163200
LARS2,True,2,1,Disproportionate tall stature; Tall stature,OMIM:615300
LETM1,True,2,1,Disproportionate tall stature; Tall stature,ORPHA:280
LOX,True,2,2,Disproportionate tall stature; Tall stature,OMIM:617168; ORPHA:91387
MAN2B1,True,2,1,Disproportionate tall stature; Tall stature,ORPHA:309282
MEG3,True,2,2,Overgrowth; Tall stature,ORPHA:254534; ORPHA:96334
MEN1,True,2,2,Proportionate tall stature; Tall stature,ORPHA:652; ORPHA:99725
MFAP5,True,2,2,Disproportionate tall stature; Tall stature,OMIM:616166; ORPHA:91387
MTM1,True,2,1,Birth length greater than 97th percentile; Tall stature,OMIM:310400
MYPN,True,2,1,Slender build; Tall stature,ORPHA:171439
NEB,True,2,3,Slender build; Tall stature,OMIM:256030; ORPHA:171439; ORPHA:399103
NELFA,True,2,1,Disproportionate tall stature; Tall stature,ORPHA:280
NFIX,True,2,3,Overgrowth; Tall stature,OMIM:602535; OMIM:614753; ORPHA:420179
NKAP,True,2,1,Disproportionate tall stature; Tall stature,OMIM:301039
NONO,True,2,2,Slender build; Tall stature,OMIM:300967; ORPHA:466791
NRAS,True,2,1,Overgrowth; Tall stature,OMIM:163200
NSD1,True,2,3,Overgrowth; Tall stature,OMIM:117550; ORPHA:3447; ORPHA:821
NSD2,True,2,1,Disproportionate tall stature; Tall stature,ORPHA:280
NSDHL,True,2,2,Slender build; Tall stature,OMIM:300831; ORPHA:251383
PDGFRB,True,2,1,Overgrowth; Tall stature,OMIM:616592
PIGG,True,2,1,Disproportionate tall stature; Tall stature,ORPHA:280
PIK3CA,True,2,6,Overgrowth; Tall stature,OMIM:602501; OMIM:612918; ORPHA:168984; ORPHA:276280; ORPHA:314662
PIK3R2,True,2,1,Overgrowth; Tall stature,OMIM:603387
PLOD1,True,2,2,Disproportionate tall stature; Tall stature,OMIM:225400; ORPHA:1900
POLG,True,2,2,Slender build; Tall stature,OMIM:603041; OMIM:613662
POLR3A,True,2,1,Slender build; Tall stature,ORPHA:3455
POR,True,2,1,Disproportionate tall stature; Tall stature,ORPHA:95699
PTBP1,True,2,1,Disproportionate tall stature; Tall stature,OMIM:621495
PTEN,True,2,2,Overgrowth; Tall stature,OMIM:605309; ORPHA:109
RET,True,2,1,Disproportionate tall stature; Tall stature,OMIM:162300
RNF135,True,2,1,Overgrowth; Tall stature,ORPHA:137634
RNU2-2,True,2,1,Slender build; Tall stature,OMIM:621304
RTL1,True,2,2,Overgrowth; Tall stature,ORPHA:254534; ORPHA:96334
SARS1,True,2,1,Slender build; Tall stature,OMIM:617709
SETD2,True,2,3,Overgrowth; Tall stature,OMIM:616831; OMIM:620155; OMIM:620157
SMAD2,True,2,3,Disproportionate tall stature; Tall stature,OMIM:619656; ORPHA:60030; ORPHA:91387
SMAD3,True,2,4,Disproportionate tall stature; Tall stature,OMIM:613795; ORPHA:284984; ORPHA:60030; ORPHA:91387
SMS,True,2,2,Disproportionate tall stature; Tall stature,OMIM:309583; ORPHA:3063
SOST,True,2,2,Overgrowth; Tall stature,OMIM:269500; ORPHA:3152
SPIN4,True,2,1,Overgrowth; Tall stature,OMIM:301114
STRADA,True,2,1,Slender build; Tall stature,OMIM:611087
TGFB1,True,2,2,Slender build; Tall stature,OMIM:131300; ORPHA:1328
TGFB2,True,2,4,Disproportionate tall stature; Tall stature,OMIM:606631; OMIM:614816; ORPHA:60030; ORPHA:91387
TGFB3,True,2,3,Overgrowth; Tall stature,OMIM:615582; ORPHA:60030; ORPHA:91387
TGFBR1,True,2,3,Disproportionate tall stature; Tall stature,OMIM:609192; ORPHA:60030; ORPHA:91387
TGFBR2,True,2,3,Disproportionate tall stature; Tall stature,OMIM:610168; ORPHA:60030; ORPHA:91387
THSD4,True,2,2,Disproportionate tall stature; Tall stature,OMIM:619825; ORPHA:91387
TIMM50,True,2,1,Slender build; Tall stature,ORPHA:505216
TNNT1,True,2,1,Slender build; Tall stature,OMIM:620389
TPM2,True,2,1,Slender build; Tall stature,ORPHA:171439
TPM3,True,2,1,Slender build; Tall stature,ORPHA:171439
TUBB4A,True,2,1,Slender build; Tall stature,OMIM:128101
TYMP,True,2,1,Slender build; Tall stature,OMIM:603041
WRN,True,2,1,Slender build; Tall stature,ORPHA:902
ZDHHC9,True,2,2,Disproportionate tall stature; Tall stature,OMIM:300799; ORPHA:776
ZNF469,True,2,1,Disproportionate tall stature; Tall stature,OMIM:229200
ABAT,True,1,2,Tall stature,OMIM:613163; ORPHA:2066
ACTA2,True,1,1,Tall stature,ORPHA:91387
AGGF1,True,1,1,Tall stature,ORPHA:90308
AGPAT2,True,1,1,Tall stature,OMIM:608594
AMOTL1,True,1,1,Tall stature,OMIM:621192
APC2,True,1,1,Tall stature,ORPHA:821
AR,True,1,1,Tall stature,ORPHA:99429
BSCL2,True,1,1,Tall stature,OMIM:269700
C1R,True,1,1,Tall stature,OMIM:130080
CCND1,True,1,1,Tall stature,ORPHA:29073
CHD8,True,1,1,Tall stature,OMIM:615032
CRNKL1,True,1,1,Tall stature,OMIM:621436
DIS3L2,True,1,1,Tall stature,ORPHA:2849
EFEMP1,True,1,1,Tall stature,OMIM:620780
ELN,True,1,1,Tall stature,ORPHA:91387
FBXO11,True,1,1,Tall stature,OMIM:618089
FGF3,True,1,1,Tall stature,ORPHA:90024
FGFR3,True,1,1,Tall stature,OMIM:610474
FOXE3,True,1,1,Tall stature,ORPHA:91387
GLI3,True,1,1,Tall stature,ORPHA:36
GPC4,True,1,1,Tall stature,ORPHA:373
HEY2,True,1,1,Tall stature,ORPHA:91387
IPO8,True,1,1,Tall stature,ORPHA:60030
KIF7,True,1,1,Tall stature,ORPHA:36
KLHL20,True,1,1,Tall stature,OMIM:621390
LHCGR,True,1,1,Tall stature,ORPHA:3000
LRP4,True,1,1,Tall stature,ORPHA:3152
LRRC7,True,1,1,Tall stature,OMIM:621415
MAT2A,True,1,1,Tall stature,ORPHA:91387
MC2R,True,1,2,Tall stature,OMIM:202200; ORPHA:361
MC4R,True,1,1,Tall stature,OMIM:618406
MEGF8,True,1,1,Tall stature,ORPHA:65759
MRAP,True,1,1,Tall stature,ORPHA:361
MSL2,True,1,1,Tall stature,OMIM:620985
MYH11,True,1,1,Tall stature,ORPHA:91387
MYLK,True,1,1,Tall stature,ORPHA:91387
NNT,True,1,1,Tall stature,ORPHA:361
NPR2,True,1,1,Tall stature,OMIM:615923
NPR3,True,1,1,Tall stature,OMIM:619543
PAFAH1B1,True,1,1,Tall stature,ORPHA:217385
PDE11A,True,1,1,Tall stature,ORPHA:1359
PIGL,True,1,1,Tall stature,ORPHA:3474
PRKAR1A,True,1,1,Tall stature,ORPHA:1359
PRKG1,True,1,1,Tall stature,ORPHA:91387
PTCH1,True,1,1,Tall stature,ORPHA:77301
PYROXD1,True,1,1,Tall stature,OMIM:617258
RAB23,True,1,1,Tall stature,ORPHA:65759
RERE,True,1,1,Tall stature,OMIM:616975
SHANK3,True,1,1,Tall stature,OMIM:606232
SLC6A8,True,1,1,Tall stature,OMIM:300352
SMAD4,True,1,1,Tall stature,ORPHA:91387
SPTAN1,True,1,1,Tall stature,OMIM:620528
SRRM2,True,1,1,Tall stature,OMIM:620439
SRY,True,1,2,Tall stature,OMIM:400044; OMIM:400045
STAR,True,1,1,Tall stature,ORPHA:361
SUFU,True,1,1,Tall stature,OMIM:617757
TAF4,True,1,1,Tall stature,OMIM:620450
TCF20,True,1,1,Tall stature,OMIM:618430
TRIM32,True,1,1,Tall stature,ORPHA:1878
TXNRD2,True,1,1,Tall stature,ORPHA:361
UNC13A,True,1,1,Tall stature,OMIM:621457
YWHAE,True,1,1,Tall stature,ORPHA:217385
AGO1,False,1,1,Mild short stature,OMIM:620292
CAMK2G,False,1,1,Mild short stature,OMIM:618522
CANT1,False,1,1,Mild short stature,OMIM:617719
CHST11,False,1,1,Mild short stature,OMIM:618167
COL10A1,False,1,1,Mild short stature,OMIM:156500
COL1A1,False,1,1,Mild short stature,OMIM:130060
COL9A2,False,1,1,Mild short stature,OMIM:600204
COL9A3,False,1,1,Mild short stature,OMIM:600969
COMP,False,1,1,Mild short stature,OMIM:132400
CTNNB1,False,1,1,Mild short stature,ORPHA:952
DOCK3,False,1,1,Mild short stature,OMIM:618292
EVC,False,1,2,Mild short stature,OMIM:193530; ORPHA:952
EVC2,False,1,2,Mild short stature,OMIM:193530; ORPHA:952
FGD1,False,1,1,Mild short stature,OMIM:305400
IDS,False,1,1,Mild short stature,OMIM:309900
LBR,False,1,2,Mild short stature,OMIM:169400; OMIM:618019
MATN3,False,1,1,Mild short stature,ORPHA:93311
PCGF2,False,1,1,Mild short stature,OMIM:618371
PDE4D,False,1,1,Mild short stature,OMIM:614613
RTTN,False,1,1,Mild short stature,OMIM:614833
SMARCA2,False,1,1,Mild short stature,OMIM:601358
ZMYM3,False,1,1,Mild short stature,OMIM:301111
