gene	in_kosmicki207	n_probes	d1_detected	d1_cells	d2_detected	d2_cells	d1_RZ	d1_PZ	d1_PHZ	d1_HZ	d1_PC	d1_max_zone	verdict
ABCB1	1	2	1	1	0	0	73	110	141	387	1080	PC	PRESENT_D1
AC004922.1	1	0	0	0	0	0							NOT_ON_PLATFORM
AC073896.1	1	0	0	0	0	0							NOT_ON_PLATFORM
AC127029.3	1	0	0	0	0	0							NOT_ON_PLATFORM
ACAN	1	4	1	15	1	15	14475	58953	57822	58629	9671	PZ	PRESENT_BOTH
ADAMTS10	1	2	1	3	1	5	1209	160	467	724	828	RZ	PRESENT_BOTH
ADAMTS17	1	3	1	2	1	8	312	539	735	439	1850	PC	PRESENT_BOTH
ADAMTS3	1	1	1	1	1	1	113	104	696	263	252	PHZ	PRESENT_BOTH
ADAMTS6	1	3	1	8	1	4	785	2243	1498	3710	1103	HZ	PRESENT_BOTH
ADAMTSL2	1	1	0	0	1	1	94	67	28	21	61		PRESENT_D2_ONLY
ADAMTSL4	1	2	1	1	1	1	787	423	249	575	555		PRESENT_BOTH
ADCY6	1	1	1	4	1	5	3083	2661	855	415	1228	RZ	PRESENT_BOTH
AEBP1	1	1	1	5	1	5	12797	6136	4802	3990	15394	PC	PRESENT_BOTH
AMD1	1	2	1	5	1	8	642	959	1333	1012	769	PHZ	PRESENT_BOTH
ANAPC1	1	0	0	0	0	0							NOT_ON_PLATFORM
ANGPTL2	1	3	1	13	1	14	8246	81202	59670	37974	13150	PZ	PRESENT_BOTH
ANKRD11	1	6	1	10	1	19	886	1143	1442	2722	1250	HZ	PRESENT_BOTH
ANTXR1	1	6	1	7	1	13	4585	10207	8098	5862	10853	PC	PRESENT_BOTH
APOB	1	2	0	0	0	0	181	72	127	347	417		not_detected
ARPC1B	1	1	1	4	1	5	2495	618	1266	1230	1910	RZ	PRESENT_BOTH
ASH1L	1	3	1	2	1	12	626	4288	288	585	206	PZ	PRESENT_BOTH
ASPN	1	2	1	2	1	2	1246	401	66	169	6379	PC	PRESENT_BOTH
B3GNT8	1	1	0	0	0	0	118	57	144	53	266		not_detected
B4GALNT3	1	3	1	5	1	5	2608	9702	6263	2474	933	PZ	PRESENT_BOTH
BMP6	1	3	1	1	1	5	585	201	430	1262	735	HZ	PRESENT_BOTH
C2CD4A	1	1	0	0	0	0	72	146	225	20	89		not_detected
CCAR1	1	3	0	0	1	6	309	468	533	514	52		PRESENT_D2_ONLY
CCDC3	1	1	1	2	1	5	24784	51	168	591	26557	PC	PRESENT_BOTH
CDC23	1	2	1	1	1	4	467	986	445	240	510	PZ	PRESENT_BOTH
CDK6	1	7	1	4	1	7	201	3432	660	964	293	PZ	PRESENT_BOTH
CHAD	1	1	1	5	1	5	1605	3797	4322	5159	1212	HZ	PRESENT_BOTH
CHD8	1	1	0	0	1	5	65	210	131	610	356		PRESENT_D2_ONLY
CLEC11A	1	3	1	15	1	15	18594	86840	58272	51227	12282	PZ	PRESENT_BOTH
CLEC3A	1	1	1	3	1	4	453	614	3450	7641	1222	HZ	PRESENT_BOTH
CNNM3	1	1	0	0	1	4	740	402	508	656	666		PRESENT_D2_ONLY
CNPY2	1	4	1	15	1	18	6046	19267	27434	14561	2770	PHZ	PRESENT_BOTH
COL16A1	1	1	1	5	1	5	13680	71547	39074	12752	27260	PZ	PRESENT_BOTH
COL1A1	1	5	1	17	1	20	80236	49078	40523	51560	62203	RZ	PRESENT_BOTH
COL1A2	1	3	1	12	1	15	15504	4197	7057	10688	44542	PC	PRESENT_BOTH
COL27A1	1	5	1	15	1	15	9651	82178	62630	58318	16896	PZ	PRESENT_BOTH
COL8A1	1	3	1	2	1	5	295	54	91	1670	1935	PC	PRESENT_BOTH
COL8A2	1	2	1	9	1	10	1022	1709	7731	3296	1972	PHZ	PRESENT_BOTH
COLGALT2	1	2	1	6	1	5	7399	27802	22436	21662	5432	PZ	PRESENT_BOTH
CPD	1	5	0	0	1	11	380	358	216	338	712		PRESENT_D2_ONLY
CPT1A	1	4	1	4	1	6	110	10	269	913	2744	PC	PRESENT_BOTH
CPZ	1	0	0	0	0	0							NOT_ON_PLATFORM
CRISPLD1	1	1	1	5	1	5	2015	8223	6281	8837	4763	HZ	PRESENT_BOTH
CRISPLD2	1	2	1	5	1	5	16916	57145	49992	41721	12494	PZ	PRESENT_BOTH
CSAD	1	3	1	5	1	5	1231	1988	4602	2901	1366	PHZ	PRESENT_BOTH
CTU2	1	4	1	1	1	7	555	126	1123	698	50	PHZ	PRESENT_BOTH
CYP26B1	1	2	0	0	1	5	600	37	72	42	498		PRESENT_D2_ONLY
DAAM2	1	1	1	5	1	5	3112	4439	1299	5775	5400	HZ	PRESENT_BOTH
DAP	1	1	1	5	1	5	994	7676	6979	4043	2918	PZ	PRESENT_BOTH
DDR2	1	4	1	9	1	16	1744	2536	3579	3809	3472	HZ	PRESENT_BOTH
DISP1	1	1	1	4	1	5	554	1853	3704	7603	1952	HZ	PRESENT_BOTH
DLK1	1	2	1	1	0	0	400	123	450	946	319	HZ	PRESENT_D1
DPP9	1	3	1	5	1	10	591	86	1529	991	995	PHZ	PRESENT_BOTH
DTL	1	2	0	0	1	4	414	13	322	451	214		PRESENT_D2_ONLY
DUSP16	1	4	0	0	1	3	350	348	360	228	137		PRESENT_D2_ONLY
E4F1	1	1	1	5	1	5	1510	1514	1810	1358	1056	PHZ	PRESENT_BOTH
ERF	1	2	0	0	1	1	32	613	59	382	355		PRESENT_D2_ONLY
ESR1	1	9	1	4	1	6	1436	2273	1423	659	1586	PZ	PRESENT_BOTH
EXT1	1	3	1	4	1	6	1712	27	1657	558	1424	RZ	PRESENT_BOTH
EXTL3	1	2	1	4	1	5	1245	1264	898	1043	117	PZ	PRESENT_BOTH
FAM111A	1	2	1	4	1	5	1774	1873	550	819	2571	PC	PRESENT_BOTH
FASN	1	2	1	5	1	6	1053	5366	3131	3042	834	PZ	PRESENT_BOTH
FBLN5	1	1	0	0	0	0	54	53	41	33	49		not_detected
FBN1	1	3	1	1	1	5	677	332	154	477	1607	PC	PRESENT_BOTH
FBN2	1	3	0	0	0	0	329	207	309	699	441		not_detected
FBXL12	1	2	1	5	1	5	1018	1352	1214	3797	1252	HZ	PRESENT_BOTH
FBXO17	1	1	1	3	1	5	35	21	1839	2160	1025	HZ	PRESENT_BOTH
FBXW8	1	1	0	0	0	0	23	214	120	35	26		not_detected
FER	1	3	1	4	1	5	1344	1820	216	948	1921	PC	PRESENT_BOTH
FGD1	1	1	1	5	1	5	1673	1934	3053	1329	978	PHZ	PRESENT_BOTH
FGF2	1	2	0	0	0	0	196	322	305	143	298		not_detected
FGFR3	1	2	1	5	1	5	5910	52376	50210	54361	11997	HZ	PRESENT_BOTH
FIBIN	1	2	1	6	1	7	2048	6200	6876	3701	1651	PHZ	PRESENT_BOTH
FLNB	1	2	1	8	1	10	4635	1159	2435	2210	4937	PC	PRESENT_BOTH
FRYL	1	6	1	3	1	9	903	194	449	2155	1219	HZ	PRESENT_BOTH
FUT10	1	3	0	0	1	7	682	534	557	624	696		PRESENT_D2_ONLY
GCGR	1	1	0	0	0	0	84	106	97	170	271		not_detected
GH1	1	4	0	0	0	0	217	84	329	234	191		not_detected
GHR	1	1	1	2	1	4	229	2055	707	437	437	PZ	PRESENT_BOTH
GHRH	1	1	0	0	0	0	361	298	303	243	588		not_detected
GHSR	1	3	0	0	0	0	410	36	267	187	327		not_detected
GLI3	1	3	1	7	1	10	1670	714	2578	2061	1938	PHZ	PRESENT_BOTH
GLS	1	8	1	11	1	20	3181	2601	5366	8249	7927	HZ	PRESENT_BOTH
GNAS	1	12	1	32	1	34	12047	20153	27045	21128	14363	PHZ	PRESENT_BOTH
GRAMD2A	1	0	0	0	0	0							NOT_ON_PLATFORM
GYG1	1	2	1	5	1	10	2185	2749	634	1067	2828	PC	PRESENT_BOTH
HAPLN3	1	1	1	4	1	5	1819	4746	1249	636	1649	PZ	PRESENT_BOTH
HDAC6	1	3	1	5	1	5	1457	2655	2461	1792	2245	PZ	PRESENT_BOTH
HECTD1	1	6	1	5	1	9	911	1497	1495	4932	1651	HZ	PRESENT_BOTH
HERC1	1	3	1	5	1	5	3245	2750	1546	1620	4035	PC	PRESENT_BOTH
HHIPL1	1	1	0	0	0	0	286	229	489	365	275		not_detected
HLTF	1	1	0	0	1	5	526	288	293	511	681		PRESENT_D2_ONLY
HMCN1	1	1	0	0	0	0	228	20	4	9	60		not_detected
HMG20B	1	3	1	1	1	7	572	1756	641	250	658	PZ	PRESENT_BOTH
HMGA2	1	9	1	1	0	0	469	234	191	301	493		PRESENT_D1
HSD11B2	1	1	0	0	1	2	59	179	83	71	273		PRESENT_D2_ONLY
HTRA1	1	1	1	5	1	5	18765	20609	19764	11607	21062	PC	PRESENT_BOTH
IGF1	1	5	0	0	1	11	472	71	594	543	448		PRESENT_D2_ONLY
IGF1R	1	5	1	6	1	7	1250	2126	806	1686	1693	PZ	PRESENT_BOTH
IGF2BP2	1	2	1	3	1	4	613	821	812	520	929	PC	PRESENT_BOTH
IGFALS	1	1	0	0	0	0	218	149	232	436	113		not_detected
IHH	1	2	1	4	1	6	203	141	9262	20856	37	HZ	PRESENT_BOTH
IQCC	1	1	0	0	1	1	326	299	221	660	538		PRESENT_D2_ONLY
IRS1	1	3	1	4	1	7	364	2384	2746	1124	573	PHZ	PRESENT_BOTH
IRS4	1	1	0	0	0	0	425	350	323	301	587		not_detected
JAK2	1	3	1	1	1	3	252	48	37	758	53	HZ	PRESENT_BOTH
KAT2B	1	1	0	0	1	1	44	67	388	50	162		PRESENT_D2_ONLY
KIF7	1	1	0	0	1	5	92	195	134	399	543		PRESENT_D2_ONLY
KMT2B	1	2	1	3	1	5	1245	337	1258	1306	709	HZ	PRESENT_BOTH
LATS2	1	4	1	6	1	7	3221	9832	7904	2601	2995	PZ	PRESENT_BOTH
LCORL	1	3	1	1	1	4	28	29	783	78	136	PHZ	PRESENT_BOTH
LGR5	1	2	0	0	0	0	104	48	79	611	115		not_detected
LOXL2	1	4	1	5	1	5	4006	34135	33037	27340	7883	PZ	PRESENT_BOTH
LOXL3	1	1	1	3	1	5	481	10535	5843	5666	810	PZ	PRESENT_BOTH
LPP	1	8	1	12	1	19	9577	11577	14956	9514	13452	PHZ	PRESENT_BOTH
LRP5	1	2	0	0	1	1	487	199	205	246	63		PRESENT_D2_ONLY
LRRC8A	1	2	1	5	1	5	4973	2040	3515	2719	5924	PC	PRESENT_BOTH
LTBP1	1	2	1	5	1	5	4685	5122	1011	4176	8208	PC	PRESENT_BOTH
LTBP2	1	2	1	4	1	10	1358	327	669	429	2903	PC	PRESENT_BOTH
LTBP3	1	3	1	10	1	10	5351	6786	3885	772	3107	PZ	PRESENT_BOTH
MAPKAPK2	1	3	1	4	1	5	1695	1463	894	803	254	RZ	PRESENT_BOTH
MC3R	1	1	0	0	0	0	339	77	107	121	297		not_detected
MKRN3	1	1	0	0	0	0	59	92	56	353	286		not_detected
MTMR11	1	2	1	6	1	9	1308	2453	488	282	2093	PZ	PRESENT_BOTH
MTOR	1	2	1	2	1	4	597	802	769	330	265	PZ	PRESENT_BOTH
MYO1D	1	2	0	0	1	5	128	14	16	52	801		PRESENT_D2_ONLY
NF1	1	1	0	0	0	0	157	23	230	159	282		not_detected
NIM1K	1	1	1	2	1	3	182	386	1338	771	335	PHZ	PRESENT_BOTH
NOG	1	1	1	1	1	4	365	411	464	1412	107	HZ	PRESENT_BOTH
NOSTRIN	1	1	0	0	1	4	465	336	304	170	62		PRESENT_D2_ONLY
NOX4	1	2	0	0	0	0	32	95	206	271	125		not_detected
NPR2	1	2	1	5	1	10	274	1084	1262	741	356	PHZ	PRESENT_BOTH
NPR3	1	3	1	1	1	2	708	36	442	979	352	HZ	PRESENT_BOTH
NRK	1	2	1	5	1	5	1050	8062	9980	9289	3556	PHZ	PRESENT_BOTH
PAM	1	3	1	14	1	15	12997	13894	15339	18578	19369	PC	PRESENT_BOTH
PAPPA	1	11	1	1	1	12	524	140	639	652	816		PRESENT_BOTH
PAPPA2	1	4	1	7	1	7	862	922	957	1389	1060	HZ	PRESENT_BOTH
PCGF5	1	5	1	4	1	10	1171	584	964	781	1041	RZ	PRESENT_BOTH
PCNA	1	1	1	2	1	5	38	1523	1363	348	609	PZ	PRESENT_BOTH
PDE3B	1	3	1	1	0	0	393	364	794	404	501	PHZ	PRESENT_D1
PDE5A	1	6	0	0	1	2	594	273	293	503	469		PRESENT_D2_ONLY
PHC3	1	5	1	6	1	5	1363	2013	1397	1007	2796	PC	PRESENT_BOTH
PIEZO1	1	3	1	6	1	7	8986	7893	20594	24442	6738	HZ	PRESENT_BOTH
PITX1	1	2	0	0	0	0	351	114	106	422	262		not_detected
PKD1	1	0	0	0	0	0							NOT_ON_PLATFORM
PLOD1	1	1	1	5	1	5	7570	25247	19201	11309	2970	PZ	PRESENT_BOTH
PLOD2	1	2	1	8	1	9	4445	41533	29879	24974	4486	PZ	PRESENT_BOTH
PLPP1	1	0	0	0	0	0							NOT_ON_PLATFORM
PLVAP	1	1	1	1	1	5	1216	167	185	161	760	RZ	PRESENT_BOTH
POR	1	1	0	0	1	5	786	651	480	36	187		PRESENT_D2_ONLY
PREPL	1	4	1	4	1	9	1303	2421	1145	513	2647	PC	PRESENT_BOTH
PRKG2	1	1	1	2	1	3	375	348	672	1058	391	HZ	PRESENT_BOTH
PTCH1	1	4	1	8	1	11	570	7242	2566	2301	995	PZ	PRESENT_BOTH
PTH1R	1	1	1	5	1	5	2965	24470	38304	49326	2340	HZ	PRESENT_BOTH
PTPN11	1	6	1	5	1	5	939	1578	2249	485	1162	PHZ	PRESENT_BOTH
PTPN9	1	3	1	3	1	5	1229	515	715	1469	698	HZ	PRESENT_BOTH
PTPRJ	1	3	1	2	1	5	1202	145	121	1482	530	HZ	PRESENT_BOTH
RFC1	1	2	1	4	1	10	341	1402	857	539	718	PZ	PRESENT_BOTH
RNF187	1	5	1	6	1	5	3076	2357	1583	2941	3308	PC	PRESENT_BOTH
RPL5	1	0	0	0	0	0							NOT_ON_PLATFORM
RTL1	1	0	0	0	0	0							NOT_ON_PLATFORM
SAMD4A	1	4	1	6	1	8	2230	703	2847	4727	3269	HZ	PRESENT_BOTH
SAMHD1	1	6	1	5	1	15	1490	19	92	478	1346	RZ	PRESENT_BOTH
SCMH1	1	1	1	4	1	5	1356	677	719	845	1215	RZ	PRESENT_BOTH
SCUBE3	1	4	1	6	1	8	4338	5163	1969	1765	5657	PC	PRESENT_BOTH
SERPINH1	1	1	1	5	1	5	3173	16751	11123	5899	1185	PZ	PRESENT_BOTH
SHANK1	1	1	0	0	0	0	195	82	91	228	272		not_detected
SHOX	1	1	1	3	1	4	632	1305	998	1968	804	HZ	PRESENT_BOTH
SIX6	1	1	0	0	0	0	281	223	204	112	65		not_detected
SLC13A1	1	2	0	0	0	0	216	69	168	104	94		not_detected
SLC22A5	1	2	1	3	1	5	733	576	2488	1197	1231	PHZ	PRESENT_BOTH
SLC27A3	1	1	1	5	1	5	3809	1739	2631	1647	2956	RZ	PRESENT_BOTH
SMG7	1	4	1	8	1	6	6449	979	4040	2381	1569	RZ	PRESENT_BOTH
SMOC1	1	2	1	2	1	7	2618	244	109	638	6245	PC	PRESENT_BOTH
SMOX	1	3	1	5	1	5	1606	2148	1335	751	1449	PZ	PRESENT_BOTH
SMURF2	1	3	1	1	1	9	674	95	424	657	1566	PC	PRESENT_BOTH
SNED1	1	4	1	4	1	9	2589	4958	2665	656	2334	PZ	PRESENT_BOTH
SPSB3	1	2	1	10	1	10	18800	31067	13680	13999	12565	PZ	PRESENT_BOTH
SREK1	1	6	1	5	1	6	760	721	966	1119	1224	PC	PRESENT_BOTH
STC2	1	2	1	6	1	8	580	826	3705	13524	1026	HZ	PRESENT_BOTH
TET1	1	1	1	1	1	1	693	245	363	753	531	HZ	PRESENT_BOTH
TGFB3	1	2	1	3	1	5	1610	1375	330	482	1582	RZ	PRESENT_BOTH
THBS3	1	1	1	5	1	5	9617	59488	46480	18505	7926	PZ	PRESENT_BOTH
TLK1	1	7	1	2	1	4	605	997	731	527	338	PZ	PRESENT_BOTH
TRIM68	1	1	1	1	1	5	884	512	331	521	337	RZ	PRESENT_BOTH
TRPC4AP	1	1	1	3	1	4	535	1304	783	988	771	PZ	PRESENT_BOTH
TRPM7	1	5	0	0	1	9	204	310	536	408	775		PRESENT_D2_ONLY
TRPS1	1	4	1	13	1	13	1627	2069	4472	3005	2111	PHZ	PRESENT_BOTH
TTN	1	5	0	0	1	2	278	439	352	251	625		PRESENT_D2_ONLY
TXLNA	1	2	1	3	1	4	989	252	592	1385	1408	PC	PRESENT_BOTH
UGGT2	1	7	1	4	1	6	370	2642	1201	1223	93	PZ	PRESENT_BOTH
UHRF1	1	1	0	0	1	1	95	240	124	442	175		PRESENT_D2_ONLY
UHRF2	1	1	1	5	1	5	2415	3382	3363	1758	2719	PZ	PRESENT_BOTH
VASN	1	1	1	5	1	5	1579	5062	1842	2194	1256	PZ	PRESENT_BOTH
WDR6	1	2	1	5	1	5	2635	3335	2128	2253	6559	PC	PRESENT_BOTH
WDR76	1	2	0	0	0	0	263	44	43	391	281		not_detected
WLS	1	3	1	7	1	15	765	41	1840	2682	1191	HZ	PRESENT_BOTH
XRN2	1	2	0	0	1	3	101	225	406	486	413		PRESENT_D2_ONLY
XYLT1	1	2	1	5	1	5	2816	16149	12680	7718	2636	PZ	PRESENT_BOTH
ZFAT	1	1	1	1	1	2	482	1656	264	657	85	PZ	PRESENT_BOTH
ZNF366	1	1	0	0	0	0	116	105	120	133	180		not_detected
ZNF518A	1	3	1	1	1	3	601	325	450	901	513	HZ	PRESENT_BOTH
ZNFX1	1	1	1	5	1	5	3393	1685	806	724	1222	RZ	PRESENT_BOTH
TNKS	0	4	1	1	1	5	508	331	428	748	735	HZ	PRESENT_BOTH
TNKS2	0	4	1	5	1	5	1168	854	1388	968	1140	PHZ	PRESENT_BOTH
AXIN1	0	1	1	1	1	5	492	629	1338	684	568	PHZ	PRESENT_BOTH
AXIN2	0	4	1	2	1	6	741	276	322	4322	2054	HZ	PRESENT_BOTH
CTNNB1	0	3	1	5	1	10	1671	9208	1378	1209	1599	PZ	PRESENT_BOTH
CREBBP	0	4	1	7	1	10	870	941	1331	1550	994	HZ	PRESENT_BOTH
EP300	0	2	0	0	1	4	589	636	352	521	631		PRESENT_D2_ONLY
PORCN	0	1	1	2	1	5	820	2851	533	474	468	PZ	PRESENT_BOTH
CSNK1A1	0	13	1	13	1	20	2348	4178	1591	4465	3755	HZ	PRESENT_BOTH
TGFB1	0	2	1	1	1	5	977	157	560	484	187	RZ	PRESENT_BOTH
TGFB2	0	5	1	5	1	6	909	1799	1641	807	705	PZ	PRESENT_BOTH
SMAD2	0	6	1	9	1	19	1948	758	1358	1103	289	RZ	PRESENT_BOTH
SMAD4	0	5	1	6	1	12	2199	2888	1926	1111	2739	PZ	PRESENT_BOTH
SMAD7	0	1	0	0	1	5	497	9	23	283	426		PRESENT_D2_ONLY
LOX	0	3	1	4	1	9	44	1112	906	2396	538	HZ	PRESENT_BOTH
LOXL1	0	1	1	1	1	5	950	64	25	110	765	RZ	PRESENT_BOTH
LOXL4	0	2	1	5	1	5	1065	1109	5733	21618	957	HZ	PRESENT_BOTH
PLOD3	0	1	1	5	1	5	2871	10274	5073	5350	2238	PZ	PRESENT_BOTH
P4HA1	0	2	1	5	1	5	981	17346	5980	2225	1074	PZ	PRESENT_BOTH
P4HB	0	3	1	11	1	12	19175	59234	57137	57712	6986	PZ	PRESENT_BOTH
SAT1	0	3	1	10	1	11	11466	12731	12816	15704	15124	HZ	PRESENT_BOTH
OAZ1	0	2	1	10	1	10	43223	55413	42609	46235	20132	PZ	PRESENT_BOTH
AZIN1	0	2	1	3	1	7	606	1100	2294	602	890	PHZ	PRESENT_BOTH
SMS	0	1	1	3	1	5	1789	1702	315	1141	624	RZ	PRESENT_BOTH
ODC1	0	1	1	4	1	5	1753	46	3851	5606	1684	HZ	PRESENT_BOTH
SRM	0	1	1	5	1	5	1115	2319	4449	3352	1700	PHZ	PRESENT_BOTH
HHIP	0	4	1	3	1	8	400	1301	541	128	217	PZ	PRESENT_BOTH
SMO	0	1	1	4	1	5	1211	686	826	1136	1529	PC	PRESENT_BOTH
GLI1	0	1	1	5	1	5	2392	4830	2367	1873	2288	PZ	PRESENT_BOTH
GLI2	0	3	1	5	1	9	2203	1746	877	958	4179	PC	PRESENT_BOTH
SUFU	0	4	1	3	1	5	1010	2082	219	141	1459	PZ	PRESENT_BOTH
TET2	0	3	0	0	1	3	92	332	356	462	488		PRESENT_D2_ONLY
TET3	0	3	0	0	1	2	411	235	296	332	567		PRESENT_D2_ONLY
DNMT1	0	1	1	5	1	5	978	4722	1102	2419	1700	PZ	PRESENT_BOTH
DNMT3A	0	3	1	4	1	10	1539	1857	1183	980	577	PZ	PRESENT_BOTH
KDM5A	0	5	1	5	1	13	495	4823	424	380	480	PZ	PRESENT_BOTH
KDM5B	0	5	1	10	1	14	1437	6107	364	1835	2221	PZ	PRESENT_BOTH
EZH2	0	1	1	3	1	4	180	3569	489	1073	1076	PZ	PRESENT_BOTH
HDAC4	0	3	1	5	1	10	903	1628	2038	477	1475	PHZ	PRESENT_BOTH
AKR1B1	0	1	1	5	1	5	2543	1038	3255	1700	2195	PHZ	PRESENT_BOTH
NFAT5	0	3	1	6	1	6	993	4991	3980	3058	1296	PZ	PRESENT_BOTH
SLC12A2	0	2	1	2	1	7	645	520	976	745	393	PHZ	PRESENT_BOTH
STK39	0	1	1	5	1	5	917	4574	10199	13074	2003	HZ	PRESENT_BOTH
OXSR1	0	1	1	4	1	5	1053	6527	950	1320	585	PZ	PRESENT_BOTH
CYP19A1	0	7	1	1	0	0	555	211	385	240	2035	PC	PRESENT_D1
SOCS2	0	3	0	0	1	8	615	289	149	545	396		PRESENT_D2_ONLY
STAT5B	0	5	1	6	1	12	1155	250	432	1152	1207	PC	PRESENT_BOTH
PDE3A	0	4	1	1	1	2	563	97	532	151	844	PC	PRESENT_BOTH
PDE4B	0	3	1	5	1	4	867	2092	1123	1309	2299	PC	PRESENT_BOTH
