Entry,Smile,"BAF3 FGFR3, IC50, nM","BAF3 FGFR1 IC50, nM","BAF3 FGFR2 IC50, nM","BAF3 FGFR4 IC50, nM","BAF3 VEGFR2 IC50, nM","RT112/84 IC50, nM","RT112/84-V555M IC50, nM","UMUC14 IC50, nM","UMUC14-V555M IC50, nM","RT4 IC50, nM","KG1 IC50, nM","DMS114 IC50, nM","FGFR3 WT IC50, nM","FGFR3 (K650E) IC50, nM","FGFR3 (K650M)  IC50, nM","FGFR3 (V555L) IC50, nM","FGFR3 (V555M) IC50, nM","FLT4   IC50, nM","JAK2    IC50, nM","LTK      IC50, nM","FLT1   IC50, nM","JAK3    IC50, nM","VEGFR2 IC50, nM"
6,C[C@@H](Oc1ccc2[nH]nc(c3ccc(Cl)nc3)c2c1)c4c(Cl)cncc4Cl,110,1043,451,2198,864,,,,,,,,,,,,,,,,,,
7,C[C@@H](Oc1ccc2[nH]nc(c3ccc(nc3)N4CCOCC4)c2c1)c5c(Cl)cncc5Cl,36,514,313,1234,887,,,,,,,,,,,,,,,,,,
8,C[C@@H](Oc1ccc2[nH]nc(c3ccc(nc3)N4CCN(C)CC4)c2c1)c5c(Cl)cncc5Cl,3.6,46,28,27,,,,,,,,,,,,,,,,,,,
9,C[C@@H](Oc1ccc2[nH]nc(c3ccc(nc3)N4CCN(CC4)C(=O)N5CCN(C)CC5)c2c1)c6c(Cl)cncc6Cl,6.5,113,114,148,162,,,,,,,,,,,,,,,,,,
10,C[C@@H](Oc1ccc2[nH]nc(c3ccc(nc3)N4CCN(CC4)C(=O)N(C)C)c2c1)c5c(Cl)cncc5Cl,13,290,249,307,323,,,,,,,,,,,,,,,,,,
11,C[C@@H](Oc1ccc2[nH]nc(c3ccc(nc3)N4CCN(CC4)S(=O)(=O)C)c2c1)c5c(Cl)cncc5Cl,5.8,150,104,156,198,,,,,,,,,,,,,,,,,,
12,COC(=O)N1CCN(CC1)c2ccc(cn2)c3n[nH]c4ccc(O[C@H](C)c5c(Cl)cncc5Cl)cc34,38,556,387,591,637,,,,,,,,,,,,,,,,,,
13,CCC(=O)N1CCN(CC1)c2ccc(cn2)c3n[nH]c4ccc(O[C@H](C)c5c(Cl)cncc5Cl)cc34,6,112,,,314,,,,,,,,,,,,,,,,,,
14,C[C@@H](Oc1ccc2[nH]nc(c3ccc(nc3)C4CCN(CC4)S(=O)(=O)C)c2c1)c5c(Cl)cncc5Cl,5.3,99,,,586,,,,,,,,,,,,,,,,,,
15,C[C@@H](Oc1ccc2[nH]nc(c3ccc(nc3)N4CCN(CC4=O)S(=O)(=O)C)c2c1)c5c(Cl)cncc5Cl,48,653,407,412,679,,,,,,,,,,,,,,,,,,
16,C[C@@H](Oc1ccc2[nH]nc(c3ccc(nc3)N4CC5CC(C4)N5S(=O)(=O)C)c2c1)c6c(Cl)cncc6Cl,23,338,,,,,,,,,,,,,,,,,,,,,
17,C[C@@H](Oc1ccc2[nH]nc(c3ccc(nc3)N4CCN(C5(CC5)C4)S(=O)(=O)C)c2c1)c6c(Cl)cncc6Cl,12,172,,,560,,,,,,,,,,,,,,,,,,
18,C[C@@H](Oc1ccc2[nH]nc(c3ccc(nc3)N4CC5(CCN(CC5)S(=O)(=O)C)C4)c2c1)c6c(Cl)cncc6Cl,14,212,127,147,,15,42,15,,,1569,,,,,,,,,,,,
19,C[C@@H](Oc1ccc2[nH]nc(c3ccc(nc3)N4CC5(CCCN(C5)S(=O)(=O)C)C4)c2c1)c6c(Cl)cncc6Cl,6,94,62,39,,,,,,,,,,,,,,,,,,,
20,C[C@@H](Oc1ccc2[nH]nc(c3ccc(nc3)N4CC5(CCN(C5)S(=O)(=O)C)C4)c2c1)c6c(Cl)cncc6Cl,16,401,222,177,,13,36,13,,,205,,,,,,,,,,,,
21,C[C@@H](Oc1ccc2[nH]nc(c3ccc(nc3)N4CC5(CCN5S(=O)(=O)C)C4)c2c1)c6c(Cl)cncc6Cl,18,290,131,229,,,,,,,,,,,,,,,,,,,
22,C[C@@H](Oc1ccc2[nH]nc(c3ccc(nc3)N4CC5(C4)CN(C5)S(=O)(=O)C)c2c1)c6c(Cl)cncc6Cl,11,278,157,405,,9,17,16,21,10,109,205,1.6,2.8,2.3,1.5,2,2.1,36,65,201,206,325
23,CCS(=O)(=O)N1CC2(CN(C2)c3ccc(cn3)c4n[nH]c5ccc(O[C@H](C)c6c(Cl)cncc6Cl)cc45)C1,40,390,290,529,,,,,,,,,,,,,,,,,,,
24,COC(=O)N1CC2(C1)CN(C2)c3ccc(cn3)c4n[nH]c5ccc(O[C@H](C)c6c(Cl)cncc6Cl)cc45,22,434,248,418,,,,,,,,,,,,,,,,,,,
25,C[C@@H](Oc1ccc2[nH]nc(c3ccc(nc3)N4CC5(CN(C5)C(=O)N(C)C)C4)c2c1)c6c(Cl)cncc6Cl,17,234,202,469,,,,,,,,,,,,,,,,,,,
26,CC(C)N1CC2(C1)CN(C2)c3ccc(cn3)c4n[nH]c5ccc(O[C@H](C)c6c(Cl)cncc6Cl)cc45,4.1,59,35,22,,,,,,,,,,,,,,,,,,,
27,C[C@@H](Oc1ccc2[nH]nc(c3ccc(nc3)N4CC5(C4)CS(=O)(=O)C5)c2c1)c6c(Cl)cncc6Cl,26,228,191,300,,,,,,,,,,,,,,,,,,,
28,C[C@@H](Oc1ccc2[nH]nc(c3ccc(nc3)N4CC5(CCS(=O)(=O)C5)C4)c2c1)c6c(Cl)cncc6Cl,3.2,104,111,106,,9.2,22,10,,,83,,,,,,,,,,,,
29,C[C@@H](Oc1ccc2[nH]nc(c3ccc(nc3)N4CC5(CCCS(=O)(=O)C5)C4)c2c1)c6c(Cl)cncc6Cl,2.5,61,33,17,,,,,,,,,,,,,,,,,,,
30,C[C@@H](Oc1ccc2[nH]nc(c3ccc(nc3)N4CC5(CCS(=O)(=O)CC5)C4)c2c1)c6c(Cl)cncc6Cl,11,129,132,169,,8.3,17,10,,,332,,,,,,,,,,,,
31,C[C@@H](Oc1ccc2[nH]nc(c3ccc(nc3)N4CCC5(CC4)CCS(=O)(=O)C5)c2c1)c6c(Cl)cncc6Cl,14,423,193,577,,,,,,,,,,,,,,,,,,,
32,C[C@@H](Oc1ccc2[nH]nc(c3ccc(nc3)N4CCC5(CCCO5)CC4)c2c1)c6c(Cl)cncc6Cl,97,872,503,2029,,,,,,,,,,,,,,,,,,,
33,C[C@@H](Oc1ccc2[nH]nc(c3ccc(nc3)N4CCC5(CCOC5)CC4)c2c1)c6c(Cl)cncc6Cl,48,711,360,835,,,,,,,,,,,,,,,,,,,
34,C[C@@H](Oc1ccc2[nH]nc(c3ccc(nc3)N4CCC5(CC4)CN(C)CC(=O)N5)c2c1)c6c(Cl)cncc6Cl,13,208,154,298,,,,,,,,,,,,,,,,,,,
35,C[C@@H](Oc1ccc2[nH]nc(c3cnc(nc3)N4CC5(C4)CN(C5)S(=O)(=O)C)c2c1)c6c(Cl)cncc6Cl,30,880,487,128,,,,,,,,,,,,,,,,,,,
36,C[C@@H](Oc1ccc2[nH]nc(c3ccc(nn3)N4CC5(C4)CN(C5)S(=O)(=O)C)c2c1)c6c(Cl)cncc6Cl,8.7,204,224,278,,27,,34,,,238,,,,,,,,,,,,
37,C[C@@H](Oc1ccc2[nH]nc(c3ccc(nn3)N4CC5(C4)CN(C5)S(=O)(=O)C)c2c1)c6c(Cl)cncc6Cl,16,189,97,21,,,,,,,,,,,,,,,,,,,
38,C[C@@H](Oc1cc2c(n[nH]c2cc1F)c3ccc(nc3)N4CC5(C4)CN(C5)S(=O)(=O)C)c6c(Cl)cncc6Cl,6.3,84,56,40,,,,,,,,,,,,,,,,,,,
39,C[C@@H](Oc1cc2c(n[nH]c2cc1Cl)c3ccc(nc3)N4CC5(C4)CN(C5)S(=O)(=O)C)c6c(Cl)cncc6Cl,6.2,60,35,37,,,,,,,,,,,,,,,,,,,
40,COc1cc2[nH]nc(c3ccc(nc3)N4CC5(C4)CN(C5)S(=O)(=O)C)c2cc1O[C@H](C)c6c(Cl)cncc6Cl,0.8,14,6.9,4.5,,,,,,,,,,,,,,,,,,,
41,C[C@H](Oc1ccc2[nH]nc(c3ccc(nc3)N4CC5(C4)CN(C5)S(=O)(=O)C)c2c1)c6c(Cl)cncc6Cl,133,2198,,,,,,,,,,,,,,,,,,,,,
42,C[C@@H](Oc1ccc2[nH]nc(c3ccc(nc3)N4CC5(C4)CN(C5)S(=O)(=O)C)c2c1)c6c(Cl)cnc(C)c6Cl,10,176,47,,,,,,,,,,,,,,,,,,,,
43,C[C@@H](Oc1ccc2[nH]nc(c3ccc(nc3)N4CC5(C4)CN(C5)S(=O)(=O)C)c2c1)c6c(Cl)cnc(F)c6Cl,16,258,,,,,,,,,,,,,,,,,,,,,
44,C[C@@H](Oc1ccc2[nH]nc(c3ccc(nc3)N4CC5(C4)CN(C5)S(=O)(=O)C)c2c1)c6c(C)cncc6C,8.1,135,86,52,,,,,,,,,,,,,,,,,,,
45,C[C@@H](Oc1ccc2[nH]nc(c3ccc(nc3)N4CC5(C4)CN(C5)S(=O)(=O)C)c2c1)c6c(Cl)cnnc6Cl,8.6,179,67,,,38,89,1578,,144,193,3000,,,,,,,,,,,
46,C[C@H](Oc1ccc2[nH]nc(c3ccc(nc3)N4CC5(C4)CN(C5)S(=O)(=O)C)c2c1)c6c(Cl)cnnc6Cl,179,2003,,,,,,,,,,,,,,,,,,,,,
47,C[C@@H](Oc1ccc2[nH]nc(c3ccc(nc3)N4CC5(C4)CN(C5)S(=O)(=O)C)c2c1)c6c(Cl)cccc6Cl,30,405,,,,,,,,,,,,,,,,,,,,,
