DATE ADDED TO CATALOG	PUBMEDID	FIRST AUTHOR	DATE	JOURNAL	LINK	STUDY	DISEASE/TRAIT	INITIAL SAMPLE SIZE	REPLICATION SAMPLE SIZE	REGION	CHR_ID	CHR_POS	REPORTED GENE(S)	MAPPED_GENE	UPSTREAM_GENE_ID	DOWNSTREAM_GENE_ID	SNP_GENE_IDS	UPSTREAM_GENE_DISTANCE	DOWNSTREAM_GENE_DISTANCE	STRONGEST SNP-RISK ALLELE	SNPS	MERGED	SNP_ID_CURRENT	CONTEXT	INTERGENIC	RISK ALLELE FREQUENCY	P-VALUE	PVALUE_MLOG	P-VALUE (TEXT)	OR or BETA	95% CI (TEXT)	PLATFORM [SNPS PASSING QC]	CNV	MAPPED_TRAIT	MAPPED_TRAIT_URI	STUDY ACCESSION	GENOTYPING TECHNOLOGY
2018-02-01	29255261	Luciano M	2017-12-18	Nat Genet	www.ncbi.nlm.nih.gov/pubmed/29255261	Association analysis in over 329,000 individuals identifies 116 independent variants influencing neuroticism.	Neuroticism	329,821 European ancestry individuals	122,867 European ancestry individuals	19q13.32	19	46351484	PPP5C	PPP5C			ENSG00000011485			rs534666677-T	rs534666677	0	534666677	intron_variant	0	5.6448E-4	3E-8	7.522878745280337		5.523	unit increase	Illumina [18485882] (imputed)	N	neuroticism measurement	http://www.ebi.ac.uk/efo/EFO_0007660	GCST005232	Genome-wide genotyping array
2022-11-17	34887591	Graham SE	2021-12-09	Nature	www.ncbi.nlm.nih.gov/pubmed/34887591	The power of genetic diversity in genome-wide association studies of lipids.	Non-HDL cholesterol levels	40,963 South Asian ancestry individuals, 48,057 Hispanic individuals, 99,432 Admixed African or African ancestry individuals, 146,492 East Asian ancestry individuals, 1,320,016 European ancestry individuals	NA	19q13.32	19	46350798		PPP5C			ENSG00000011485			rs62136101-?	rs62136101	0	62136101	intron_variant	0	NR	5E-13	12.301029995663981				NR [52000000] (imputed)	N	non-high density lipoprotein cholesterol measurement	http://www.ebi.ac.uk/efo/EFO_0005689	GCST90239667	Genome-wide genotyping array
2022-11-17	34887591	Graham SE	2021-12-09	Nature	www.ncbi.nlm.nih.gov/pubmed/34887591	The power of genetic diversity in genome-wide association studies of lipids.	Non-HDL cholesterol levels	1,320,016 European ancestry individuals	NA	19q13.32	19	46350798		PPP5C			ENSG00000011485			rs62136101-T	rs62136101	0	62136101	intron_variant	0	0.299371	3E-12	11.522878745280337		0.0146816	[0.011-0.018] unit decrease	NR [52000000] (imputed)	N	non-high density lipoprotein cholesterol measurement	http://www.ebi.ac.uk/efo/EFO_0005689	GCST90239670	Genome-wide genotyping array
2022-11-17	34887591	Graham SE	2021-12-09	Nature	www.ncbi.nlm.nih.gov/pubmed/34887591	The power of genetic diversity in genome-wide association studies of lipids.	Triglyceride levels	1,320,016 European ancestry individuals	NA	19q13.32	19	46356044		PPP5C			ENSG00000011485			rs12459222-C	rs12459222	0	12459222	intron_variant	0	0.300526	4E-12	11.397940008672037		0.0129416	[0.01-0.016] unit decrease	NR [52000000] (imputed)	N	triglyceride measurement	http://www.ebi.ac.uk/efo/EFO_0004530	GCST90239664	Genome-wide genotyping array
2019-02-08	30595370	Kichaev G	2018-12-27	Am J Hum Genet	www.ncbi.nlm.nih.gov/pubmed/30595370	Leveraging Polygenic Functional Enrichment to Improve GWAS Power.	Red blood cell count	approximately 445,000 European ancestry individuals	NA	19q13.32	19	46365128		PPP5C			ENSG00000011485			rs62136106-?	rs62136106	0	62136106	intron_variant	0	NR	9E-9	8.045757490560675				NR [~ 8900000] (imputed)	N	erythrocyte count	http://www.ebi.ac.uk/efo/EFO_0004305	GCST007069	Genome-wide genotyping array
2022-10-24	36050321	Young WJ	2022-09-01	Nat Commun	www.ncbi.nlm.nih.gov/pubmed/36050321	Genetic analyses of the electrocardiographic QT interval and its components identify additional loci and pathways.	JT interval	212,199 European ancestry individuals	NA	19q13.32	19	46365128		PPP5C			ENSG00000011485			rs62136106-A	rs62136106	0	62136106	intron_variant	0	0.6979	3E-13	12.522878745280337		0.0248	[0.018-0.031] unit increase	Affymetrix, Illumina [NR] (imputed)	N	JT interval	http://www.ebi.ac.uk/efo/EFO_0007885	GCST90179158	Genome-wide genotyping array
2022-10-24	36050321	Young WJ	2022-09-01	Nat Commun	www.ncbi.nlm.nih.gov/pubmed/36050321	Genetic analyses of the electrocardiographic QT interval and its components identify additional loci and pathways.	QT interval	212,199 European ancestry individuals	NA	19q13.32	19	46365128		PPP5C			ENSG00000011485			rs62136106-A	rs62136106	0	62136106	intron_variant	0	0.698	3E-17	16.522878745280337		0.0287	[0.022-0.035] unit increase	Affymetrix, Illumina [NR] (imputed)	N	QT interval	http://www.ebi.ac.uk/efo/EFO_0004682	GCST90179154	Genome-wide genotyping array
2022-10-24	36050321	Young WJ	2022-09-01	Nat Commun	www.ncbi.nlm.nih.gov/pubmed/36050321	Genetic analyses of the electrocardiographic QT interval and its components identify additional loci and pathways.	QT interval	252,730 European ancestry, African ancestry, Hispanic or Latin American, South East Asian ancestry, South Asian ancestry individuals	NA	19q13.32	19	46359213		PPP5C			ENSG00000011485			rs8106249-A	rs8106249	0	8106249	intron_variant	0	0.6836	1E-17	17.0		0.0272	[0.021-0.033] unit increase	Affymetrix, Illumina [NR] (imputed)	N	QT interval	http://www.ebi.ac.uk/efo/EFO_0004682	GCST90179153	Genome-wide genotyping array
2026-02-02	39024449	Verma A	2024-07-19	Science	www.ncbi.nlm.nih.gov/pubmed/39024449	Diversity and scale: Genetic architecture of 2068 traits in the VA Million Veteran Program.	Basophil (fraction, minimum, inv-norm transformed)	67,485 African American or Afro-Caribbean individuals, 36,872 Hispanic or Latin American individuals, 4,010 East Asian ancestry individuals, 221,657 European ancestry individuals	NA	19q13.32	19	46350798		PPP5C			ENSG00000011485			rs62136101-C	rs62136101	0	62136101	intron_variant	0	0.7648	4E-19	18.397940008672037		0.03169	[0.025-0.039] unit increase	NR [44300000] (imputed)	N	basophil measurement	http://www.ebi.ac.uk/efo/EFO_0803539	GCST90479517	Genome-wide genotyping array
2026-02-02	39024449	Verma A	2024-07-19	Science	www.ncbi.nlm.nih.gov/pubmed/39024449	Diversity and scale: Genetic architecture of 2068 traits in the VA Million Veteran Program.	Basophil (fraction, mean, inv-norm transformed)	67,485 African American or Afro-Caribbean individuals, 36,872 Hispanic or Latin American individuals, 4,010 East Asian ancestry individuals, 221,657 European ancestry individuals	NA	19q13.32	19	46350798		PPP5C			ENSG00000011485			rs62136101-C	rs62136101	0	62136101	intron_variant	0	0.7648	1E-31	31.0		0.04873	[0.041-0.057] unit increase	NR [44300000] (imputed)	N	basophil measurement	http://www.ebi.ac.uk/efo/EFO_0803539	GCST90479516	Genome-wide genotyping array
2024-08-30	39134668	Shi S	2024-08-12	Nat Genet	www.ncbi.nlm.nih.gov/pubmed/39134668	A Genomics England haplotype reference panel and imputation of UK Biobank.	Height	404,900 European ancestry individuals	NA	19q13.32	19	46351721		PPP5C			ENSG00000011485			rs759302-?	rs759302	0	759302	intron_variant	0	NR	5E-8	7.301029995663981		0.0245058	[0.016-0.033] unit increase	Affymetrix [162050642] (imputed)	N	body height	http://purl.obolibrary.org/obo/OBA_VT0001253	GCST90435412	Genome-wide genotyping array
2023-02-27	36662838	Slomian D	2023-01-20	PLoS One	www.ncbi.nlm.nih.gov/pubmed/36662838	Better safe than sorry-Whole-genome sequencing indicates that missense variants are significant in susceptibility to COVID-19.	Severe COVID-19 infection	235 severe cases, up to 841 resistant, benign or mild controls	NA	19q13.32	19	46361424		PPP5C			ENSG00000011485			rs62136104-?	rs62136104	0	62136104	intron_variant	0	NR	5E-8	7.301029995663981				Illumina [15489173]	N	severe acute respiratory syndrome, COVID-19	http://purl.obolibrary.org/obo/MONDO_0005091, http://purl.obolibrary.org/obo/MONDO_0100096	GCST90255357	Genome-wide sequencing
2026-05-14	38627641	Troubat L	2024-04-17	BMC Genomics	www.ncbi.nlm.nih.gov/pubmed/38627641	Multi-trait GWAS for diverse ancestries: mapping the knowledge gap.	Hematological traits (multi-trait analysis)	at least 563,946 European ancestry individuals (MTAG boosted by hematological trait samples)	NA	19q13.32	19	46359213		PPP5C			ENSG00000011485			rs8106249-?	rs8106249	0	8106249	intron_variant	0	NR	3E-55	54.52287874528034				NR [NR] (imputed)	N	hematological measurement	http://www.ebi.ac.uk/efo/EFO_0004503	GCST90838669	Genome-wide genotyping array
2026-05-14	38627641	Troubat L	2024-04-17	BMC Genomics	www.ncbi.nlm.nih.gov/pubmed/38627641	Multi-trait GWAS for diverse ancestries: mapping the knowledge gap.	Hematological traits (multi-trait analysis)	at least 151,807 East Asian ancestry individuals (MTAG boosted by hematological trait samples), at least 9,368 Admixed American ancestry individuals (MTAG boosted by hematological trait samples), at least 15,171 African ancestry individuals (MTAG boosted by hematological trait samples), at least 563,946 European ancestry individuals (MTAG boosted by hematological trait samples)	NA	19q13.32	19	46357305		PPP5C			ENSG00000011485			rs62136103-?	rs62136103	0	62136103	intron_variant	0	NR	9E-40	39.045757490560675				NR [NR] (imputed)	N	hematological measurement	http://www.ebi.ac.uk/efo/EFO_0004503	GCST90838671	Genome-wide genotyping array
2025-08-29	40436827	Jee YH	2025-05-28	Nat Commun	www.ncbi.nlm.nih.gov/pubmed/40436827	Genome-wide association studies in a large Korean cohort identify quantitative trait loci for 36 traits and illuminate their genetic architectures.	Gamma glutamyl transferase levels	507,850 East Asian ancestry individuals, 420,829 European ancestry individuals	NA	19q13.32	19	46365128		PPP5C			ENSG00000011485			rs62136106-A	rs62136106	0	62136106	intron_variant	0	NR	2E-8	7.698970004336019		0.0132	[0.0085-0.0179] unit increase	NR [NR] (imputed)	N	serum gamma-glutamyl transferase measurement	http://www.ebi.ac.uk/efo/EFO_0004532	GCST90662899	Genome-wide genotyping array
2026-02-02	39024449	Verma A	2024-07-19	Science	www.ncbi.nlm.nih.gov/pubmed/39024449	Diversity and scale: Genetic architecture of 2068 traits in the VA Million Veteran Program.	Basophil (absolute count, maximum, inv-norm transformed)	158,446 European ancestry individuals	NA	19q13.32	19	46350798		PPP5C			ENSG00000011485			rs62136101-C	rs62136101	0	62136101	intron_variant	0	0.7017	5E-14	13.301029995663981		0.02874	[0.021-0.036] unit increase	NR [44300000] (imputed)	N	basophil measurement	http://www.ebi.ac.uk/efo/EFO_0803539	GCST90475127	Genome-wide genotyping array
2026-02-02	39024449	Verma A	2024-07-19	Science	www.ncbi.nlm.nih.gov/pubmed/39024449	Diversity and scale: Genetic architecture of 2068 traits in the VA Million Veteran Program.	Basophil (fraction, mean, inv-norm transformed)	221,657 European ancestry individuals	NA	19q13.32	19	46350798		PPP5C			ENSG00000011485			rs62136101-C	rs62136101	0	62136101	intron_variant	0	0.6993	1E-42	42.0		0.05199	[0.045-0.059] unit increase	NR [44300000] (imputed)	N	basophil measurement	http://www.ebi.ac.uk/efo/EFO_0803539	GCST90475139	Genome-wide genotyping array
2026-02-02	39024449	Verma A	2024-07-19	Science	www.ncbi.nlm.nih.gov/pubmed/39024449	Diversity and scale: Genetic architecture of 2068 traits in the VA Million Veteran Program.	Basophil (absolute count, maximum, inv-norm transformed)	45,860 African American or Afro-Caribbean individuals, 20,384 Hispanic or Latin American individuals, 2,440 East Asian ancestry individuals, 158,446 European ancestry individuals	NA	19q13.32	19	46354847		PPP5C			ENSG00000011485			rs4803933-A	rs4803933	0	4803933	intron_variant	0	0.7547	2E-11	10.698970004336019		0.02612	[0.018-0.034] unit increase	NR [44300000] (imputed)	N	basophil measurement	http://www.ebi.ac.uk/efo/EFO_0803539	GCST90479512	Genome-wide genotyping array
2026-02-02	39024449	Verma A	2024-07-19	Science	www.ncbi.nlm.nih.gov/pubmed/39024449	Diversity and scale: Genetic architecture of 2068 traits in the VA Million Veteran Program.	Basophil (absolute count, mean, inv-norm transformed)	45,900 African American or Afro-Caribbean individuals, 20,397 Hispanic or Latin American individuals, 2,442 East Asian ancestry individuals, 158,583 European ancestry individuals	NA	19q13.32	19	46350798		PPP5C			ENSG00000011485			rs62136101-C	rs62136101	0	62136101	intron_variant	0	0.7623	1E-14	14.0		0.03261	[0.024-0.041] unit increase	NR [44300000] (imputed)	N	basophil measurement	http://www.ebi.ac.uk/efo/EFO_0803539	GCST90479513	Genome-wide genotyping array
2019-05-20	30837455	Dudding T	2019-03-05	Nat Commun	www.ncbi.nlm.nih.gov/pubmed/30837455	Genome wide analysis for mouth ulcers identifies associations at immune regulatory loci.	Mouth ulcers	47,079 British or unknown ancestry cases, 414,027 British or unknown ancestry controls	98,298 cases, 247,446 controls	19q13.32	19	46392960		PPP5C-AS1, PPP5C			ENSG00000269151, ENSG00000011485			rs3764613-G	rs3764613	0	3764613	intron_variant	0	0.581125	7E-73	72.15490195998575		1.0802951	[1.08-1.09]	Affymetrix, Illumina [9851866] (imputed)	N	Oral ulcer	http://purl.obolibrary.org/obo/HP_0000155	GCST007839	Genome-wide genotyping array
2019-02-08	30595370	Kichaev G	2018-12-27	Am J Hum Genet	www.ncbi.nlm.nih.gov/pubmed/30595370	Leveraging Polygenic Functional Enrichment to Improve GWAS Power.	Age at menopause	approximately 143,000 European ancestry individuals	NA	19q13.32	19	46388911		PPP5C, PPP5C-AS1			ENSG00000011485, ENSG00000269151			rs8106745-?	rs8106745	0	8106745	intron_variant	0	NR	1E-9	9.0				NR [~ 8900000] (imputed)	N	age at menopause	http://www.ebi.ac.uk/efo/EFO_0004704	GCST007079	Genome-wide genotyping array
2017-08-30	27863252	Astle WJ	2016-11-17	Cell	www.ncbi.nlm.nih.gov/pubmed/27863252	The Allelic Landscape of Human Blood Cell Trait Variation and Links to Common Complex Disease.	Basophil percentage of white cells	171,996 European ancestry individuals	NA	19q13.32	19	46375732	PPP5C	PPP5C, PPP5C-AS1			ENSG00000011485, ENSG00000269151			rs61747094-A	rs61747094	1	4239538	synonymous_variant	0	0.3099	2E-9	8.698970004336019		0.02259245	[0.015-0.03] unit decrease	Affymetrix [~ 2500000] (imputed)	N	basophil percentage of leukocytes	http://www.ebi.ac.uk/efo/EFO_0007992	GCST004631	Genome-wide genotyping array
2020-09-18	32888494	Vuckovic D	2020-09-01	Cell	www.ncbi.nlm.nih.gov/pubmed/32888494	The Polygenic and Monogenic Basis of Blood Traits and Diseases.	Eosinophil count	408,112 British individuals	NA	19q13.32	19	46375372	PPP5C	PPP5C-AS1, PPP5C			ENSG00000269151, ENSG00000011485			rs4803936-A	rs4803936	0	4803936	intron_variant	0	0.305492	1E-10	10.0		0.015564016	[0.011-0.02] unit decrease	Affymetrix [93095623] (imputed)	N	eosinophil count	http://www.ebi.ac.uk/efo/EFO_0004842	GCST90002381	Genome-wide genotyping array
2020-09-21	32888493	Chen MH	2020-09-01	Cell	www.ncbi.nlm.nih.gov/pubmed/32888493	Trans-ethnic and Ancestry-Specific Blood-Cell Genetics in 746,667 Individuals from 5 Global Populations.	Hemoglobin concentration	746,431 African American or Afro-Caribbean, African ancestry, European ancestry, East Asian ancestry, Hispanic or Latin American and South Asian ancestry individuals	NA	19q13.32	19	46375372	NR	PPP5C-AS1, PPP5C			ENSG00000269151, ENSG00000011485			rs4803936-A	rs4803936	0	4803936	intron_variant	0	0.250681	2E-11	10.698970004336019				Affymetrix, Illumina [24653286] (imputed)	N	hemoglobin measurement	http://www.ebi.ac.uk/efo/EFO_0004509	GCST90002314	Genome-wide genotyping array
2020-09-18	32888494	Vuckovic D	2020-09-01	Cell	www.ncbi.nlm.nih.gov/pubmed/32888494	The Polygenic and Monogenic Basis of Blood Traits and Diseases.	Hemoglobin	408,112 British individuals	NA	19q13.32	19	46375372	PPP5C	PPP5C-AS1, PPP5C			ENSG00000269151, ENSG00000011485			rs4803936-A	rs4803936	0	4803936	intron_variant	0	0.30539	1E-9	9.0		0.014666765	[0.01-0.0194] unit decrease	Affymetrix [93095623] (imputed)	N	hemoglobin measurement	http://www.ebi.ac.uk/efo/EFO_0004509	GCST90002384	Genome-wide genotyping array
2020-09-21	32888493	Chen MH	2020-09-01	Cell	www.ncbi.nlm.nih.gov/pubmed/32888493	Trans-ethnic and Ancestry-Specific Blood-Cell Genetics in 746,667 Individuals from 5 Global Populations.	Hemoglobin concentration	563,946 European ancestry individuals	NA	19q13.32	19	46375372	NR	PPP5C-AS1, PPP5C			ENSG00000269151, ENSG00000011485			rs4803936-A	rs4803936	0	4803936	intron_variant	0	0.304543	4E-12	11.397940008672037		0.013882	[0.01-0.0178] SD unit decrease	Affymetrix, Illumina [50638016] (imputed)	N	hemoglobin measurement	http://www.ebi.ac.uk/efo/EFO_0004509	GCST90002310	Genome-wide genotyping array
2020-07-21	32203549	Richardson TG	2020-03-23	PLoS Med	www.ncbi.nlm.nih.gov/pubmed/32203549	Evaluating the relationship between circulating lipoprotein lipids and apolipoproteins with risk of coronary heart disease: A multivariable Mendelian randomisation analysis.	Triglyceride levels	441,016 European ancestry individuals	NA	19q13.32	19	46375732	PPP5C	PPP5C-AS1, PPP5C			ENSG00000269151, ENSG00000011485			rs4239538-G	rs4239538	0	4239538	synonymous_variant	0	0.691295	8E-14	13.096910013008056		0.0160763	[0.012-0.02] unit increase	Affymetrix [NR] (imputed)	N	triglyceride measurement	http://www.ebi.ac.uk/efo/EFO_0004530	GCST010244	Genome-wide genotyping array
2022-11-17	34887591	Graham SE	2021-12-09	Nature	www.ncbi.nlm.nih.gov/pubmed/34887591	The power of genetic diversity in genome-wide association studies of lipids.	Total cholesterol levels	40,963 South Asian ancestry individuals, 48,057 Hispanic individuals, 99,432 Admixed African or African ancestry individuals, 146,492 East Asian ancestry individuals, 1,320,016 European ancestry individuals	NA	19q13.32	19	46392960		PPP5C-AS1, PPP5C			ENSG00000269151, ENSG00000011485			rs3764613-?	rs3764613	0	3764613	intron_variant	0	NR	1E-21	21.0				NR [52000000] (imputed)	N	total cholesterol measurement	http://www.ebi.ac.uk/efo/EFO_0004574	GCST90239673	Genome-wide genotyping array
2021-06-15	33603002	Gouveia MH	2021-02-18	Sci Rep	www.ncbi.nlm.nih.gov/pubmed/33603002	Trans-ethnic meta-analysis identifies new loci associated with longitudinal blood pressure traits.	Diastolic blood pressure change trajectory	5,304 African American individuals, 13,137 European ancestry individuals, 1,317 Hispanic individuals, 1,439 admixed individuals, 703 Chinese ancestry individuals	6,500 African American individuals, 2,451 European ancestry individuals, 2,869 Hispanic individuals	19q13.32	19	46366374	NR	PPP5C, PPP5C-AS1			ENSG00000011485, ENSG00000269151			rs2009569-T	rs2009569	0	2009569	non_coding_transcript_exon_variant	0	0.0194	9E-7	6.045757490560675		0.2265	[0.14-0.32] mmHg decrease	Affymetrix, Illumina [NR] (imputed)	N	diastolic blood pressure change measurement	http://www.ebi.ac.uk/efo/EFO_0006945	GCST011893	Genome-wide genotyping array
2022-11-17	34887591	Graham SE	2021-12-09	Nature	www.ncbi.nlm.nih.gov/pubmed/34887591	The power of genetic diversity in genome-wide association studies of lipids.	Total cholesterol levels	1,320,016 European ancestry individuals	NA	19q13.32	19	46392960		PPP5C-AS1, PPP5C			ENSG00000269151, ENSG00000011485			rs3764613-G	rs3764613	0	3764613	intron_variant	0	0.563169	6E-18	17.221848749616356		0.0139931	[0.011-0.017] unit decrease	NR [52000000] (imputed)	N	total cholesterol measurement	http://www.ebi.ac.uk/efo/EFO_0004574	GCST90239676	Genome-wide genotyping array
2022-12-02	34989438	Zhu X	2022-01-06	Genet Epidemiol	www.ncbi.nlm.nih.gov/pubmed/34989438	Genome-wide pleiotropy analysis identifies novel blood pressure variants and improves its polygenic risk scores.	Blood pressure (pleiotropy model 2 SBP adjusted for estimated causal effects x DBP)	757,601 European ancestry individuals, 318,891 European ancestry, African American or Afro-Caribbean, Native American ancestry, Asian ancestry individuals	NA	19q13.32	19	46391529		PPP5C, PPP5C-AS1			ENSG00000011485, ENSG00000269151			rs741233-?	rs741233	0	741233	intron_variant	0	NR	1E-9	9.0		0.119292736	[0.053-0.185] unit increase	NR [7100000] (imputed)	N	diastolic blood pressure, systolic blood pressure	http://www.ebi.ac.uk/efo/EFO_0006336, http://www.ebi.ac.uk/efo/EFO_0006335	GCST90239829	Genome-wide genotyping array
2022-12-02	34989438	Zhu X	2022-01-06	Genet Epidemiol	www.ncbi.nlm.nih.gov/pubmed/34989438	Genome-wide pleiotropy analysis identifies novel blood pressure variants and improves its polygenic risk scores.	Blood pressure (pleiotropy model 1 DBP adjusted for estimated causal effects x SBP)	757,601 European ancestry individuals, 318,891 European ancestry, African American or Afro-Caribbean, Native American ancestry, Asian ancestry individuals	NA	19q13.32	19	46391529		PPP5C, PPP5C-AS1			ENSG00000011485, ENSG00000269151			rs741233-?	rs741233	0	741233	intron_variant	0	NR	1E-10	10.0		0.10659955	[0.058-0.156] unit decrease	NR [7100000] (imputed)	N	diastolic blood pressure, systolic blood pressure	http://www.ebi.ac.uk/efo/EFO_0006336, http://www.ebi.ac.uk/efo/EFO_0006335	GCST90239828	Genome-wide genotyping array
2019-02-08	30595370	Kichaev G	2018-12-27	Am J Hum Genet	www.ncbi.nlm.nih.gov/pubmed/30595370	Leveraging Polygenic Functional Enrichment to Improve GWAS Power.	Eosinophil count	approximately 440,000 European ancestry individuals	NA	19q13.32	19	46375372		PPP5C-AS1, PPP5C			ENSG00000269151, ENSG00000011485			rs4803936-?	rs4803936	0	4803936	intron_variant	0	NR	3E-9	8.522878745280337				NR [~ 8900000] (imputed)	N	eosinophil count	http://www.ebi.ac.uk/efo/EFO_0004842	GCST007065	Genome-wide genotyping array
2022-11-17	34887591	Graham SE	2021-12-09	Nature	www.ncbi.nlm.nih.gov/pubmed/34887591	The power of genetic diversity in genome-wide association studies of lipids.	Triglyceride levels	40,963 South Asian ancestry individuals, 48,057 Hispanic individuals, 99,432 Admixed African or African ancestry individuals, 146,492 East Asian ancestry individuals, 1,320,016 European ancestry individuals	NA	19q13.32	19	46383942		PPP5C, PPP5C-AS1			ENSG00000011485, ENSG00000269151			rs4803937-?	rs4803937	0	4803937	intron_variant	0	NR	7E-16	15.154901959985743				NR [52000000] (imputed)	N	triglyceride measurement	http://www.ebi.ac.uk/efo/EFO_0004530	GCST90239661	Genome-wide genotyping array
2025-08-07	40645996	Yuan S	2025-07-11	Nat Commun	www.ncbi.nlm.nih.gov/pubmed/40645996	Cross-population GWAS and proteomics improve risk prediction and reveal mechanisms in atrial fibrillation.	Atrial fibrillation	252,438 European ancestry cases, 1,959,739 European ancestry controls, 9,826 East Asian ancestry cases, 140,446 East Asian ancestry controls, 754 South Asian ancestry cases, 52,054 South Asian ancestry controls, 9,485 African ancestry cases, 109,006 African ancestry controls, 3,447 Admixed American ancestry cases, 46,818 Admixed American ancestry controls	NA	19q13.32	19	46370708		PPP5C, PPP5C-AS1			ENSG00000011485, ENSG00000269151			rs10409174-A	rs10409174	0	10409174	intron_variant	0	0.0579	2E-10	9.698970004336019		0.0565	[0.039-0.074] unit decrease	Affymetrix, Illumina [62824290] (imputed)	N	atrial fibrillation	http://purl.obolibrary.org/obo/MONDO_0004981	GCST90624411	Genome-wide genotyping array
2025-08-07	40645996	Yuan S	2025-07-11	Nat Commun	www.ncbi.nlm.nih.gov/pubmed/40645996	Cross-population GWAS and proteomics improve risk prediction and reveal mechanisms in atrial fibrillation.	Atrial fibrillation	228,926 European ancestry cases, 1,611,415 European ancestry controls	NA	19q13.32	19	46370708		PPP5C, PPP5C-AS1			ENSG00000011485, ENSG00000269151			rs10409174-A	rs10409174	0	10409174	intron_variant	0	0.0581	1E-10	10.0		0.057	[0.04-0.074] unit decrease	Affymetrix, Illumina [36072754] (imputed)	N	atrial fibrillation	http://purl.obolibrary.org/obo/MONDO_0004981	GCST90624412	Genome-wide genotyping array
2022-12-12	36376304	Koskeridis F	2022-11-14	Nat Commun	www.ncbi.nlm.nih.gov/pubmed/36376304	Pleiotropic genetic architecture and novel loci for C-reactive protein levels.	C-reactive protein levels (MTAG)	575,531 European ancestry individuals	NA	19q13.32	19	46375732		PPP5C-AS1, PPP5C			ENSG00000269151, ENSG00000011485			rs4239538-A	rs4239538	0	4239538	synonymous_variant	0	NR	3E-11	10.522878745280337		0.014513	[0.01-0.019] unit increase	NR [6206408] (imputed)	N	C-reactive protein measurement	http://www.ebi.ac.uk/efo/EFO_0004458	GCST90179146	Genome-wide genotyping array
2022-10-24	36050321	Young WJ	2022-09-01	Nat Commun	www.ncbi.nlm.nih.gov/pubmed/36050321	Genetic analyses of the electrocardiographic QT interval and its components identify additional loci and pathways.	JT interval	252,730 European ancestry, African ancestry, Hispanic or Latin American, South East Asian ancestry, South Asian ancestry individuals	NA	19q13.32	19	46391529		PPP5C, PPP5C-AS1			ENSG00000011485, ENSG00000269151			rs741233-T	rs741233	0	741233	intron_variant	0	0.2942	6E-13	12.221848749616356		0.0238	[0.017-0.03] unit decrease	Affymetrix, Illumina [NR] (imputed)	N	JT interval	http://www.ebi.ac.uk/efo/EFO_0007885	GCST90179157	Genome-wide genotyping array
2025-07-02	39789286	Loya H	2025-01-09	Nat Genet	www.ncbi.nlm.nih.gov/pubmed/39789286	A scalable variational inference approach for increased mixed-model association power.	C-reactive protein levels (UKB data field 30710)	394,642 European ancestry individuals	NA	19q13.32	19	46375732		PPP5C-AS1, PPP5C			ENSG00000269151, ENSG00000011485			rs4239538-A	rs4239538	0	4239538	synonymous_variant	0	0.3105963	8E-12	11.096910013008056		0.014165727	[0.0099-0.0184] unit increase	NR [13308323] (imputed)	N	C-reactive protein measurement	http://www.ebi.ac.uk/efo/EFO_0004458	GCST90468064	Genome-wide genotyping array
2025-07-02	39789286	Loya H	2025-01-09	Nat Genet	www.ncbi.nlm.nih.gov/pubmed/39789286	A scalable variational inference approach for increased mixed-model association power.	Eosinophill percentage (UKB data field 30210)	394,642 European ancestry individuals	NA	19q13.32	19	46375732		PPP5C-AS1, PPP5C			ENSG00000269151, ENSG00000011485			rs4239538-A	rs4239538	0	4239538	synonymous_variant	0	0.3105963	1E-14	14.0		0.01579968	[0.012-0.02] unit decrease	NR [13308323] (imputed)	N	eosinophil percentage of leukocytes	http://www.ebi.ac.uk/efo/EFO_0007991	GCST90468069	Genome-wide genotyping array
2026-02-02	39024449	Verma A	2024-07-19	Science	www.ncbi.nlm.nih.gov/pubmed/39024449	Diversity and scale: Genetic architecture of 2068 traits in the VA Million Veteran Program.	Basophil (fraction, maximum, inv-norm transformed)	67,485 African American or Afro-Caribbean individuals, 36,872 Hispanic or Latin American individuals, 4,010 East Asian ancestry individuals, 221,657 European ancestry individuals	NA	19q13.32	19	46382977		PPP5C-AS1, PPP5C			ENSG00000269151, ENSG00000011485			rs45587933-G	rs45587933	0	45587933	intron_variant	0	0.7457	3E-25	24.522878745280337		0.03815	[0.031-0.045] unit increase	NR [44300000] (imputed)	N	basophil measurement	http://www.ebi.ac.uk/efo/EFO_0803539	GCST90479515	Genome-wide genotyping array
2026-02-02	39024449	Verma A	2024-07-19	Science	www.ncbi.nlm.nih.gov/pubmed/39024449	Diversity and scale: Genetic architecture of 2068 traits in the VA Million Veteran Program.	eosinophil (fraction, mean, inv-norm transformed)	98,055 African American or Afro-Caribbean individuals, 47,410 Hispanic or Latin American individuals, 4,652 East Asian ancestry individuals, 335,542 European ancestry individuals	NA	19q13.32	19	46375732		PPP5C-AS1, PPP5C			ENSG00000269151, ENSG00000011485			rs4239538-G	rs4239538	0	4239538	synonymous_variant	0	0.7465	5E-13	12.301029995663981		0.02583	[0.019-0.033] unit increase	NR [44300000] (imputed)	N	eosinophil count	http://www.ebi.ac.uk/efo/EFO_0004842	GCST90479605	Genome-wide genotyping array
2026-01-14	41044249	Zoodsma M	2025-10-03	Nat Genet	www.ncbi.nlm.nih.gov/pubmed/41044249	A genetic map of human metabolism across the allele frequency spectrum.	Triglycerides in very small VLDL	434,646 British ancestry individuals, 8,796 British Central/South Asian individuals, 6,573 British African individuals	NA	19q13.32	19	46375372		PPP5C-AS1, PPP5C			ENSG00000269151, ENSG00000011485			rs4803936-A	rs4803936	0	4803936	intron_variant	0	NR	9E-11	10.045757490560675		0.01	[0.01-0.01] mmol/L decrease	NR [10413938] (imputed)	N	triglycerides in very small VLDL measurement	http://www.ebi.ac.uk/efo/EFO_0022144	GCST90501328	Genome-wide genotyping array
2025-08-29	40436827	Jee YH	2025-05-28	Nat Commun	www.ncbi.nlm.nih.gov/pubmed/40436827	Genome-wide association studies in a large Korean cohort identify quantitative trait loci for 36 traits and illuminate their genetic architectures.	Alanine aminotransferase levels	507,850 East Asian ancestry individuals, 420,829 European ancestry individuals	NA	19q13.32	19	46375372		PPP5C-AS1, PPP5C			ENSG00000269151, ENSG00000011485			rs4803936-A	rs4803936	0	4803936	intron_variant	0	NR	5E-9	8.301029995663981		0.0127	[0.0084-0.017] unit decrease	NR [NR] (imputed)	N	serum alanine aminotransferase amount	http://purl.obolibrary.org/obo/OBA_2050062	GCST90662898	Genome-wide genotyping array
2025-07-02	39789286	Loya H	2025-01-09	Nat Genet	www.ncbi.nlm.nih.gov/pubmed/39789286	A scalable variational inference approach for increased mixed-model association power.	Triglyceride levels (UKB data field 30870)	394,642 European ancestry individuals	NA	19q13.32	19	46375372		PPP5C-AS1, PPP5C			ENSG00000269151, ENSG00000011485			rs4803936-A	rs4803936	0	4803936	intron_variant	0	0.30660766	4E-14	13.397940008672037		0.015166986	[0.011-0.019] unit decrease	NR [13308323] (imputed)	N	triglyceride measurement	http://www.ebi.ac.uk/efo/EFO_0004530	GCST90468106	Genome-wide genotyping array
2026-01-14	41044249	Zoodsma M	2025-10-03	Nat Genet	www.ncbi.nlm.nih.gov/pubmed/41044249	A genetic map of human metabolism across the allele frequency spectrum.	Triglycerides in small VLDL	434,646 British ancestry individuals, 8,796 British Central/South Asian individuals, 6,573 British African individuals	NA	19q13.32	19	46375372		PPP5C-AS1, PPP5C			ENSG00000269151, ENSG00000011485			rs4803936-A	rs4803936	0	4803936	intron_variant	0	NR	1E-11	11.0		0.01	[0.01-0.01] mmol/L decrease	NR [10413938] (imputed)	N	triglycerides in small VLDL measurement	http://www.ebi.ac.uk/efo/EFO_0022145	GCST90501268	Genome-wide genotyping array
2025-07-02	39789286	Loya H	2025-01-09	Nat Genet	www.ncbi.nlm.nih.gov/pubmed/39789286	A scalable variational inference approach for increased mixed-model association power.	PRND protein levels	47,745 European ancestry individuals	NA	19q13.32	19	46391529		PPP5C, PPP5C-AS1			ENSG00000011485, ENSG00000269151			rs741233-T	rs741233	0	741233	intron_variant	0	0.3102959	2E-24	23.69897000433602		0.05513139	[0.043-0.067] unit decrease	NR [13308244] (imputed)	N	level of prion-like protein doppel in blood	http://purl.obolibrary.org/obo/OBA_2050848	GCST90470333	Genome-wide genotyping array
2023-02-09	36224396	Yengo L	2022-10-12	Nature	www.ncbi.nlm.nih.gov/pubmed/36224396	A saturated map of common genetic variants associated with human height.	Height	5,314,291 European ancestry, Hispanic or Latin American, East Asian ancestry, African ancestry, South Asian ancestry individuals	NA	19q13.32	19	46392960		PPP5C-AS1, PPP5C			ENSG00000269151, ENSG00000011485			rs3764613-G	rs3764613	0	3764613	intron_variant	0	0.5345	5E-18	17.30102999566398		0.0055	[0.0043-0.0067] unit decrease	Affymetrix, Illumina [1385132] (imputed)	N	body height	http://purl.obolibrary.org/obo/OBA_VT0001253	GCST90245848	Genome-wide genotyping array
2016-07-24	26192919	Liu JZ	2015-07-20	Nat Genet	www.ncbi.nlm.nih.gov/pubmed/26192919	Association analyses identify 38 susceptibility loci for inflammatory bowel disease and highlight shared genetic risk across populations.	Crohn's disease	5,956 European ancestry cases, 14,927 European ancestry controls	14,594 European ancestry cases, 26,715 European ancestry controls, 151 Iranian ancestry cases, 342 Iranian ancestry controls, 184 Indian ancestry cases, 990 Indian ancestry controls, 1,690 East Asian ancestry cases, 3,719 East Asian ancestry controls	19q13.32	19	46346549	NR	HIF3A - PPP5C	ENSG00000124440	ENSG00000011485		3116	454	rs4802307-C	rs4802307	0	4802307	intergenic_variant	1	0.7	9E-12	11.045757490560675	(EA)	1.0939962	[1.07-1.12]	Affymetrix, Illumina [~ 9000000] (imputed)	N	Crohn disease	http://purl.obolibrary.org/obo/MONDO_0005011	GCST003044	Genome-wide genotyping array
2016-07-24	26192919	Liu JZ	2015-07-20	Nat Genet	www.ncbi.nlm.nih.gov/pubmed/26192919	Association analyses identify 38 susceptibility loci for inflammatory bowel disease and highlight shared genetic risk across populations.	Inflammatory bowel disease	12,882 European ancestry cases, 21,770 European ancestry controls	25,273 European ancestry cases, 26,715 European ancestry controls, 548 Iranian ancestry cases, 342 Iranian ancestry control, 1,423 Indian ancestry cases, 990 Indian ancestry controls, 2,824 East Asian ancestry cases, 3,719 East Asian ancestry controls	19q13.32	19	46346549	NR	HIF3A - PPP5C	ENSG00000124440	ENSG00000011485		3116	454	rs4802307-C	rs4802307	0	4802307	intergenic_variant	1	0.7	2E-8	7.698970004336019	(EA)	1.0630091		Affymetrix, Illumina [~ 9000000] (imputed)	N	inflammatory bowel disease	http://purl.obolibrary.org/obo/MONDO_0005265	GCST003043	Genome-wide genotyping array
2018-04-26	26974007	Ellinghaus D	2016-03-14	Nat Genet	www.ncbi.nlm.nih.gov/pubmed/26974007	Analysis of five chronic inflammatory diseases identifies 27 new associations and highlights disease-specific patterns at shared loci.	Chronic inflammatory diseases (ankylosing spondylitis, Crohn's disease, psoriasis, primary sclerosing cholangitis, ulcerative colitis) (pleiotropy)	8,726 European ancestry ankylosing spondylitis cases, 19,085 European ancestry Crohn’s disease cases, 6,530 European ancestry psoriasis cases, 3,408 European ancestry primary sclerosing cholangitis cases, 14,513 European ancestry ulcerative colitis cases, 34,213 European ancestry controls	NA	19q13.32	19	46346549	PPP5C	HIF3A - PPP5C	ENSG00000124440	ENSG00000011485		3116	454	rs4802307-?	rs4802307	0	4802307	intergenic_variant	1	NR	2E-11	10.698970004336019	(subset analysis)			Illumina [130052]	N	ankylosing spondylitis, psoriasis, ulcerative colitis, Crohn disease, sclerosing cholangitis	http://purl.obolibrary.org/obo/MONDO_0005306, http://purl.obolibrary.org/obo/MONDO_0005083, http://purl.obolibrary.org/obo/MONDO_0005101, http://purl.obolibrary.org/obo/MONDO_0005011, http://purl.obolibrary.org/obo/MONDO_0018646	GCST005537	Targeted genotyping array [ImmunoChip]
2013-02-12	23128233	Jostins L	2012-11-01	Nature	www.ncbi.nlm.nih.gov/pubmed/23128233	Host-microbe interactions have shaped the genetic architecture of inflammatory bowel disease.	Crohn's disease	Up to 12,924 European ancestry cases, up to 21,442 European ancestry controls	Up to 25,683 European ancestry cases, up to 17,015 European ancestry controls	19q13.32	19	46346549	intergenic	HIF3A - PPP5C	ENSG00000124440	ENSG00000011485		3116	454	rs4802307-G	rs4802307	0	4802307	intergenic_variant	1	0.706	2E-10	9.698970004336019		1.099	[1.06-1.139]	Affymetrix, Illumina [1230000] (imputed)	N	Crohn disease	http://purl.obolibrary.org/obo/MONDO_0005011	GCST001729	Genome-wide genotyping array
2019-05-20	30837455	Dudding T	2019-03-05	Nat Commun	www.ncbi.nlm.nih.gov/pubmed/30837455	Genome wide analysis for mouth ulcers identifies associations at immune regulatory loci.	Mouth ulcers	47,079 British or unknown ancestry cases, 414,027 British or unknown ancestry controls	98,298 cases, 247,446 controls	19q13.32	19	46401543		PPP5C-AS1			ENSG00000269151			rs923621-A	rs923621	0	923621	intron_variant	0	0.42854000000000003	8E-23	22.096910013008056		1.0431972	[1.03-1.05]	Affymetrix, Illumina [9851866] (imputed)	N	Oral ulcer	http://purl.obolibrary.org/obo/HP_0000155	GCST007839	Genome-wide genotyping array
2020-09-18	32888494	Vuckovic D	2020-09-01	Cell	www.ncbi.nlm.nih.gov/pubmed/32888494	The Polygenic and Monogenic Basis of Blood Traits and Diseases.	Lymphocyte count	408,112 British individuals	NA	19q13.32	19	46346189	PPP5C	HIF3A - PPP5C	ENSG00000124440	ENSG00000011485		2756	814	rs55665939-G	rs55665939	0	55665939	intergenic_variant	1	0.307175	8E-13	12.096910013008056		0.017091988	[0.012-0.022] unit increase	Affymetrix [93095623] (imputed)	N	lymphocyte count	http://www.ebi.ac.uk/efo/EFO_0004587	GCST90002388	Genome-wide genotyping array
2017-06-02	28067908	de Lange KM	2017-01-09	Nat Genet	www.ncbi.nlm.nih.gov/pubmed/28067908	Genome-wide association study implicates immune activation of multiple integrin genes in inflammatory bowel disease.	Crohn's disease	12,194 European and unknown ancestry cases, 28,072 European and unknown ancestry controls	NA	19q13.32	19	46346549	CCDC8, PNMAL2, AC011484.1, CALM3, PTGIR, GNG8, PPP5C, PNMAL1, PPP5D1, AC011551.3	HIF3A - PPP5C	ENSG00000124440	ENSG00000011485		3116	454	rs4802307-?	rs4802307	0	4802307	intergenic_variant	1	NR	4E-7	6.3979400086720375				Illumina [9560910] (imputed)	N	Crohn disease	http://purl.obolibrary.org/obo/MONDO_0005011	GCST004132	Genome-wide genotyping array
2020-03-23	31900758	Han X	2020-01-03	Eur J Epidemiol	www.ncbi.nlm.nih.gov/pubmed/31900758	Using Mendelian randomization to evaluate the causal relationship between serum C-reactive protein levels and age-related macular degeneration.	C-reactive protein levels	418,642 British ancestry individuals	NA	19q13.32	19	46346189	NR	HIF3A - PPP5C	ENSG00000124440	ENSG00000011485		2756	814	rs55665939-A	rs55665939	0	55665939	intergenic_variant	1	0.691925	1E-12	12.0		0.0159905	[0.012-0.02] unit decrease	NR [NR]	N	C-reactive protein measurement	http://www.ebi.ac.uk/efo/EFO_0004458	GCST009777	Genome-wide genotyping array
2020-09-18	32888494	Vuckovic D	2020-09-01	Cell	www.ncbi.nlm.nih.gov/pubmed/32888494	The Polygenic and Monogenic Basis of Blood Traits and Diseases.	Eosinophil percentage of white cells	408,112 British individuals	NA	19q13.32	19	46344644	PPP5C, AC007193.10	HIF3A - PPP5C	ENSG00000124440	ENSG00000011485		1211	2359	rs62136099-T	rs62136099	0	62136099	intergenic_variant	1	0.306028	1E-15	15.0		0.019167969	[0.014-0.024] unit decrease	Affymetrix [93095623] (imputed)	N	eosinophil percentage of leukocytes	http://www.ebi.ac.uk/efo/EFO_0007991	GCST90002382	Genome-wide genotyping array
2020-09-21	32888493	Chen MH	2020-09-01	Cell	www.ncbi.nlm.nih.gov/pubmed/32888493	Trans-ethnic and Ancestry-Specific Blood-Cell Genetics in 746,667 Individuals from 5 Global Populations.	Lymphocyte count	524,923 European ancestry individuals	NA	19q13.32	19	46346189	NR	HIF3A - PPP5C	ENSG00000124440	ENSG00000011485		2756	814	rs55665939-G	rs55665939	0	55665939	intergenic_variant	1	0.305999	3E-14	13.522878745280337		0.015647	[0.012-0.02] SD unit increase	Affymetrix, Illumina [50265552] (imputed)	N	lymphocyte count	http://www.ebi.ac.uk/efo/EFO_0004587	GCST90002316	Genome-wide genotyping array
2020-09-21	32888493	Chen MH	2020-09-01	Cell	www.ncbi.nlm.nih.gov/pubmed/32888493	Trans-ethnic and Ancestry-Specific Blood-Cell Genetics in 746,667 Individuals from 5 Global Populations.	Lymphocyte count	643,370 African American or Afro-Caribbean, African ancestry, European ancestry, East Asian ancestry, Hispanic or Latin American and South Asian ancestry individuals	NA	19q13.32	19	46346189	NR	HIF3A - PPP5C	ENSG00000124440	ENSG00000011485		2756	814	rs55665939-G	rs55665939	0	55665939	intergenic_variant	1	0.266501	8E-12	11.096910013008056				Affymetrix, Illumina [23472807] (imputed)	N	lymphocyte count	http://www.ebi.ac.uk/efo/EFO_0004587	GCST90002320	Genome-wide genotyping array
2022-08-30	32193382	Cole JB	2020-03-19	Nat Commun	www.ncbi.nlm.nih.gov/pubmed/32193382	Comprehensive genomic analysis of dietary habits in UK Biobank identifies hundreds of genetic associations.	Principal component-derived dietary pattern 19	449,210 European ancestry individuals	NA	19q13.32	19	46401657		PPP5C-AS1			ENSG00000269151			rs117334534-G	rs117334534	0	117334534	intron_variant	0	0.960367	2E-8	7.698970004336019		0.0316283	[0.021-0.043] unit decrease	NR [NR] (imputed)	N	diet measurement	http://www.ebi.ac.uk/efo/EFO_0008111	GCST90133024	Genome-wide genotyping array
2024-08-23	37156999	Liu Z	2023-05-08	Nat Genet	www.ncbi.nlm.nih.gov/pubmed/37156999	Genetic architecture of the inflammatory bowel diseases across East Asian and European ancestries.	Crohn's disease	7,372 East Asian ancestry cases, 15,456 East Asian ancestry controls, 13,501 European ancestry cases, 331,263 European ancestry controls	NA	19q13.32	19	46346189		HIF3A - PPP5C	ENSG00000124440	ENSG00000011485		2756	814	rs55665939-?	rs55665939	0	55665939	intergenic_variant	1	NR	3E-9	8.522878745280337		0.101	[0.068-0.134] unit decrease	Illumina [Illumina ImmunoChip| Japonica Array V1] (imputed)	N	Crohn disease	http://purl.obolibrary.org/obo/MONDO_0005011	GCST90446792	Genome-wide genotyping array
2024-08-23	37156999	Liu Z	2023-05-08	Nat Genet	www.ncbi.nlm.nih.gov/pubmed/37156999	Genetic architecture of the inflammatory bowel diseases across East Asian and European ancestries.	Inflammatory bowel disease	14,393 East Asian ancestry cases, 15,456 East Asian ancestry controls, 30,713 European ancestry cases, 338,106 European ancestry controls	NA	19q13.32	19	46346189		HIF3A - PPP5C	ENSG00000124440	ENSG00000011485		2756	814	rs55665939-?	rs55665939	0	55665939	intergenic_variant	1	NR	4E-7	6.3979400086720375		0.0666	[0.041-0.092] unit decrease	Illumina [Illumina ImmunoChip| Japonica Array V1] (imputed)	N	inflammatory bowel disease	http://purl.obolibrary.org/obo/MONDO_0005265	GCST90292538	Genome-wide genotyping array
2026-06-19	42097137	Koprulu M	2026-05-06	Cell	www.ncbi.nlm.nih.gov/pubmed/42097137	Multi-cohort proteogenomic analyses reveal genetic effects across the proteome and diseasome.	Circulating IL15 levels (id: OID05551_OID20562)	49,872 European ancestry individuals	NA	19q13.32	19	46344644		HIF3A - PPP5C	ENSG00000124440	ENSG00000011485		1211	2359	rs62136099-?	rs62136099	0	62136099	intergenic_variant	1	NR	3E-12	11.522878745280337		0.0465708	[0.033-0.06] unit decrease	NR [NR] (imputed)	N	amount of interleukin-15 (human) in blood	http://purl.obolibrary.org/obo/OBA_2052358	GCST90860763	Genome-wide genotyping array
2026-06-19	42097137	Koprulu M	2026-05-06	Cell	www.ncbi.nlm.nih.gov/pubmed/42097137	Multi-cohort proteogenomic analyses reveal genetic effects across the proteome and diseasome.	Circulating IL15 levels (id: OID05169_OID20562)	51,971 European ancestry individuals	NA	19q13.32	19	46344644		HIF3A - PPP5C	ENSG00000124440	ENSG00000011485		1211	2359	rs62136099-?	rs62136099	0	62136099	intergenic_variant	1	NR	3E-12	11.522878745280337		0.0455587	[0.033-0.058] unit decrease	NR [NR] (imputed)	N	amount of interleukin-15 (human) in blood	http://purl.obolibrary.org/obo/OBA_2052358	GCST90860711	Genome-wide genotyping array
