TOTAL refs 1539 | with pmid 1427 | abstracts retrieved 1420
refs whose ABSTRACT reports a longitudinal LENGTH endpoint: 596
  ... of which the graph has NEVER recorded a quantitative finding: 231

ref_id	pmid	year	quant	score	human	title
aeppli2025	38402874	2025	NO	8	Y	Safety and Efficacy of Bilateral Epiphysiodesis Surgery to Reduce Final Height in Extremely Tall Adolescents:
aeppli2025a	40463981	2025	NO	8	Y	Inflammation-induced leg length discrepancy in children: from molecular mechanisms to clinical implications
ahirwar2025	41393467	2025	NO	8	Y	Methotrexate use in juvenile idiopathic arthritis and its impact on growth plate development: A prospective observationa
alfaraj2026	42026358	2026	NO	8	Y	Efficacy and safety of vosoritide in children with achondroplasia: a systematic review and meta-analysis
alrayess2025	39492684	2025	NO	8	Y	Anastrozole Improves Height Outcomes in Growing Children With Congenital Adrenal Hyperplasia Due to 21-hydroxylase
bilha2025	41464859	2025	NO	8	Y	Growth Without GH: A Case Series and Literature Review
carroll2025	40581356	2025	NO	8	Y	C-type natriuretic peptide and collagen X marker are aberrant in skeletal dysplasias
chagin2006	16461546	2006	NO	8	Y	Locally produced estrogen promotes fetal rat metatarsal bone growth; an effect mediated through increased chondrocyte
chagin2009	19258714	2009	NO	8	Y	Androgen receptor modulation does not affect longitudinal growth of cultured fetal rat metatarsal bones
cochrane2015ai	26447646	2015	NO	8	Y	Aromatase inhibitors for short stature in male children and adolescents
dotremont2023	37008942	2023	NO	8	Y	Efficacy and safety of a 4-year combination therapy of growth hormone and gonadotropin-releasing hormone analogue
fernndezarjona2024	38589872	2024	NO	8	Y	Sex-based differences in growth-related IGF1 signaling in response to PAPP-A2 deficiency: comparative effects
fjelstad2026	42106650	2026	NO	8	Y	Growth patterns in coeliac disease - a longitudinal study of children aged 0-6 years in Sweden
freer2026	40632615	2026	NO	8	Y	The Impact of Early-Life Growth on Long-Term Cardiometabolic and Neurocognitive Outcomes in High-Income Countries:
gregorova2025	40524006	2025	NO	8	Y	Cytogenetic anomalies are the predominant genetic alteration in children with nonfamilial tall stature: a comparative
hoppe2006	16848703	2006	NO	8	Y	Cow's milk and linear growth in industrialized and developing countries
kanniainen2025	40719687	2025	NO	8	Y	Predicted Adult Height Remained Normal in Children With Premature Adrenarche Despite Advanced Bone Age
koller2026	42131502	2026	NO	8	Y	Foot progression angle modifications alter hip joint contact forces and femoral growth plate mechanics in children
lampl2017	28217849	2017	NO	8	Y	How long bones grow children: Mechanistic paths to variation in human height growth
laufer2025	41400744	2025	NO	8	Y	Long-term outcome (28-40 years) after correction of leg length discrepancy through permanent epiphysiodesis
li2021	34820473	2021	NO	8	Y	SAG therapy restores bone growth and reduces enchondroma incidence in a model of skeletal chondrodysplasias caused
li2024_letrozole	38723894	2024	NO	8	Y	Adding Letrozole to Growth Hormone and Gonadotropin-Releasing Hormone Analog Increases Height in Girls With Short
liang2025	40331725	2025	NO	8	Y	Short stature in pre-pubertal children with X-linked hypophosphatemia
lokulosodipe2020	32054688	2020	NO	8	Y	Phenotype of genetically confirmed Silver-Russell syndrome beyond childhood
lu2026	41877217	2026	NO	8	Y	A novel MMP13 frameshift variant causes short stature via enhanced MMP13-HSPA5 interaction and activated endoplasmic
lui2019	30765323	2019	NO	8	Y	Cartilage-Targeted IGF-1 Treatment to Promote Longitudinal Bone Growth
merchant2025	39813116	2025	NO	8	Y	Approach to the Patient with Achondroplasia-New Considerations for Diagnosis, Management, and Treatment
murakami2004	14871928	2004	NO	8	Y	Constitutive activation of MEK1 in chondrocytes causes Stat1-independent achondroplasia-like dwarfism and rescues
navardauskaite2026	42325617	2026	NO	8	Y	Growth patterns in patients with congenital adrenal hyperplasia analyzed by the QEPS growth model
neely2014	25137428	2014	NO	8	Y	Letrozole vs anastrozole for height augmentation in short pubertal males: first year data
pannier2010	20673820	2010	NO	8	Y	Delayed bone age due to a dual effect of FGFR3 mutation in Achondroplasia
pomeroy2015	25960137	2015	NO	8	Y	Surname-inferred Andean ancestry is associated with child stature and limb lengths at high altitude in Peru, but
roche1975	172855	1975	NO	8	Y	The RWT method for the prediction of adult stature
rua2025	40471380	2025	NO	8	Y	Real-World Safety and Effectiveness of Vosoritide in Achondroplasia: Results from a Single Center in Portugal
ruiz2026	42491490	2026	NO	8	Y	Adult Height After Growth Hormone and Aromatase Inhibitor Therapy for Short Stature due to &lt;i&gt;ACAN&lt;/i&gt;
saavedra2026	42341624	2026	NO	8	Y	Real world data on rhIGF-1 therapy in children with severe primary IGF-I deficiency - The European experience
sada2024	37891382	2024	NO	8	Y	Tall stature and gigantism in transition age: clinical and genetic aspects-a literature review and recommendations
shimada2026	41232919	2026	NO	8	Y	Real-world safety and age-dependent effectiveness of vosoritide in achondroplasia: A single-center retrospective
shimomura2026	42244940	2026	NO	8	Y	Growth hormone therapy after hematopoietic cell transplantation in childhood: a nationwide survey and longitudinal
troib2013	23715123	2013	NO	8	Y	Epiphyseal growth plate growth hormone receptor signaling is decreased in chronic kidney disease-related growth
voss1997	9389235	1997	NO	8	Y	Diurnal variation in stature: is stretching the answer?
vuppalapati2015	26077727	2015	NO	8	Y	Targeted Deletion of Autophagy Genes Atg5 or Atg7 in the Chondrocytes Promotes Caspase-Dependent Cell Death and
weiss2021	34194391	2021	NO	8	Y	Evidence That Non-Syndromic Familial Tall Stature Has an Oligogenic Origin Including Ciliary Genes
wu2011	21592969	2011	NO	8	Y	Nuclear factor-kappaB (NF-kappaB) p65 interacts with Stat5b in growth plate chondrocytes and mediates the effects
xu2025	40818595	2025	NO	8	Y	The effect of isotretinoin treatment for acne vulgaris on height in adolescents: A retrospective cohort study
yang2026	42101462	2026	NO	8	Y	Pattern of height and weight development in a large cohort of underage Chinese pseudohypoparathyroidism patients
zaman2019	30657335	2019	NO	8	Y	Humanin is a novel regulator of Hedgehog signaling and prevents glucocorticoid-induced bone growth impairment
zhang2026a	42051956	2026	NO	8	Y	Case Report: Possible improvement of near-adult height with PEG-rhGH and letrozole in a late-puberty boy with
darbellay2024	38844479	2024	NO	7	Y	Pre-hypertrophic chondrogenic enhancer landscape of limb and axial skeleton development
deillon2015	25676059	2015	NO	7	Y	Natural history of growth hormone deficiency in a pediatric cohort
deng1996	8601314	1996	NO	7	Y	Fibroblast growth factor receptor 3 is a negative regulator of bone growth
gemes2024	38712328	2024	NO	7	Y	Implication of Pappalysins and Stanniocalcins in the Bioavailability of IGF-I in Children With Type 1 Diabetes
giorgino2025	40275369	2025	NO	7	Y	Aesthetic lower limb lengthening techniques: a systematic review of efficacy, complications, and patient satisfaction
guo1992	28524403	1992	NO	7	Y	Mathematical modelling of human growth: A comparative study
isaksson1982	7079756	1982	NO	7	Y	Growth hormone stimulates longitudinal bone growth directly
mohnike2026	41615893	2026	NO	7	Y	The CrescNet Registry Achondroplasia Module: Real-World Demographic Data and Clinical Outcomes in Untreated and
montgomery2014	24591126	2014	NO	7	Y	A novel osteogenic oxysterol compound for therapeutic development to promote bone growth: activation of hedgehog
olney2004	15094393	2004	NO	7	Y	Growth factor regulation of human growth plate chondrocyte proliferation in vitro
stokes2006a	17049077	2006	NO	7	Y	Biomechanical spinal growth modulation and progressive adolescent scoliosis--a test of the ''vicious cycle'' pathogeneti
abseyi2026	41213272	2026	NO	6		Pubertal characteristics, final height, and associated factors in patients with nonclassical congenital adrenal
abubakar2022	35877910	2022	NO	6		Roles of Sodium Hydrogen Exchanger (NHE1) and Anion Exchanger (AE2) across Chondrocytes Plasma Membrane during
aguiaroliveira2021	32935264	2021	NO	6	Y	Disruption of the GHRH receptor and its impact on children and adults: The Itabaianinha syndrome
akyuz2006	17139211	2006	NO	6		Static versus dynamic loading in the mechanical modulation of vertebral growth
aloman2025	41141171	2025	NO	6	Y	Mesenchymal Stem Cells in Pediatric Physeal Growth Arrest: A Systematic Review
altman2015	26254742	2015	NO	6		Quantification of skeletal growth, modeling, and remodeling by in vivo micro computed tomography
balemans2001	11181578	2001	NO	6	Y	Increased bone density in sclerosteosis is due to the deficiency of a novel secreted protein (SOST)
baron1993	8459015	1993	NO	6	Y	Effect of chemotherapy on human growth plate
boudin2018	30032985	2018	NO	6		Bi-allelic Loss-of-Function Mutations in the NPR-C Receptor Result in Enhanced Growth and Connective Tissue Abnormalitie
breur1994	7943757	1994	NO	6		Stereological and serial section analysis of chondrocytic enlargement in the proximal tibial growth plate of the
brjesson2010	20564247	2010	NO	6		The role of estrogen receptor α in growth plate cartilage for longitudinal bone growth
chou2021	34490260	2021	NO	6		G-Protein-Coupled Estrogen Receptor-1 Positively Regulates the Growth Plate Chondrocyte Proliferation in Female
chusho2001	11259675	2001	NO	6	Y	Dwarfism and early death in mice lacking C-type natriuretic peptide
courtland2010	20499371	2010	NO	6	Y	Sex-specific regulation of body size and bone slenderness by the acid labile subunit
dobie2015	25833299	2015	NO	6		Increased linear bone growth by GH in the absence of SOCS2 is independent of IGF-1
egerbacher2002	12207170	2002	NO	6	Y	Estrogen receptor-alpha and estrogen receptor-beta are present in the human growth plate in childhood and adolescence,
emons2011_2	21307122	2011	NO	6	Y	Genome-wide screening in human growth plates during puberty in one patient suggests a role for RUNX2 in epiphyseal
espiner2018	30844819	2018	NO	6	Y	Plasma C-Type Natriuretic Peptide: Emerging Applications in Disorders of Skeletal Growth
farnum1993	8443686	1993	NO	6		Determination of proliferative characteristics of growth plate chondrocytes by labeling with bromodeoxyuridine
farnum2000	11014914	2000	NO	6		Quantitative three-dimensional analysis of chondrocytic kinetic responses to short-term stapling of the rat proximal
farnum2003	12508079	2003	NO	6		Effect of short-term fasting on bone elongation rates: an analysis of catch-up growth in young male rats
galetaki2026	39427650	2026	NO	6	Y	Phase 2 Trial of Vosoritide Use in Patients with Hypochondroplasia: A Pharmacokinetic/Pharmacodynamic Analysis
gatyablonski2004	14525912	2004	NO	6		Leptin reverses the inhibitory effect of caloric restriction on longitudinal growth
hodgson2025	40661739	2025	NO	6	Y	Smaller and thinner long bones in children and adolescents with cerebral palsy and other neuromotor impairments
isgaard1988	3197637	1988	NO	6	Y	Pulsatile intravenous growth hormone (GH) infusion to hypophysectomized rats increases insulin-like growth factor
jin2021	34014834	2021	NO	6		Region-specific effects of blocking estrogen receptors on longitudinal bone growth
karlberg1989	2801108	1989	NO	6	Y	A biologically-oriented mathematical model (ICP) for human growth
klopocki2010	20170896	2010	NO	6		Deletion and point mutations of PTHLH cause brachydactyly type E
kochar2025	41684453	2025	NO	6	Y	Effect of timely diagnosis and treatment on growth and body proportionality of children with congenital hypothyroidism
lango2010	20881960	2010	NO	6	Y	Hundreds of variants clustered in genomic loci and biological pathways affect human height
lim2026	41824265	2026	NO	6	Y	Fixed Dosing of Leuprolide Acetate, a GnRH Agonist, in Children with Central Precocious Puberty: A Population
maffei2007	17547681	2007	NO	6	Y	A novel compound heterozygous mutation of the aromatase gene in an adult man: reinforced evidence on the relationship
malina2013	23743792	2013	NO	6		Role of intensive training in the growth and maturation of artistic gymnasts
matsuoka2025a	40714875	2025	NO	6		A Retinoid Antagonist Attenuates Bone Growth Inhibition Caused by Growth Plate Injury in Mice
mcintosh1994	8004099	1994	NO	6	Y	Additional mutations of type X collagen confirm COL10A1 as the Schmid metaphyseal chondrodysplasia locus
mushtaq2004	14749359	2004	NO	6		Insulin-like growth factor-I augments chondrocyte hypertrophy and reverses glucocorticoid-mediated growth retardation
nevarez2026	41574606	2026	NO	6	Y	Small molecule inhibition rescues the skeletal dysplasia phenotype of Trpv4 mutant mice
nicole2000	11101850	2000	NO	6	Y	Perlecan, the major proteoglycan of basement membranes, is altered in patients with Schwartz-Jampel syndrome (chondrodys
pass2012	22228213	2012	NO	6		SOCS2 is the critical regulator of GH action in murine growth plate chondrogenesis
pineault2015	26500224	2015	NO	6		Hox11 genes regulate postnatal longitudinal bone growth and growth plate proliferation
qian2026	42028063	2026	NO	6	Y	C-Type Natriuretic Peptide Derivatives: Orthopaedic Implications in Achondroplasia
racine2018	29915560	2018	NO	6		Heat-Induced Limb Length Asymmetry Has Functional Impact on Weight Bearing in Mouse Hindlimbs
reincke2025	40134702	2025	NO	6	Y	Real-world Outcome of Vosoritide Treatment in Children With Achondroplasia: A 12-month Retrospective Observational
rochira2009	19707181	2009	NO	6	Y	Aromatase deficiency in men: a clinical perspective
roelen2026	42299327	2026	NO	6	Y	Guided growth: Current concepts and novel techniques for harnessing a child''s growth potential
ruizperez2007	17660199	2007	NO	6	Y	Evc is a positive mediator of Ihh-regulated bone growth that localises at the base of chondrocyte cilia
savarirayan2024	37984383	2024	NO	6	Y	Vosoritide therapy in children with achondroplasia aged 3-59 months: a multinational, randomised, double-blind,
saxena2022	34793695	2022	NO	6		Interspecies transcriptomics identify genes that underlie disproportionate foot growth in jerboas
schlechter1986	3464007	1986	NO	6	Y	Evidence suggesting that the direct growth-promoting effect of growth hormone on cartilage in vivo is mediated
seminara2003	14573733	2003	NO	6	Y	The GPR54 gene as a regulator of puberty
shears1998	9590293	1998	NO	6		Mutation and deletion of the pseudoautosomal gene SHOX cause Leri-Weill dyschondrosteosis
sims2000	11067862	2000	NO	6		Bone homeostasis in growth hormone receptor-null mice is restored by IGF-I but independent of Stat5
sttzle1980	7212638	1980	NO	6	Y	Shape-invariant modelling of human growth
thakore2026	41342396	2026	NO	6		miR-433 targets BMP and Indian hedgehog signaling to coordinate murine postnatal growth plate dynamics
van2002	12052459	2002	NO	6		Gender differences in expression of androgen receptor in tibial growth plate and metaphyseal bone of the rat
victora2008	18206223	2008	NO	6	Y	Maternal and child undernutrition: consequences for adult health and human capital
wang1999	10544181	1999	NO	6		Igf1 promotes longitudinal bone growth by insulin-like actions augmenting chondrocyte hypertrophy
wang2004	14765976	2004	NO	6		Evidence supporting dual, IGF-I-independent and IGF-I-dependent, roles for GH in promoting longitudinal bone growth
wang2014	24423331	2014	NO	6	Y	Effects of denosumab treatment and discontinuation on human growth plates
wang2014a	24762197	2014	NO	6		Periosteal PTHrP regulates cortical bone modeling during linear growth in mice
wu2013	23940039	2013	NO	6	Y	Increased expression of fibroblast growth factor 21 (FGF21) during chronic undernutrition causes growth hormone
wu2017	28479301	2017	NO	6	Y	Bone Size and Quality Regulation: Concerted Actions of mTOR in Mesenchymal Stromal Cells and Osteoclasts
yasoda1998	9565590	1998	NO	6		Natriuretic peptide regulation of endochondral ossification. Evidence for possible roles of the C-type natriuretic
yasoda2004	14702637	2004	NO	6	Y	Overexpression of CNP in chondrocytes rescues achondroplasia through a MAPK-dependent pathway
zapf2002	12130560	2002	NO	6		The somatostatin analog octreotide inhibits GH-stimulated, but not IGF-I-stimulated, bone growth in hypophysectomized
zhou2015	25432534	2015	NO	6		Mutant activated FGFR3 impairs endochondral bone growth by preventing SOX9 downregulation in differentiating chondrocyte
zhu2010	20512147	2010	NO	6	Y	Lin28a transgenic mice manifest size and puberty phenotypes identified in human genetic association studies
bush2008	17786946	2008	NO	5		The osmotic sensitivity of rat growth plate chondrocytes in situ; clarifying the mechanisms of hypertrophy
caino2025	40905592	2025	NO	5	Y	Development of disease-specific growth charts for Argentine Prader-Willi syndrome without growth hormone treatment
chen2023	37029304	2023	NO	5		Developmental growth plate cartilage formation suppressed by artificial light at night via inhibiting BMAL1-driven
dazgonzlez2022	33106379	2022	NO	5		Biallelic cGMP-dependent type II protein kinase gene (<i>PRKG2</i>) variants cause a novel acromesomelic dysplasia
emons2011	21540578	2011	NO	5		Mechanisms of growth plate maturation and epiphyseal fusion
frost2001	11393568	2001	NO	5	Y	On longitudinal bone growth, short stature, and related matters: insights about cartilage physiology from the
hymes2011	21884345	2011	NO	5	Y	Linear growth in pediatric renal transplant recipients receiving sirolimus
kawai2013	23235154	2013	NO	5		FGF23 suppresses chondrocyte proliferation in the presence of soluble α-Klotho both in vitro and in vivo
keller2004	15513690	2004	NO	5	Y	Short-term growth of premature infants treated with dexamethasone assessed by mini-knemometry
koller2025	40227492	2025	NO	5	Y	Femoral bone growth predictions based on personalized multi-scale simulations: validation and sensitivity analysis
loqman2010	20473830	2010	NO	5		A cell shrinkage artefact in growth plate chondrocytes with common fixative solutions: importance of fixative
lui2011a	21441345	2011	NO	5		Mechanisms limiting body growth in mammals
lui2012	22914739	2012	NO	5	Y	Synthesizing genome-wide association studies and expression microarray reveals novel genes that act in the human
miura2014	24259409	2014	NO	5		Overgrowth syndrome associated with a gain-of-function mutation of the natriuretic peptide receptor 2 (NPR2) gene
monahan2026	41031626	2026	NO	5		A novel brachydactyly type E syndrome caused by variants in helix 8 of the PTH1R
nilsson1999	9920110	1999	NO	5	Y	Demonstration of estrogen receptor-beta immunoreactivity in human growth plate cartilage
nilsson2004	15380808	2004	NO	5		Fundamental limits on longitudinal bone growth: growth plate senescence and epiphyseal fusion
ozasa2005	15869918	2005	NO	5		Complementary antagonistic actions between C-type natriuretic peptide and the MAPK pathway through FGFR-3 in ATDC5
perry2008	17980691	2008	NO	5		Impaired growth plate function in bmp-6 null mice
pomeroy2021	33431970	2021	NO	5	Y	Population history and ecology, in addition to climate, influence human stature and body proportions
serrat2013	23956063	2013	NO	5		Allen''s rule revisited: temperature influences bone elongation during a critical period of postnatal development
serrat2017	28798204	2017	NO	5		Imaging IGF-I uptake in growth plate cartilage using in vivo multiphoton microscopy
tatsi2017	29264551	2017	NO	5		Aggrecan Mutations in Nonfamilial Short Stature and Short Stature Without Accelerated Skeletal Maturation
villemure2009	19540500	2009	NO	5	Y	Growth plate mechanics and mechanobiology. A survey of present understanding
wales1987	3827294	1987	NO	5	Y	Knemometry in assessment of linear growth
white2023	37246759	2023	NO	5		Dysregulation of insulin-like growth factor-1 signaling in postnatal bone elongation
widn2010	20398887	2010	NO	5	Y	Distinct variants at LIN28B influence growth in height from birth to adulthood
zhang2025	41613437	2025	NO	5		Primary cilia in growth plates orchestrate long bone development
abe2012	22719050	2012	NO	4		Monocarboxylate transporter 10 functions as a thyroid hormone transporter in chondrocytes
arnold2007	17336904	2007	NO	4		MEF2C transcription factor controls chondrocyte hypertrophy and bone development
baron1994	7925098	1994	NO	4		Catch-up growth after glucocorticoid excess: a mechanism intrinsic to the growth plate
bassett2006	16223867	2006	NO	4		Thyroid hormone regulates heparan sulfate proteoglycan expression in the growth plate
carlone2021	33438789	2021	NO	4	Y	Telomerase expression marks transitional growth-associated skeletal progenitor/stem cells
chrysis2005	15576458	2005	NO	4		Dexamethasone induces apoptosis in proliferative chondrocytes through activation of caspases and suppression of
gevers2002	12162495	2002	NO	4		Localization and regulation of the growth hormone receptor and growth hormone-binding protein in the rat growth
hallett2021_2	34137454	2021	NO	4		The hypertrophic chondrocyte: To be or not to be
harboe2024	39215168	2024	NO	4		The metalloproteinase PAPP-A is required for IGF-dependent chondrocyte differentiation and organization
hppner2025	40455993	2025	NO	4		A mouse model of Jansen's metaphyseal chondrodysplasia for investigating disease mechanisms and candidate therapeutics
hsieh2021	34365025	2021	NO	4		Chondrocyte Tsc1 controls cranial base bone development by restraining the premature differentiation of synchondroses
hung2016	26794256	2016	NO	4		A combined series of Fgf9 and Fgf18 mutant alleles identifies unique and redundant roles in skeletal development
karimian2024	39778406	2024	NO	4	Y	Age of menarche and final height in patients with permanent congenital hypothyroidism
karp2000	10631175	2000	NO	4		Indian hedgehog coordinates endochondral bone growth and morphogenesis via parathyroid hormone related-protein-dependent
kaviani2015	26019113	2015	NO	4		Compressive mechanical modulation alters the viability of growth plate chondrocytes in vitro
kaviani2016	26452368	2016	NO	4	Y	Growth plate cartilage shows different strain patterns in response to static versus dynamic mechanical modulation
larnkjr2026	42002262	2026	NO	4	Y	Plasma Amino Acids as Correlates of Serum Insulin-Like Growth Factor 1, Linear Growth, and Fat-Free Mass: A Cross-Sectio
lee2017	29100092	2017	NO	4		Mutations in Fibronectin Cause a Subtype of Spondylometaphyseal Dysplasia with "Corner Fractures
li2009	19224985	2009	NO	4		Noncanonical frizzled signaling regulates cell polarity of growth plate chondrocytes
liu2002	11937493	2002	NO	4		Coordination of chondrogenesis and osteogenesis by fibroblast growth factor 18
lui2011	21865751	2011	NO	4		Growth plate senescence and catch-up growth
lui2014	24489814	2014	NO	4		Broad shifts in gene expression during early postnatal life are associated with shifts in histone methylation patterns
macrae2009	18803233	2009	NO	4		Increased bone mass, altered trabecular architecture and modified growth plate organization in the growing skeleton
mcbrien2011	21470252	2011	NO	4		Growth dynamics of the canine proximal tibial physis
mosssalentijn1991	2050577	1991	NO	4		Computer simulations of chondrocytic clone behaviour in rabbit growth plates
mundlos1997	9182765	1997	NO	4		Mutations involving the transcription factor CBFA1 cause cleidocranial dysplasia
nilsson1986	3523759	1986	NO	4		Regulation by growth hormone of number of chondrocytes containing IGF-I in rat growth plate
noda2020	31693237	2020	NO	4		An Inverse Agonist Ligand of the PTH Receptor Partially Rescues Skeletal Defects in a Mouse Model of Jansen's Metaphysea
olney2012	22435455	2012	NO	4	Y	Amino-terminal propeptide of C-type natriuretic peptide (NTproCNP) predicts height velocity in healthy children
oz2001	11564607	2001	NO	4	Y	Expression of aromatase in the human growth plate
park2012	22477008	2012	NO	4		Altered cellular kinetics in growth plate according to alterations in weight bearing
phornphutkul2008	18265001	2008	NO	4		mTOR signaling contributes to chondrocyte differentiation
rodrguez2025	40475877	2025	NO	4		Exploring the impact of mechanical stimuli on growth plate morphology and trabecular adaptation: A finite element
romereim2014	24764078	2014	NO	4		A dynamic cell adhesion surface regulates tissue architecture in growth plate cartilage
satoh2015	26568655	2015	NO	4	Y	Bone age: assessment methods and clinical applications
schwarzer2016	26912894	2016	NO	4		Lactobacillus plantarum strain maintains growth of infant mice during chronic undernutrition
staines2018	29417047	2018	NO	4	Y	A Computed Microtomography Method for Understanding Epiphyseal Growth Plate Fusion
stegen2020	32470321	2020	NO	4		Glutamine Metabolism Controls Chondrocyte Identity and Function
tamura2004	15572448	2004	NO	4		Critical roles of the guanylyl cyclase B receptor in endochondral ossification and development of female reproductive
tesch2003	12510812	2003	NO	4		Orientation of mineral crystallites and mineral density during skeletal development in mice deficient in tissue
warrell1979	422478	1979	NO	4		The role of periosteal tension in the growth of long bones
yuasa2009	19815716	2009	NO	4		Transient activation of Wnt/{beta}-catenin signaling induces abnormal growth plate closure and articular cartilage
zhang2023_2	36980807	2023	NO	4		Roles of Local Soluble Factors in Maintaining the Growth Plate: An Update
barreto1994	8146454	1994	NO	3		Hypertrophic chondrocyte volume and growth rates in avian growth plates
costajnior2024	38800625	2024	NO	3		Association of <i>ZBTB38</i> gene polymorphism (rs724016) with height and fetal hemoglobin in individuals with
cotterill2005	16287128	2005	NO	3	Y	Multiple epiphyseal dysplasia mutations in MATN3 cause misfolding of the A-domain and prevent secretion of mutant
erkula2002	11977157	2002	NO	3		Growth and maturation in Marfan syndrome
farnum1989a	2589219	1989	NO	3		Condensation of hypertrophic chondrocytes at the chondro-osseous junction of growth plate cartilage in Yucatan
gao2011	21316585	2011	NO	3	Y	Wnt signaling gradients establish planar cell polarity by inducing Vangl2 phosphorylation through Ror2
hauer2017	28939912	2017	NO	3		Genetic screening confirms heterozygous mutations in ACAN as a major cause of idiopathic short stature
hermanussen1998	9661976	1998	NO	3		Short-term growth: evidence for chaotic series of mini growth spurts in rat growth
holmgren2017	28424059	2017	NO	3	Y	Insight into human pubertal growth by applying the QEPS growth model
huckert2015	25669657	2015	NO	3	Y	Mutations in the latent TGF-beta binding protein 3 (LTBP3) gene cause brachyolmia with amelogenesis imperfecta
naski1996	8640234	1996	NO	3	Y	Graded activation of fibroblast growth factor receptor 3 by mutations causing achondroplasia and thanatophoric
ostria2026	41520458	2026	NO	3		The growth plate: Zonal architecture, plasticity, and endocrine control of linear growth
pritchett1997	9005920	1997	NO	3	Y	Growth and growth prediction of the fibula
rauch2005	16172510	2005	NO	3		Bone growth in length and width: the Yin and Yang of bone stability
richard2025	39549696	2025	NO	3	Y	Functional genomics of human skeletal development and the patterning of height heritability
richardson2025	40106116	2025	NO	3	Y	Effects of childhood and adult height on later life cardiovascular disease risk estimated through Mendelian randomizatio
sayers2013	23461542	2013	NO	3	Y	A new family of mathematical models describing the human growth curve-Erratum: direct calculation of peak height
sentchordimont2025	40129139	2025	NO	3		Moderate to Severe Short Stature and Joint Involvement in Individuals With ACAN Deletions
zhang2024a	39655393	2024	NO	3	Y	Genomic Effects of Biomechanical Loading in Adolescent Human Growth Plate Cartilage: A Pilot Study
johnson1996	8940335	1996	NO	2		Is growth saltatory? The usefulness and limitations of frequency distributions in analyzing pulsatile data
bahar2025	40564714	2025	NO	1		Final Adult Height in Girls Treated with GnRH Analogues for Precocious Puberty Around Age Eight
beunen2006	16540852	2006	NO	1		Blunted growth velocity in female artistic gymnasts
briggs1995	7670472	1995	NO	1		Pseudoachondroplasia and multiple epiphyseal dysplasia due to mutations in the cartilage oligomeric matrix protein
dentice2005	15965468	2005	NO	1		The Hedgehog-inducible ubiquitin ligase subunit WSB-1 modulates thyroid hormone activation and PTHrP secretion
han2025a	41383963	2025	NO	1		Single-cell transcriptome analysis reveals elongation and ossification characteristics of antlers
hellemans2003	12632327	2003	NO	1		Homozygous mutations in IHH cause acrocapitofemoral dysplasia, an autosomal recessive disorder with cone-shaped
kozhemyakina2015	25715393	2015	NO	1		A pathway to bone: signaling molecules and transcription factors involved in chondrocyte development and maturation
langenskild1998	9531398	1998	NO	1		Role of the ossification groove of Ranvier in normal and pathologic bone growth: a review
odgren2016	26818783	2016	NO	1		The cast of clasts: catabolism and vascular invasion during bone growth, repair, and disease by osteoclasts, chondroclas
potter2024	38713083	2024	NO	1		Phosphorylation-Dependent Regulation of Guanylyl Cyclase (GC)-A and Other Membrane GC Receptors
usami2019	30602070	2019	NO	1		Possible Contribution of Wnt-Responsive Chondroprogenitors to the Postnatal Murine Growth Plate
wu2025	40581360	2025	NO	1		Early determination of the dorsal-ventral axis in endochondral ossification in mice
yang2003	12538525	2003	NO	1		Wnt5a and Wnt5b exhibit distinct activities in coordinating chondrocyte proliferation and differentiation
zhang2024	38253890	2024	NO	1		Rheb1 is required for limb growth through regulating chondrogenesis in growth plate
alashwal2026	39657622	2026	YES	8	Y	Long-Term Treatment for Laron Syndrome with IGF-1 Injection over 22 Years in Saudi Arabia: A Cohort Study
albin2012	23075676	2012	YES	8	Y	Estradiol and pubertal growth in girls
albin2013	23988590	2013	YES	8	Y	Pubertal growth and serum testosterone and estradiol levels in boys
alvarezgarcia2007	17370095	2007	YES	8	Y	Rapamycin retards growth and causes marked alterations in the growth plate of young rats
arya2020	33238275	2020	YES	8	Y	Acromesomelic Dysplasia, Type Maroteaux: Impact of Long-Term (8 Years) High-Dose Growth Hormone Treatment on Growth
avijgan2026br	42552306	2026	YES	8	Y	Human growth plates house resting zone sub-populations with features of quiescent stem cells
bannink2007	17504895	2007	YES	8	Y	Free/dissociable insulin-like growth factor (IGF)-I, not total IGF-I, correlates with growth response during growth
benson2025	39658204	2025	YES	8	Y	An activating calcium-sensing receptor variant with biased signaling reveals a critical residue for Gα11 coupling
byers2000	11033444	2000	YES	8	Y	Quantitative histomorphometric analysis of the human growth plate from birth to adolescence
cantasorsdemir2026	41460708	2026	YES	8	Y	Do patients with idiopathic short stature or partial growth hormone deficiency need to continue growth hormone
chagin2007	17293177	2007	YES	8	Y	Tamoxifen induces permanent growth arrest through selective induction of apoptosis in growth plate chondrocytes
cho2026	41787710	2026	YES	8	Y	Final adult height in male patients with central precocious puberty after gonadotropin-releasing hormone agonist
cui2025	40326775	2025	YES	8	Y	The Combination of Aromatase Inhibitors and GH Treatment for Idiopathic Short Stature in Male Adolescents
dauber2026	41967490	2026	YES	8	Y	A Phase II Basket Trial of Vosoritide in Children with RASopathies, ACAN and NPR2 Deficiency
davis2025	41198007	2025	YES	8	Y	Reference Growth Charts for Children With 47,XXY/Klinefelter Syndrome
de2011	21708799	2011	YES	8	Y	Comparison of the World Health Organization growth velocity standards with existing US reference data
de2026	41017432	2026	YES	8	Y	Association of IGF-1 Levels With Height From Childhood to Adulthood: An Observational and Mendelian Randomization
debenedetti2015	25504861	2015	YES	8	Y	Catch-up growth during tocilizumab therapy for systemic juvenile idiopathic arthritis: results from a phase III
demuynck2024	38590263	2024	YES	8	Y	Low-dose infigratinib increases bone growth and corrects growth plate abnormalities in an achondroplasia mouse
demuynck2025	40581757	2025	YES	8	Y	Infigratinib low dose therapy is an effective strategy to treat hypochondroplasia
doan2026	42230379	2026	YES	8	Y	Clinical and genetic spectrum of SHOX deficiency: phenotypic heterogeneity and the "Jumping SHOX" phenomenon
domen2009	19729943	2009	YES	8	Y	Human acid-labile subunit deficiency: clinical, endocrine and metabolic consequences
fernndezarjona2026	42125896	2026	YES	8	Y	Sex-specific hormonal rescue of bone growth in PAPPA2-deficient mice : a role for cannabinoid receptors and STAT3
frisancho1991	1877508	1991	YES	8	Y	Decreased stature associated with moderate blood lead concentrations in Mexican-American children
fukumoto2026	41911946	2026	YES	8	Y	Real-world Impact of Treatment on Growth in Children With X-Linked Hypophosphatemia
giannopoulou2024	39634186	2024	YES	8	Y	Long term effects of aromatase inhibitor treatment in patients with aromatase excess syndrome
gkourogianni2017	27870580	2017	YES	8	Y	Clinical Characterization of Patients With Autosomal Dominant Short Stature due to Aggrecan Mutations
hanley2020	32720985	2020	YES	8	Y	Short Stature is Progressive in Patients with Heterozygous NPR2 Mutations
hannema2013	24057292	2013	YES	8	Y	An activating mutation in the kinase homology domain of the natriuretic peptide receptor-2 causes extremely tall
hisadooliva2015	26075495	2015	YES	8	Y	Heterozygous NPR2 Mutations Cause Disproportionate Short Stature, Similar to Léri-Weill Dyschondrosteosis
htet2026	42132033	2026	YES	8	Y	Environmental enteric dysfunction influences linear growth of children through insulin-like growth factor-1: findings
imaizumi2026	41623292	2026	YES	8	Y	Growth Failure Associated With Parathyroid Hormone Levels in Pediatric Dialysis Patients: A Nationwide Cohort
iravani2019	31434056	2019	YES	8	Y	Effects of the selective GPER1 agonist G1 on bone growth
jirova2026	41577878	2026	YES	8	Y	Noonan syndrome spectrum disorders in real life: patient characteristics and response to growth hormone therapy
jorge2025	38744258	2025	YES	8	Y	Clinical Characteristics of Children with &lt;italic&gt;THRA&lt;/italic&gt; Mutations: Variable Phenotype and
joustra2025	38952118	2025	YES	8	Y	&lt;italic&gt;IGF1&lt;/italic&gt; Haploinsufficiency: Phenotype and Response to Growth Hormone Treatment in 9
karlberg1995	8552442	1995	YES	8	Y	Growth in full-term small-for-gestational-age infants: from birth to final height
kelly2012	22938716	2012	YES	8	Y	Effect of inhaled glucocorticoids in childhood on adult height
kim2025	40577202	2025	YES	8	Y	Exome sequencing of patients with syndromic tall stature reveals four novel candidate genes
klar2025	39377546	2025	YES	8	Y	Evaluation of Growth Characteristics and Final Height of Cases Diagnosed with Noonan Syndrome on Growth Hormone
klein1994	8119172	1994	YES	8	Y	Linear growth in the rabbit is continuous, not saltatory
lanfranco2008	18590994	2008	YES	8	Y	A novel mutation in the human aromatase gene: insights on the relationship among serum estradiol, longitudinal
lauffer2022	35233476	2022	YES	8	Y	Broadening the Spectrum of Loss-of-Function Variants in NPR-C-Related Extreme Tall Stature
lawrence2025	40695558	2025	YES	8	Y	Longitudinal modelling of growth in neonates exposed to antenatal steroids to quantify associations with final
lui2018	30036371	2018	YES	8	Y	Differential aging of growth plate cartilage underlies differences in bone length and thus helps determine skeletal
luo1998	9773847	1998	YES	8	Y	Target height as predicted by parental heights in a population-based study
machnicki2022	34989650	2022	YES	8	Y	Altered IGF-I activity and accelerated bone elongation in growth plates precede excess weight gain in a mouse model
matsuoka2025	39883086	2025	YES	8	Y	Retinoid-impregnated nanoparticles enable control of bone growth by site-specific modulation of endochondral ossificatio
mauras2008	18165285	2008	YES	8	Y	Anastrozole increases predicted adult height of short adolescent males treated with growth hormone: a randomized,
mauras2016	27710241	2016	YES	8	Y	Randomized Trial of Aromatase Inhibitors, Growth Hormone, or Combination in Pubertal Boys with Idiopathic, Short
merke2025	39672600	2025	YES	8	Y	Adult Height Following Prepubertal Treatment With Antiandrogen, Aromatase Inhibitor, and Reduced Hydrocortisone
merker2018	30070757	2018	YES	8	Y	Growth in achondroplasia: Development of height, weight, head circumference, and body mass index in a European
mulcrone2026	41378917	2026	YES	8	Y	Combined treatment with a C-type natriuretic peptide analog and bisphosphonate enhances bone growth in growing
muthuvel2024	39502477	2024	YES	8	Y	Treatment of Short Stature in Aggrecan-deficient Patients With Recombinant Human GH: 3-year Response
nakagawa2008	18408076	2008	YES	8	Y	Cinacalcet does not affect longitudinal growth but increases body weight gain in experimental uraemia
nearfinal2026	41537284	2026	YES	8	Y	Near Final Height in Males treated with Aromatase Inhibitors
nilsson2014_2	24762113	2014	YES	8	Y	Short stature, accelerated bone maturation, and early growth cessation due to heterozygous aggrecan mutations
noonan2004	15502578	2004	YES	8	Y	Growing pains: are they due to increased growth during recumbency as documented in a lamb model?
noyes2016	26457578	2016	YES	8	Y	Premature Epiphyseal Closure of the Lower Extremities Contributing to Short Stature after cis-Retinoic Acid Therapy
ogawa2002	11862529	2002	YES	8	Y	Human PTH (1-34) induces longitudinal bone growth in rats
oichi2023	37080994	2023	YES	8	Y	Nutrient-regulated dynamics of chondroprogenitors in the postnatal murine growth plate
pridik2026	41921027	2026	YES	8	Y	Free testosterone and IGF-I mediate sex-specific linear growth during minipuberty
ramesh2022	34520899	2022	YES	8	Y	Radial shockwave treatment promotes chondrogenesis in human growth plate and longitudinal bone growth in rabbits
ramonkrauel2026	40626687	2026	YES	8	Y	Near-Adult Height Outcomes in Patients Treated With rhIGF-1 for Severe Growth Failure: Real-World IGFD Registry
reilly1984	6600017	1984	YES	8	Y	Circadian variation in human stature
rodriguez1992	1727937	1992	YES	8	Y	Human growth plate development in the fetal and neonatal period
ross2011	21449786	2011	YES	8	Y	Growth hormone plus childhood low-dose estrogen in Turner's syndrome
rostomyan2015	26187128	2015	YES	8	Y	Clinical and genetic characterization of pituitary gigantism: an international collaborative study in 208 patients
sadanand2026	42223406	2026	YES	8	Y	Prepubertal Initiation of Imatinib is Associated with Reduced Final Height in Children with Chronic Myeloid Leukemia
savarirayan2020	32891212	2020	YES	8	Y	Once-daily, subcutaneous vosoritide therapy in children with achondroplasia: a randomised, double-blind, phase
savarirayan2026	41247754	2026	YES	8	Y	Once-Weekly Navepegritide in Children With Achondroplasia: The APPROACH Randomized Clinical Trial
sawamura2025	39514089	2025	YES	8	Y	Meclozine and growth hormone ameliorate bone length and quality in experimental models of achondroplasia
schmidt2026	42160078	2026	YES	8	Y	Isotretinoin Treatment in Adolescence and Adult Height
serrat2014	24371019	2014	YES	8	Y	Hindlimb heating increases vascular access of large molecules to murine tibial growth plates measured by in vivo
serrat2015	25639189	2015	YES	8	Y	Unilateral heat accelerates bone elongation and lengthens extremities of growing mice
shulman2013	23374591	2013	YES	8	Y	Is there "seasonal" variation in height velocity in children treated with growth hormone? Data from the National
theintz1993	8117341	1993	YES	8	Y	Evidence for a reduction of growth potential in adolescent female gymnasts
toydemir2006	17033969	2006	YES	8	Y	A novel mutation in FGFR3 causes camptodactyly, tall stature, and hearing loss (CATSHL) syndrome
tyra300_2025	40178985	2025	YES	8	Y	TYRA-300, an FGFR3-selective inhibitor, promotes bone growth in two FGFR3-driven models of chondrodysplasia
vasques2013	24001744	2013	YES	8	Y	Heterozygous mutations in natriuretic peptide receptor-B (NPR2) gene as a cause of short stature in patients initially
velentza2023	37198212	2023	YES	8	Y	Pharmacological inhibition of BCL-2 with the FDA-approved drug venetoclax impairs longitudinal bone growth
vliegenthart2026	41239863	2026	YES	8	Y	Growth Hormone Withdrawal in Mid-Puberty: No Impact on Near Adult Height in Adolescents With Transient Idiopathic
wang2025	41233903	2025	YES	8	Y	Effects of 24-week jumping exercise on bone mineral density and linear growth in children with short stature:
wit2002	12510974	2002	YES	8	Y	Catch-up growth: definition, mechanisms, and models
wolthers2017	28545804	2017	YES	8	Y	Knemometry Assessment of Short-term Growth in Children With Asthma Receiving Fluticasone Furoate for 2 Weeks:
xu2014	24955154	2014	YES	8	Y	Correlation between serum IGF-1 and blood lead level in short stature children and adolescent with growth hormone
yackobovitchga2025	40193585	2025	YES	8	Y	Aromatase Inhibitors Treatment Alone or With GH Increases Final Height in Short-statured Pubertal Boys-Real-world
zegarra2024	39262574	2024	YES	8	Y	Anastrozole vs Letrozole to Augment Height in Pubertal Males With Idiopathic Short Stature: A 3-Year Randomized
zhao2025	40225070	2025	YES	8	Y	Recombinant growth hormone improves growth and adult height: a comparison between treated and untreated patients
abuzzahab2003	14657428	2003	YES	7	Y	IGF-I receptor mutations resulting in intrauterine and postnatal growth retardation
aubert2026	42414553	2026	YES	7	Y	Confirmation of frameshift variants in the last exon of FGFR1 as a cause of multiple epiphyseal dysplasia
canopyspine2026	41783511	2026	YES	7	Y	Effect of vosoritide on spine morphology in children with achondroplasia: 1-year results from a randomized phase
clemens2026	42202243	2026	YES	7	Y	Vamorolone for Duchenne Muscular Dystrophy: A Cross-Trial Efficacy Comparison With Classic Corticosteroids From
dauber2016	26902202	2016	YES	7	Y	Mutations in pregnancy-associated plasma protein A2 cause short stature due to low IGF-I availability
emons2010	20093283	2010	YES	7	Y	Expression of vascular endothelial growth factor in the growth plate is stimulated by estradiol and increases during
erdaseries2025	39084206	2025	YES	7	Y	Accelerated Linear Growth during Erdafitinib Treatment: An FGFR-Related Effect
eugster2003	12915825	2003	YES	7	Y	Tamoxifen treatment for precocious puberty in McCune-Albright syndrome: a multicenter trial
feigerlova2025	40032016	2025	YES	7	Y	Novel estrogen receptor-α gene inactivating missense variant in a woman: Therapeutic challenge and long-term follow-up
gevers1996a	8854246	1996	YES	7	Y	Single cell enzyme activity and proliferation in the growth plate: effects of growth hormone
holmgren2026	41658991	2026	YES	7	Y	Age-specific Contributions to Height in Boys with Klinefelter Syndrome: Analysis of Growth Using the QEPS Model
jeong2026	41512838	2026	YES	7	Y	Functional analysis of NPR2 variants supports the therapeutic rationale for CNP in short stature
kanakatti2026	41157964	2026	YES	7	Y	Effect of Vosoritide Therapy on IGF-I and Endogenous C-Type Natriuretic Peptide in Hypochondroplasia
karlberg1990	2220375	1990	YES	7	Y	The infancy-childhood growth spurt
kemp2006	16610982	2006	YES	7	Y	Efficacy and safety of mecasermin rinfabate
kim2023	36442838	2023	YES	7	Y	Clinical Manifestations and Outcomes of 20 Korean Hypochondroplasia Patients with the FGFR3 N540K variant
kitta2024	39502984	2024	YES	7	Y	Periosteal Stripping and Periosteal Division for Leg Length Discrepancy After Proximal Femoral Intertrochanteric
laron2015	26401581	2015	YES	7	Y	LESSONS FROM 50 YEARS OF STUDY OF LARON SYNDROME
mass2003	12597778	2003	YES	7	Y	Chemical and biomechanical characterization of hyperhomocysteinemic bone disease in an animal model
matsushita2023	37428729	2023	YES	7	Y	Phase 1b study on the repurposing of meclizine hydrochloride for children with achondroplasia
mcdonnell2026a	41505353	2026	YES	7	Y	Longitudinal Observation of Children with Achondroplasia: Findings from a Global Natural History Study (ACHieve)
mkelinen2025	41296694	2025	YES	7	Y	A nonsense mutation in the PRKG2 gene in dalmatian dogs with chondrodysplasia
morishima1995	8530621	1995	YES	7	Y	Aromatase deficiency in male and female siblings caused by a novel mutation and the physiological role of estrogens
ncd2016	27458798	2016	YES	7	Y	A century of trends in adult human height
pollock2024	38804882	2024	YES	7	Y	Exploring height outcomes with adjuvant aromatase inhibition in growth hormone-deficient male survivors of childhood
robinson2017a	29050204	2017	YES	7	Y	Irreversible growth plate fusions in children with medulloblastoma treated with a targeted hedgehog pathway inhibitor
schnbeck2015	25938671	2015	YES	7	Y	Trend in height of Turkish and Moroccan children living in the Netherlands
serrat2009	19372302	2009	YES	7	Y	Temperature alters solute transport in growth plate cartilage measured by in vivo multiphoton microscopy
soto2026	41623909	2026	YES	7	Y	Bone Age Delay in X-linked Hypophosphatemia
sun2020	32219165	2020	YES	7	Y	Regulation of body length and bone mass by Gpr126/Adgrg6
sun2026	41629107	2026	YES	7	Y	Bone age, predicted adult height and HOMA-IR in children and adolescents with overweight and obesity: a single-centre
wagner2021	33784257	2021	YES	7	Y	Prevention of guanylyl cyclase-B dephosphorylation rescues achondroplastic dwarfism
wang2018	29920215	2018	YES	7	Y	Analysis of short-term treatment with the phosphodiesterase type 5 inhibitor tadalafil on long bone development
wendt2015	25650377	2015	YES	7	Y	Neutral endopeptidase-resistant C-type natriuretic peptide variant represents a new therapeutic approach for treatment
winer2025	39883563	2025	YES	7	Y	Bone Health and Linear Growth in Children With Familial Hypoparathyroidism Treated With Human Parathyroid Hormone
wit2021	32936765	2021	YES	7	Y	Catch-up Growth in Prepubertal Children Treated for Juvenile Hypothyroidism and Growth Hormone Deficiency can be
xie2025	40781081	2025	YES	7	Y	Physical and chemical niche of human growth plate for polarized bone development
yun2018	30032590	2018	YES	7	Y	Changes of the growth plate in children: 3-dimensional magnetic resonance imaging analysis
zakheim2025	41148554	2025	YES	7	Y	Achondroplasia treatments in children aged 5 and older
zimmermann2017	28365062	2017	YES	7	Y	In situ deformation of growth plate chondrocytes in stress-controlled static vs dynamic compression
abera2026	41730569	2026	YES	6	Y	Forty years later: adult health and non-communicable disease following the 1984-1985 Great Ethiopian Famine -
abubakar2019	31016285	2019	YES	6		Postnatal ex vivo rat model for longitudinal bone growth investigations
agoston2007	17374144	2007	YES	6		C-type natriuretic peptide regulates endochondral bone growth through p38 MAP kinase-dependent and -independent
anderson2004	14982838	2004	YES	6	Y	Impaired calcification around matrix vesicles of growth plate and bone in alkaline phosphatase-deficient mice
ba2025	41472858	2025	YES	6	Y	A vast stem-progenitor cell pool, richly vascular system, and hybrid ossification drive the daily centimeter-scale
baron1992	1415528	1992	YES	6		Dexamethasone acts locally to inhibit longitudinal bone growth in rabbits
bouillon2004	15579754	2004	YES	6	Y	Estrogens are essential for male pubertal periosteal bone expansion
breur1991	2010838	1991	YES	6		Linear relationship between the volume of hypertrophic chondrocytes and the rate of longitudinal bone growth in
brjesson2012	22414805	2012	YES	6		The role of estrogen receptor-α and its activation function-1 for growth plate closure in female mice
bush2010	20200963	2010	YES	6		A key role for membrane transporter NKCC1 in mediating chondrocyte volume increase in the mammalian growth plate
cao2026a	42286098	2026	YES	6	Y	Multifactorial drivers of spatial variation in human body form across modern China
chawes2017	28012663	2017	YES	6	Y	Knemometry is more sensitive to systemic effects of inhaled corticosteroids in children with asthma than 24-hour
cho2025	40785768	2025	YES	6	Y	Tibial Overgrowth and Ipsilateral Femoral Overgrowth after the Fracture of Tibial Shaft in Children
chou2025	40588242	2025	YES	6		G-protein-coupled estrogen receptor-1 facilitates chondrocyte proliferation in pubertal epiphyseal growth plate
cinque2015	26595272	2015	YES	6		FGF signalling regulates bone growth through autophagy
cohen1992	1740744	1992	YES	6		The microstructural tensile properties and biochemical composition of the bovine distal femoral growth plate
cyp17d2025	40350803	2025	YES	6	Y	Delayed Bone Maturation and Extended Growth Phase as Distinctive Features of 17alpha-Hydroxylase/17,20-Lyase Deficiency:
daly2005	15947733	2005	YES	6	Y	Growth of highly versus moderately trained competitive female artistic gymnasts
delvecchio2015	26511640	2015	YES	6		Final height in Italian patients with congenital hypothyroidism detected by neonatal screening: a 20-year observational
eckstein2022	35203020	2022	YES	6	Y	The heterogeneous mechanical properties of adolescent growth plate cartilage: A study in rabbit
funahashi2024	38544920	2024	YES	6		Long-term oral meclozine administration improves survival rate and spinal canal stenosis during postnatal growth
hakata2024	38752331	2024	YES	6		Neprilysin Inhibition Promotes Skeletal Growth via the CNP/NPR-B Pathway
hirota2018	30235256	2018	YES	6		Exogenous C-type natriuretic peptide restores normal growth and prevents early growth plate closure in its deficient
hisadooliva2018	28661490	2018	YES	6		Mutations in C-natriuretic peptide (NPPC): a novel cause of autosomal dominant short stature
hoppe2004	15054433	2004	YES	6	Y	High intakes of skimmed milk, but not meat, increase serum IGF-I and IGFBP-3 in eight-year-old boys
hornsby2025	40168099	2025	YES	6	Y	Meal-feeding promotes skeletal growth by ghrelin-dependent enhancement of growth hormone rhythmicity
hunziker1987	3543020	1987	YES	6		Quantitation of chondrocyte performance in growth-plate cartilage during longitudinal bone growth
hunziker1989	2607442	1989	YES	6		Physiological mechanisms adopted by chondrocytes in regulating longitudinal bone growth in rats
imre2025	40048086	2025	YES	6	Y	Aromatase enzyme deficiency in an adult male patient and the effects of estrogen replacement therapy: a rare cause
jelenkovic2020	32409744	2020	YES	6	Y	Genetic and environmental influences on human height from infancy through adulthood at different levels of parental
kamran2015	25866874	2015	YES	6		Evidence That Up-Regulation of MicroRNA-29 Contributes to Postnatal Body Growth Deceleration
kanai2017	28990933	2017	YES	6		Circulating osteocrin stimulates bone growth by limiting C-type natriuretic peptide clearance
karimian2008	18348701	2008	YES	6		Tamoxifen impairs both longitudinal and cortical bone growth in young male rats
karimian2013	23840780	2013	YES	6		Resveratrol treatment delays growth plate fusion and improves bone growth in female rabbits
karlberg2002	12510975	2002	YES	6	Y	Early spontaneous catch-up growth
lauffer2020	32282051	2020	YES	6		An Activating Deletion Variant in the Submembrane Region of Natriuretic Peptide Receptor-B Causes Tall Stature
loqman2013	23059814	2013	YES	6		Suppression of mammalian bone growth by membrane transport inhibitors
lui2010	20371622	2010	YES	6	Y	Coordinated postnatal down-regulation of multiple growth-promoting genes: evidence for a genetic program limiting
macrae2006	16648299	2006	YES	6		The restricted potential for recovery of growth plate chondrogenesis and longitudinal bone growth following exposure
marchanalvarez2026	42464284	2026	YES	6		Dynamin inhibitor dynasore modulates longitudinal bone growth in a hormetic manner
marino2008	18174286	2008	YES	6		Catch-up growth after hypothyroidism is caused by delayed growth plate senescence
marouli2017	28146470	2017	YES	6	Y	Rare and low-frequency coding variants alter human adult height
matsushita2025	41326861	2025	YES	6	Y	Efficacy and Safety of Oral Meclizine for Growth Promotion in Children with Achondroplasia: A Phase 2 Clinical
mcdonnell2026	42144862	2026	YES	6	Y	Navepegritide combined with lonapegsomatropin for the treatment of children with achondroplasia: 52-week results
mcgarry2024	39090666	2024	YES	6		Intermittent mechanical loading on mouse tibia accelerates longitudinal bone growth by inducing PTHrP expression
mnard2015	26416149	2015	YES	6		Bone growth resumption following in vivo static and dynamic compression removals on rats
moffatt2025	40171685	2025	YES	6		Tall Stature and Scoliosis Associated With a Novel Homozygous Loss-of-Function Missense Variant in NPR3
nakao2015	26014585	2015	YES	6		The Local CNP/GC-B system in growth plate is responsible for physiological endochondral bone growth
nilsson2003	12740020	2003	YES	6	Y	Localization of estrogen receptors-alpha and -beta and androgen receptor in the human growth plate at different
nilsson2003_raloxifene	12639932	2003	YES	6		Raloxifene acts as an estrogen agonist on the rabbit growth plate
nilsson2005	16002553	2005	YES	6		Growth plate senescence is associated with loss of DNA methylation
olney2006	16384845	2006	YES	6		Heterozygous mutations in natriuretic peptide receptor-B (NPR2) are associated with short stature
ong2009	19448623	2009	YES	6	Y	Genetic variation in LIN28B is associated with the timing of puberty
ozaki2020	33262386	2020	YES	6	Y	Evaluation of FGFR inhibitor ASP5878 as a drug candidate for achondroplasia
pereira2025_2	40596949	2025	YES	6	Y	Growth trajectories of children and adolescents with osteogenesis imperfecta in a reference center in Rio de janeiro,
prein2016	26454027	2016	YES	6		Structural and mechanical properties of the proliferative zone of the developing murine growth plate cartilage
prickett2023	37197320	2023	YES	6	Y	Resveratrol-Induced Suppression of C-type Natriuretic Peptide Associates With Increased Vertebral Bone Density
robinson2013	23827346	2013	YES	6	Y	A human skeletal overgrowth mutation increases maximal velocity and blocks desensitization of guanylyl cyclase-B
rochira2002	12050263	2002	YES	6	Y	Pituitary function in a man with congenital aromatase deficiency: effect of different doses of transdermal E2
rochira2010	20164294	2010	YES	6		Tall stature without growth hormone: four male patients with aromatase deficiency
rochira2015	25873947	2015	YES	6	Y	The endocrine role of estrogens on human male skeleton
rubin2024	39269144	2024	YES	6		Limited column formation in the embryonic growth plate implies divergent growth mechanisms during pre- and postnatal
santoro2026	41527138	2026	YES	6	Y	Prevalence and management of lower limb segmental overgrowth in patients with NF1: an observational study
savarirayan2025	39555818	2025	YES	6	Y	Oral Infigratinib Therapy in Children with Achondroplasia
schnbeck2013	23222908	2013	YES	6	Y	The world''s tallest nation has stopped growing taller: the height of Dutch children from 1955 to 2009
sentchordimont2020	32311039	2020	YES	6		Clinical and Molecular Description of 16 Families With Heterozygous IHH Variants
serrat2010	20930127	2010	YES	6		Exercise mitigates the stunting effect of cold temperature on limb elongation in mice by increasing solute delivery
shuhaibar2017	29199951	2017	YES	6		Dephosphorylation of the NPR2 guanylyl cyclase contributes to inhibition of bone growth by fibroblast growth factor
shuhaibar2021	33986191	2021	YES	6		Phosphatase inhibition by LB-100 enhances BMN-111 stimulation of bone growth
sibonga2000	11033449	2000	YES	6		Effects of spaceflight and simulated weightlessness on longitudinal bone growth
sims2012	22999294	2012	YES	6	Y	Fulvestrant treatment of precocious puberty in girls with McCune-Albright syndrome
sjgren1999	10359843	1999	YES	6		Liver-derived insulin-like growth factor I (IGF-I) is the principal source of IGF-I in blood but is not required
smith1976	940016	1976	YES	6		Shifting linear growth during infancy: illustration of genetic factors in growth from fetal life through infancy
smith1994	8090165	1994	YES	6	Y	Estrogen resistance caused by a mutation in the estrogen-receptor gene in a man
smith2010	19900547	2010	YES	6	Y	Recent experimental and clinical findings in the skeleton associated with loss of estrogen hormone or estrogen
srensen2026	41649011	2026	YES	6		Longitudinal assessment of growth velocity in relation to pubertal timing, IGF-I, fasting insulin and fat mass
stokes2006	16705695	2006	YES	6	Y	Endochondral growth in growth plates of three species at two anatomical locations modulated by mechanical compression
tanner1970	5491878	1970	YES	6	Y	Standards for children's height at ages 2-9 years allowing for heights of parents
tanriverdi2023	37988665	2023	YES	6		The effect of anastrozole therapy on final height and sex hormone levels in pubertal boys receiving growth hormone
trompet2024	38516888	2024	YES	6		Stimulation of skeletal stem cells in the growth plate promotes linear bone growth
tu2014	25193158	2014	YES	6		Disruption of glucocorticoid signaling in chondrocytes delays metaphyseal fracture healing but does not affect
turner2000	10821884	2000	YES	6		The high-affinity estrogen receptor antagonist ICI 182,780 has no effect on bone growth in young male rats
turner2025	40971503	2025	YES	6	Y	Approach to the Patient With Turner Syndrome
tyrrell1985	4002039	1985	YES	6		Circadian variation in stature and the effects of spinal loading
valteau2011	21784187	2011	YES	6		In vivo dynamic bone growth modulation is less detrimental but as effective as static growth modulation
van1998	9753823	1998	YES	6	Y	Short stature of prenatal origin: craniofacial growth and dental maturation
vandereerden2002	12239116	2002	YES	6		Sex steroid metabolism in the tibial growth plate of the rat
wang2015	25703509	2015	YES	6		Heterozygous mutations in natriuretic peptide receptor-B (NPR2) gene as a cause of short stature
wang2023	36576115	2023	YES	6	Y	Abaloparatide and teriparatide enhance mandibular growth in adolescent rats with site-specific and mechano-related
watanabetakano2021	34260913	2021	YES	6		Mechanical load regulates bone growth via periosteal Osteocrin
watson2025	41125609	2025	YES	6	Y	Quantifying child growth effects using height-age instead of height-for-age z-scores in a meta-analysis of small-quantit
weedon2007	17767157	2007	YES	6	Y	A common variant of HMGA2 is associated with adult and childhood height in the general population
whitehouse1974	16431557	1974	YES	6		Diurnal variation in stature and sitting height in 12-14-year-old boys
williams2001	11781003	2001	YES	6	Y	Tensile properties of the physis vary with anatomic location, thickness, strain rate and age
wilsman2008	18404738	2008	YES	6	Y	Age and pattern of the onset of differential growth among growth plates in rats
winer2010	20392870	2010	YES	6	Y	Long-term treatment of 12 children with chronic hypoparathyroidism: a randomized trial comparing synthetic human
winer2018	30470382	2018	YES	6	Y	Long-Term Parathyroid Hormone 1-34 Replacement Therapy in Children with Hypoparathyroidism
xie2012	22634226	2012	YES	6	Y	Intermittent PTH (1-34) injection rescues the retarded skeletal development and postnatal lethality of mice mimicking
yakar2002	12235108	2002	YES	6		Circulating levels of IGF-1 directly regulate bone growth and density
yamashita2014	25231866	2014	YES	6	Y	Statin treatment rescues FGFR3 skeletal dysplasia phenotypes
young2023	34674563	2023	YES	6	Y	Anthropometric Changes in Spaceflight
zhan2025	39953747	2025	YES	6	Y	Clinical Features of Seven COL2A1 Variations in Chinese Children With Type II Collagen Disorders
zhang2026	42509193	2026	YES	6	Y	Secular Trends in Height, Weight, and Body Mass Index Among Tibetan Children and Adolescents in the Tibet Autonomous
ahmed1995	7574449	1995	YES	5		Knemometry in childhood: a study to compare the precision of two different techniques
andrade2022	36373817	2022	YES	5	Y	Diagnostic yield of a multigene sequencing approach in children classified as idiopathic short stature
ankarberglindg2008	18817534	2008	YES	5		Twenty-four hours secretion pattern of serum estradiol in healthy prepubertal and pubertal boys as determined by
bendre2025	40685060	2025	YES	5		Growth failure in aggrecan deficiency is due to decreased extracellular matrix and impaired growth plate chondrocyte
chu2025	41289405	2025	YES	5		Growth hormone regulates the stem cell population in the growth plate
cnpmeta2026	42306228	2026	YES	5	Y	Achondroplasia management in the era of targeted therapies: a meta-analysis of C-type natriuretic peptide analogs
delaney2014	24776848	2014	YES	5		Evolutionary conservation and modulation of a juvenile growth-regulating genetic program
farnum2006	16342207	2006	YES	5		In vivo delivery of fluoresceinated dextrans to the murine growth plate: imaging of three vascular routes by multiphoton
fredriks2005	15863466	2005	YES	5	Y	Nationwide age references for sitting height, leg length, and sitting height/height ratio, and their diagnostic
gafni2001	11641457	2001	YES	5		Catch-up growth is associated with delayed senescence of the growth plate in rabbits
galvo2025	40878738	2025	YES	5	Y	Modeling Pubertal Growth Variability in Schoolchildren From Florianópolis, Santa Catarina, Brazil: A Bayesian
guasti2014	25137423	2014	YES	5		Elevated FGF21 leads to attenuated postnatal linear growth in preterm infants through GH resistance in chondrocytes
hirota2022	35041746	2022	YES	5		C-type Natriuretic Peptide-induced PKA Activation Promotes Endochondral Bone Formation in Hypertrophic Chondrocytes
jolicoeur1992	28524389	1992	YES	5	Y	Asymptotic models for the longitudinal growth of human stature
khamis1994	7936860	1994	YES	5	Y	Predicting adult stature without using skeletal age: the Khamis-Roche method
kot2026	41641077	2026	YES	5		Inhibition of FGFR signaling with infigratinib improves linear bone growth in the female &lt;i&gt;Aga2/+&lt;/i&gt;
lowe2025	41177769	2025	YES	5	Y	Biomarkers of environmental enteric dysfunction associated with the linear growth of children 0-5 years in low-
nilsson2014	24708243	2014	YES	5		Evidence that estrogen hastens epiphyseal fusion and cessation of longitudinal bone growth by irreversibly depleting
ogawa2025	39693239	2025	YES	5		Temple Syndrome: Comprehensive Clinical Study in Genetically Confirmed 60 Japanese Patients
ohlsson1992	1409707	1992	YES	5		Growth hormone induces multiplication of the slowly cycling germinal cells of the rat tibial growth plate
pritchett1992	1735225	1992	YES	5	Y	Longitudinal growth and growth-plate activity in the lower extremity
rao1997	9140395	1997	YES	5	Y	Pseudoautosomal deletions encompassing a novel homeobox gene cause growth failure in idiopathic short stature and
roach2003	12588965	2003	YES	5		Temporal analysis of rat growth plates: cessation of growth with age despite presence of a physis
rosenfield2005	16189255	2005	YES	5		Salutary effects of combining early very low-dose systemic estradiol with growth hormone therapy in girls with
sedes2022	35567544	2022	YES	5		Fibrillin-1 deficiency in the outer perichondrium causes longitudinal bone overgrowth in mice with Marfan syndrome
shtaif2026	42564707	2026	YES	5		&lt;i&gt;Sirt1&lt;/i&gt; deletion in hypertrophic chondrocytes differentially regulates skeletal growth and bone
sibonga1998	9724025	1998	YES	5		Effect of the high-affinity estrogen receptor ligand ICI 182,780 on the rat tibia
smith2008	18505767	2008	YES	5		Impact on bone of an estrogen receptor-alpha gene loss of function mutation
souza2008	18843772	2008	YES	5	Y	Growth velocity and interleukin 6 concentrations in juvenile idiopathic arthritis
tanner1975	164838	1975	YES	5	Y	Prediction of adult height from height, bone age, and occurrence of menarche, at ages 4 to 16 with allowance for
thomis2005	15689917	2005	YES	5	Y	Adolescent growth spurts in female gymnasts
wang2026	41933328	2026	YES	5	Y	Effects of androgen therapy on final adult height in boys with constitutional delay of growth and puberty: a meta-analys
weedon2008	18391952	2008	YES	5	Y	Genome-wide association analysis identifies 20 loci that influence adult height
wilsman1996a	8764865	1996	YES	5		Cell cycle analysis of proliferative zone chondrocytes in growth plates elongating at different rates
wilson2021	31997656	2021	YES	5	Y	Analysis of Association between Morphometric Parameters of Growth Plate and Bone Growth of Tibia in Mice and Humans
wright1999	10451401	1999	YES	5	Y	The strengths and limitations of parental heights as a predictor of attained height
xiu2022	36120578	2022	YES	5		Suppressor of fused-restrained Hedgehog signaling in chondrocytes is critical for epiphyseal growth plate maintenance
yakar1999	10377413	1999	YES	5		Normal growth and development in the absence of hepatic insulin-like growth factor I
yoshida2004	15107406	2004	YES	5		Runx2 and Runx3 are essential for chondrocyte maturation, and Runx2 regulates limb growth through induction of
bartlow2017	27653318	2017	YES	4		PTH(1-34) and zoledronic acid have differing longitudinal effects on juvenile mouse femur strength and morphology
bocciardi2007	17373680	2007	YES	4	Y	Overexpression of the C-type natriuretic peptide (CNP) is associated with overgrowth and bone anomalies in an individual
breinholt2019	31235532	2019	YES	4		TransCon CNP, a Sustained-Release C-Type Natriuretic Peptide Prodrug, a Potentially Safe and Efficacious New Therapeutic
carusonicolett1985	4044777	1985	YES	4		Short term, low dose estradiol accelerates ulnar growth in boys
chaudhary2016	27612440	2016	YES	4		Advanced quantitative imaging and biomechanical analyses of periosteal fibers in accelerated bone growth
cheng2025	41096725	2025	YES	4		Growth Plate Skeletal Stem Cells and Their Actions Within the Stem Cell Niche
chikuda2004	15466490	2004	YES	4		Cyclic GMP-dependent protein kinase II is a molecular switch from proliferation to hypertrophic differentiation
claramunt2015	25972508	2015	YES	4		Chronic kidney disease induced by adenine: a suitable model of growth retardation in uremia
cole2014	24313626	2014	YES	4		A mixed effects model to estimate timing and intensity of pubertal growth from height and secondary sexual characteristi
correa2010	20951345	2010	YES	4		Zfp521 is a target gene and key effector of parathyroid hormone-related peptide signaling in growth plate chondrocytes
devotta2023	37162198	2023	YES	4		Npr3 regulates neural crest and cranial placode progenitors formation through its dual function as clearance and
eaton2014	25393478	2014	YES	4		Inhibition of apoptosis signal-regulating kinase 1 enhances endochondral bone formation by increasing chondrocyte
farouk2023	37158537	2023	YES	4		Slipped capital femoral epiphyses: A major on-target adverse event associated with FGFR tyrosine kinase inhibitors
gerber1999	10371499	1999	YES	4		VEGF couples hypertrophic cartilage remodeling, ossification and angiogenesis during endochondral bone formation
gevers1996	8603568	1996	YES	4		Growth, growth hormone (GH)-binding protein, and GH receptors are differentially regulated by peak and trough components
hirai2026	41433092	2026	YES	4		Collagen-binding C-type natriuretic peptide enhances chondrogenesis and osteogenesis
hori2025	40343231	2025	YES	4		When is Growth the Greatest? Spine and Total Body Growth in Idiopathic Scoliosis Through Sanders Maturation Stages
horton1978	690757	1978	YES	4		Standard growth curves for achondroplasia
hosny2026	41838116	2026	YES	4		Efficacy and safety of limb lengthening in achondroplasia: A systematic review and meta-analysis
huang2026	42539507	2026	YES	4		Case Report: A novel &lt;i&gt;PTHLH&lt;/i&gt; nonsense variant in a mother-son pair with brachydactyly type E
ilizarov1989	2912628	1989	YES	4		The tension-stress effect on the genesis and growth of tissues: Part II. The influence of the rate and frequency
kang2020	33230983	2020	YES	4		Growth and Bone Mineral Density Changes in Ovariectomized Rats Treated with Estrogen Receptor Alpha or Beta Agonists
karolak2015	25616962	2015	YES	4		FGFR1 signaling in hypertrophic chondrocytes is attenuated by the Ras-GAP neurofibromin during endochondral bone
kawabe2025	40456620	2025	YES	4		Phosphodiesterase 3 inhibitors boost bone outgrowth
kimura2008	18328428	2008	YES	4		Transient inhibition of the Hedgehog pathway in young mice causes permanent defects in bone structure
komlaebri2016	27064282	2016	YES	4		Tyrosine kinase inhibitor NVP-BGJ398 functionally improves FGFR3-related dwarfism in mouse model
koyama2021	33724538	2021	YES	4		Premature Growth Plate Closure Caused by a Hedgehog Cancer Drug Is Preventable by Co-Administration of a Retinoid
liu2026cih	41387208	2026	YES	4		Epigenetic Targeting of Senescent Cells Prevents the Deleterious Effects of Obstructive Sleep Apnea on Growing
luo1997	9052783	1997	YES	4		Spontaneous calcification of arteries and cartilage in mice lacking matrix GLA protein
matsumoto2009	19633173	2009	YES	4		Conditional inactivation of Has2 reveals a crucial role for hyaluronan in skeletal growth, patterning, chondrocyte
miura2012	22870295	2012	YES	4		An overgrowth disorder associated with excessive production of cGMP due to a gain-of-function mutation of the natriureti
mnard2014	24902946	2014	YES	4		In vivo dynamic loading reduces bone growth without histomorphometric changes of the growth plate
movrareskrtic2014	24395795	2014	YES	4		The estrogen receptor antagonist ICI 182,780 can act both as an agonist and an inverse agonist when estrogen receptor
narumi2020	33102789	2020	YES	4	Y	Evaluating the seasonality of growth in infants using a mobile phone application
preece1978	646321	1978	YES	4	Y	A new family of mathematical models describing the human growth curve
qiu2015	25196529	2015	YES	4		PTH receptor signaling in osteoblasts regulates endochondral vascularization in maintenance of postnatal growth
robson2000	11014246	2000	YES	4		Thyroid hormone acts directly on growth plate chondrocytes to promote hypertrophic differentiation and inhibit
rubin2021	34508093	2021	YES	4		Application of 3D MAPs pipeline identifies the morphological sequence chondrocytes undergo and the regulatory role
samvelyan2022	35272487	2022	YES	4		The role of accelerated growth plate fusion in the absence of SOCS2 on osteoarthritis vulnerability
savarirayan2023	37823031	2023	YES	4	Y	Once-weekly TransCon CNP (navepegritide) in children with achondroplasia (ACcomplisH): a phase 2, multicentre,
schmitt2000	10760084	2000	YES	4		Intermittent administration of parathyroid hormone (1-37) improves growth and bone mineral density in uremic rats
schrier2006	16614378	2006	YES	4		Depletion of resting zone chondrocytes during growth plate senescence
sergerie2009	19185303	2009	YES	4		Mechanical properties of the porcine growth plate and its three zones from unconfined compression tests
sivaraj2022	35091558	2022	YES	4		Mesenchymal stromal cell-derived septoclasts resorb cartilage during developmental ossification and fracture healing
stokes2002a	15456065	2002	YES	4		Growth plate chondrocyte enlargement modulated by mechanical loading
stokes2005	15607892	2005	YES	4		Modulation of vertebral and tibial growth by compression loading: diurnal versus full-time loading
stokes2007	17532281	2007	YES	4		Alterations in the growth plate associated with growth modulation by sustained compression or distraction
tanner1983	6639123	1983	YES	4	Y	Prediction of adult height from height and bone age in childhood. A new system of equations (TW Mark II) based
thurston1985cn	3840788	1985	YES	4		Cell kinetics of growth cartilage of achondroplastic (cn) mice
tise2025	39925707	2025	YES	4		Biallelic SLC13A1 loss-of-function variants result in impaired sulfate transport and skeletal phenotypes, including
toromanoff1998	9514214	1998	YES	4		Early effects of short-term parathyroid hormone administration on bone mass, mineral content, and strength in female
varimo2019	31024444	2019	YES	4		Letrozole Monotherapy in Pre- and Early-Pubertal Boys Does Not Increase Adult Height
warman1993	8220429	1993	YES	4		A type X collagen mutation causes Schmid metaphyseal chondrodysplasia
weir1996	8816783	1996	YES	4		Targeted overexpression of parathyroid hormone-related peptide in chondrocytes causes chondrodysplasia and delayed
weise2001	11381135	2001	YES	4		Effects of estrogen on growth plate senescence and epiphyseal fusion
white2008	19308560	2008	YES	4	Y	Histomorphometric analysis of an adolescent distal tibial physis prior to growth plate closure
who2006	16817679	2006	YES	4	Y	Assessment of differences in linear growth among populations in the WHO Multicentre Growth Reference Study
wilsman1996	8982136	1996	YES	4		Differential growth by growth plates as a function of multiple parameters of chondrocytic kinetics
wu2012	22696219	2012	YES	4		Fibroblast growth factor 21 (FGF21) inhibits chondrocyte function and growth hormone action directly at the growth
yadav2011	20684022	2011	YES	4		Loss of skeletal mineralization by the simultaneous ablation of PHOSPHO1 and alkaline phosphatase function: a
yan2016	27821775	2016	YES	4		Gut microbiota induce IGF-1 and promote bone formation and growth
yuan2023	37607905	2023	YES	4		α-parvin controls chondrocyte column formation and regulates long bone development
berry2025	40388606	2025	YES	3	Y	X and Y gene dosage effects are primary contributors to human sexual dimorphism: The case of height
brmswig1990	2246686	1990	YES	3		Adult height in boys and girls with untreated short stature and constitutional delay of growth and puberty: accuracy
chu2026	41984930	2026	YES	3	Y	A transcriptional atlas of the pubertal human growth plate reveals two populations of stem cells and direct effect
karlberg1987	3589247	1987	YES	3	Y	On the modelling of human growth
kember1976	1018028	1976	YES	3	Y	Quantitative histology of the human growth plate
maffei2004	14715828	2004	YES	3	Y	Dysmetabolic syndrome in a man with a novel mutation of the aromatase gene: effects of testosterone, alendronate,
newton2019	30814736	2019	YES	3	Y	A radical switch in clonality reveals a stem cell niche in the epiphyseal growth plate
reyes2023	37808400	2023	YES	3	Y	Substantially Delayed Maturation of Growth Plate Chondrocytes in "Humanized" <i>PTH1R</i> Mice with the H223R Mutation
rosati1994	7842010	1994	YES	3		Normal long bone growth and development in type X collagen-null mice
sanna2008	18193045	2008	YES	3	Y	Common variants in the GDF5-UQCC region are associated with variation in human height
sun2025	40892086	2025	YES	3	Y	Discordance between knee and hand-wrist bone age in adolescents: implications for skeletal maturity assessment
thaneetrakool2025	39533736	2025	YES	3	Y	Efficacy of leuprolide acetate versus triptorelin pamoate administered every 3 months for treatment of central
wood2014	25282103	2014	YES	3	Y	Defining the role of common variation in the genomic and biological architecture of adult human height
ying2026	41758754	2026	YES	3	Y	Once-Weekly Lonapegsomatropin Was Efficacious and Well Tolerated in Chinese Children with Growth Hormone Deficiency:
yu2013	24117386	2013	YES	3		Immunolocalisation of fibrillin microfibrils in the calf metacarpal and vertebral growth plate
yuan2026	41951914	2026	YES	3	Y	Clinical efficacy of growth hormone therapy in adolescent short stature during late puberty: a prospective cohort
blumer2008	18602255	2008	YES	2		Structure, formation and role of cartilage canals in the developing bone
burren2023	37908565	2023	YES	2		Effective Long-term Pediatric Pegvisomant Monotherapy to Final Height in X-linked Acrogigantism
kember1987	3502931	1987	YES	2		Cell kinetics and longitudinal bone growth in birds
miyazaki2022	35287796	2022	YES	2		C-type natriuretic peptide facilitates autonomic Ca<sup>2+</sup> entry in growth plate chondrocytes for stimulating
serrat2008	19047632	2008	YES	2		Temperature regulates limb length in homeotherms by directly modulating cartilage growth
vendra2018	29783204	2018	YES	2		Chondron curvature mapping in growth plate cartilage under compressive loading
hucke2023	37415789	2023	YES	1		Influence of tension-band plates on the mechanical loading of the femoral growth plate during guided growth due
kember1993	8219479	1993	YES	1		Cell kinetics and the control of bone growth
kodama2025	40025030	2025	YES	1		Apolipoprotein E is a marker of all chondrocytes in the growth plate resting zone
meng2025	41454937	2025	YES	1		Clinical, Molecular Characteristics, and Genotype-Phenotype Relationships of Metaphyseal Chondrodysplasia Type
mizuhashi2018	30401834	2018	YES	1		Resting zone of the growth plate houses a unique class of skeletal stem cells
muruganandan2022	35523895	2022	YES	1		A FoxA2+ long-term stem cell population is necessary for growth plate cartilage regeneration after injury
ruizperez2000	10700184	2000	YES	1		Mutations in a new gene in Ellis-van Creveld syndrome and Weyers acrodental dysostosis
shapiro1977	71299	1977	YES	1		Organization and cellular biology of the perichondrial ossification groove of ranvier: a morphological study in
williams2007	17496046	2007	YES	1		Solute transport in growth plate cartilage: in vitro and in vivo
yanagihara2025	41188231	2025	YES	1		Dnmt1 determines bone length by regulating energy metabolism of growth plate chondrocytes
