ref_id	pmid	pmcid	epmc_isOpenAccess	chars	verdict
abseyi2026	41213272	-	N	0	no PMC record
agoston2007	17374144	PMC1847438	Y	73563	RECOVERABLE
ahirwar2025	41393467	PMC12697437	Y	17475	RECOVERABLE
albishi2026	42355585	-	N	0	no PMC record
aloman2025	41141171	PMC12553497	Y	42720	RECOVERABLE
ambrosi2021	34381212	PMC8721524	N	95703	RECOVERABLE
ambrosi2025	40118065	PMC12048286	N	143656	RECOVERABLE
ar2025	40326711	-	N	0	no PMC record
arikawahirasaw2001	11279527	-	N	0	no PMC record
arya2020	33238275	-	N	0	no PMC record
bahar2025	40564714	PMC12191864	Y	35869	RECOVERABLE
baron1994	7925098	-	N	0	no PMC record
basson1997	8988165	-	N	0	no PMC record
bi2001	11371614	PMC34415	N	0	eutils empty
bilezikian1998	9718379	-	N	0	no PMC record
bord1998	9662124	-	N	0	no PMC record
boskey1993	8251766	-	N	0	no PMC record
boyan1989	2545688	-	N	0	no PMC record
briggs1995	7670472	-	N	0	no PMC record
caino2025	40905592	-	N	0	no PMC record
carani1997	9211678	-	N	0	no PMC record
carmon2026	42279040	PMC13258356	Y	39768	RECOVERABLE
chan2009	19078959	PMC2648141	Y	26618	RECOVERABLE
chan2013	23858471	PMC3732968	N	0	eutils empty
chang2002	12297622	PMC130553	N	0	eutils empty
chapman2001	11479597	-	N	0	no PMC record
chikuda2004	15466490	PMC522991	N	0	eutils empty
cho2004	14699054	PMC327195	N	0	eutils empty
choi2007	17397851	PMC2265315	N	0	eutils empty
choi2024	39494594	PMC11532833	Y	38847	RECOVERABLE
choi2026	41176199	PMC13281960	Y	48791	RECOVERABLE
chu2023	36892459	PMC10036123	Y	129251	RECOVERABLE
chung1998	9789035	PMC23697	N	0	eutils empty
chusho2001	11259675	PMC31171	N	0	eutils empty
colvin1996	8630492	-	N	0	no PMC record
correa2010	20951345	PMC2958174	N	65694	RECOVERABLE
costa2024	38849690	PMC11499316	Y	33325	RECOVERABLE
cotterill2005	16287128	PMC2726956	Y	48798	RECOVERABLE
dalecka2025	39906257	PMC11792080	Y	70360	RECOVERABLE
dangelo2001	11145962	-	N	0	no PMC record
danielson1997	9024701	PMC2134287	Y	71638	RECOVERABLE
davis2025	41198007	PMC13196999	N	38538	RECOVERABLE
dazgonzlez2022	33106379	-	N	0	no PMC record
delezoide1998	9784595	-	N	0	no PMC record
deng1996	8601314	-	N	0	no PMC record
di2002	12225811	-	N	0	no PMC record
dudley2002	12152081	-	N	0	no PMC record
ekizoglu2026	42084790	-	N	0	no PMC record
enomotoiwamoto1997	9200013	-	N	0	no PMC record
farouk2023	37158537	PMC10957205	N	13394	RECOVERABLE
fernandes2007	17683922	PMC2697923	N	0	eutils empty
finkielstain2009	19036884	PMC2659288	N	0	eutils empty
fjelstad2026	42106650	PMC13159342	Y	48071	RECOVERABLE
fornalik2026	41740946	-	N	0	no PMC record
fraissenon2026	42520377	-	N	0	no PMC record
fssler1994	8197187	PMC43933	N	1987	stub only
funaki2020	32737626	-	N	0	no PMC record
gao2001	11455389	-	N	0	no PMC record
giannopoulou2024	39634186	PMC11614628	Y	54451	RECOVERABLE
giorgino2025	40275369	PMC12020155	Y	58013	RECOVERABLE
gomez2022	35098920	PMC8830887	Y	84028	RECOVERABLE
gregorova2025	40524006	PMC12170751	Y	52979	RECOVERABLE
gress2000	10811836	PMC2174562	Y	52844	RECOVERABLE
grogan2013	23124445	PMC3558601	N	45337	RECOVERABLE
hakim2025	40968533	-	N	0	no PMC record
hanif2025	42147995	PMC13175643	Y	44390	RECOVERABLE
hanley2020	32720985	PMC7442278	N	3819	stub only
hashimoto2001	11311239	-	N	0	no PMC record
hauer2017	28939912	PMC5610314	Y	27950	RECOVERABLE
heiss2003	12556469	-	N	0	no PMC record
hellemans2003	12632327	PMC1180335	N	0	eutils empty
hermanussen2003	12649571	-	N	0	no PMC record
hilton2005	16141219	-	N	0	no PMC record
holmbeck1999	10520996	-	N	0	no PMC record
horton1978	690757	-	N	0	no PMC record
hruba2021	34423857	-	N	0	no PMC record
huang2003	12827032	-	N	0	no PMC record
huch2002	12472121	-	N	0	no PMC record
hung2007	17544391	PMC2267922	N	0	eutils empty
hung2016	26794256	PMC4801039	N	68337	RECOVERABLE
hunter1993	8397409	PMC47397	N	1696	stub only
imaizumi2026	41623292	PMC12856593	Y	48362	RECOVERABLE
inada2004	15563592	PMC535367	N	0	eutils empty
ishii2006	16778685	-	N	0	no PMC record
jacob2006	16815385	PMC2077084	N	0	eutils empty
jiang2002	11784098	-	N	0	no PMC record
jirova2026	41577878	PMC12830400	Y	53371	RECOVERABLE
joo2016	27130872	PMC4899137	N	51994	RECOVERABLE
joustra2025	38952118	PMC12668710	Y	52760	RECOVERABLE
kake2009	19808910	-	N	0	no PMC record
karimian2024	39778406	PMC11725635	Y	33460	RECOVERABLE
karlberg2002	12510975	-	N	0	no PMC record
karp2000	10631175	-	N	0	no PMC record
kawasaki2008	18551195	PMC2423867	N	0	eutils empty
keller2004	15513690	-	N	0	no PMC record
kim2023	36442838	-	N	0	no PMC record
kim2025	40577202	PMC12268985	Y	41557	RECOVERABLE
klar2025	39377546	PMC11923494	Y	49541	RECOVERABLE
klopocki2010	20170896	PMC2833367	N	0	eutils empty
ko2015	25728306	-	N	0	no PMC record
kobayashi2002	12050144	-	N	0	no PMC record
kobayashi2005	15951842	PMC1143590	N	0	eutils empty
kochar2025	41684453	PMC12890686	Y	54804	RECOVERABLE
kong2016	27075243	PMC4970607	N	0	eutils empty
korpershoek2026	41485130	PMC12765232	Y	42130	RECOVERABLE
koyama2008	18295755	PMC2373417	N	0	eutils empty
koziel2004	15177029	-	N	0	no PMC record
koziel2005	16284117	-	N	0	no PMC record
lanske1999	10449432	PMC408525	N	0	eutils empty
lauffer2020	32282051	PMC7450217	Y	52326	RECOVERABLE
le2004	14739664	-	N	0	no PMC record
leclerc2023	36912250	PMC10112919	N	0	eutils empty
lee1996	8895385	-	N	0	no PMC record
lee2017	29100092	PMC5673654	N	0	eutils empty
legeaimallet1998	9582336	-	N	0	no PMC record
lettice2003	12837695	-	N	0	no PMC record
li2021	34820473	PMC8591400	Y	76638	RECOVERABLE
li2024	38409269	PMC11014955	Y	89608	RECOVERABLE
li2024a	39136241	-	N	0	no PMC record
li2026	42147817	PMC13179716	Y	47936	RECOVERABLE
liang2025	40331725	PMC12131737	Y	49154	RECOVERABLE
liu2002	11937493	PMC186326	N	0	eutils empty
lokulosodipe2020	32054688	PMC7525777	Y	59283	RECOVERABLE
long2001	11748145	-	N	0	no PMC record
lorenzdepiereu2010	20137773	PMC2820166	N	0	eutils empty
lu2026	41877217	PMC13093721	Y	74647	RECOVERABLE
lui2010a	20816690	PMC2956763	N	55096	RECOVERABLE
lui2014	24489814	PMC3904965	Y	58089	RECOVERABLE
luo1997	9052783	-	N	0	no PMC record
ma2011	21537345	PMC3193471	N	0	eutils empty
maass2015	25961942	-	N	0	no PMC record
macrae2010	20053388	PMC2842458	N	53220	RECOVERABLE
maes2010	20708594	PMC3540406	N	67024	RECOVERABLE
majumdar2007	17968948	-	N	0	no PMC record
mak2008	18434416	PMC7188307	N	0	eutils empty
malashkevich1996	8864111	-	N	0	no PMC record
mariani2008	18449196	PMC2631409	N	0	eutils empty
maruyama2016	26830436	PMC4740445	Y	58221	RECOVERABLE
mcintosh1994	8004099	-	N	0	no PMC record
menezes2006	16641351	-	N	0	no PMC record
meng2025	41454937	PMC12743679	Y	60904	RECOVERABLE
merker2018	30070757	-	N	0	no PMC record
mijovic2025	42148000	PMC13175645	Y	25132	RECOVERABLE
min1998	9784490	PMC317210	N	0	eutils empty
minina2001	11714677	-	N	0	no PMC record
miura2014	24259409	-	N	0	no PMC record
miyazaki2022	35287796	PMC8923661	Y	95278	RECOVERABLE
mki2002	12417550	-	N	0	no PMC record
moncla2007	17676597	-	N	0	no PMC record
monsonegoornan2000	10611230	PMC85119	N	0	eutils empty
mordenti2026	42232755	PMC13223775	Y	64276	RECOVERABLE
mortlock1997	9020844	-	N	0	no PMC record
mrgelin1992	1556122	-	N	0	no PMC record
muragaki1996	8614804	-	N	0	no PMC record
murakami2004	14871928	PMC338282	N	0	eutils empty
navardauskaite2026	42325617	PMC13279084	Y	88745	RECOVERABLE
nicolae2007	17502381	-	N	0	no PMC record
nicole2000	11101850	-	N	0	no PMC record
nishimori2019	30843886	PMC6483522	N	0	eutils empty
ohbayashi2002	11937494	PMC186331	N	0	eutils empty
olney2012	22435455	PMC3466812	N	36265	RECOVERABLE
omatsu2010	20850355	-	N	0	no PMC record
ozasa2005	15869918	-	N	0	no PMC record
pannier2010	20673820	-	N	0	no PMC record
pellegrino2026	42121892	PMC13162736	Y	44790	RECOVERABLE
pfeifer1996	8953039	-	N	0	no PMC record
pollock2024	38804882	PMC11294979	N	41859	RECOVERABLE
potter1998	9485390	-	N	0	no PMC record
powell1967	6024347	-	N	0	no PMC record
powell1967a	6024346	-	N	0	no PMC record
price2009	19414589	PMC2719347	N	0	eutils empty
rao1997	9140395	-	N	0	no PMC record
reginato1995	7584316	-	N	0	no PMC record
remy2025	39854034	-	N	0	no PMC record
riddle1993	8269518	-	N	0	no PMC record
rinkevich2011	21866153	PMC3812235	N	36858	RECOVERABLE
rivas2002	11792784	-	N	0	no PMC record
rollema2025	39909155	-	N	0	no PMC record
rosati1994	7842010	-	N	0	no PMC record
rousseau1994	8078586	-	N	0	no PMC record
rutsch2003	12881724	-	N	0	no PMC record
rux2016	27939685	PMC5173430	N	64556	RECOVERABLE
rux2017	28470721	PMC5550340	N	41050	RECOVERABLE
rux2021	34010606	PMC8277736	N	79231	RECOVERABLE
sacchetti2007	17956733	-	N	0	no PMC record
sahni1999	10364154	PMC316762	N	0	eutils empty
sala2026	42181201	PMC13193963	Y	43857	RECOVERABLE
santoro2026	41527138	PMC12888316	Y	43018	RECOVERABLE
sarabipour2016	27040652	PMC4870120	N	45157	RECOVERABLE
saxena2022	34793695	PMC8792248	N	100416	RECOVERABLE
schipani1997	9391087	PMC28367	N	0	eutils empty
seemann2005	16127465	PMC1190374	N	0	eutils empty
sentchordimont2025	40129139	-	N	0	no PMC record
shen2004	15025570	-	N	0	no PMC record
shiguetomimedi2013	23842573	-	N	0	no PMC record
shu2021	34499868	-	N	0	no PMC record
shuhaibar2017	29199951	PMC5745078	Y	97337	RECOVERABLE
shwartz2016	27292641	PMC4920976	Y	50374	RECOVERABLE
snippert2010	20887898	-	N	0	no PMC record
song2007	17265492	-	N	0	no PMC record
song2020	32170021	PMC7132104	N	0	eutils empty
song2026	42341521	-	N	0	no PMC record
soto2026	41623909	PMC12852997	Y	39326	RECOVERABLE
speer2002	12391016	PMC2194039	Y	45835	RECOVERABLE
stjacques1999	10465785	PMC316949	N	0	eutils empty
stoop2025	39549120	PMC11846766	Y	104647	RECOVERABLE
su1997	9069288	-	N	0	no PMC record
sun2025	40892086	-	N	0	no PMC record
szeto1999	10049363	PMC316471	N	0	eutils empty
takcs2023	36987858	PMC10164575	Y	136005	RECOVERABLE
tamura2004	15572448	PMC534612	N	0	eutils empty
tesch2003	12510812	-	N	0	no PMC record
thakore2026	41342396	PMC13078589	Y	69304	RECOVERABLE
thompson2000	11101832	-	N	0	no PMC record
thur2001	11084047	-	N	0	no PMC record
tkachenko2026	42074176	PMC13115696	Y	34860	RECOVERABLE
tsiairis2008	18395198	PMC2430380	N	0	eutils empty
tsutsumiarai2024	38058151	PMC10734211	Y	44654	RECOVERABLE
vasques2013	24001744	-	N	0	no PMC record
vendra2018	29783204	-	N	0	no PMC record
vincent2007	17368052	-	N	0	no PMC record
vnnen1980	6987196	-	N	0	no PMC record
vortkamp1996	8662546	-	N	0	no PMC record
vu1998	9590175	PMC2839071	N	0	eutils empty
wagner2021	33784257	PMC8262296	Y	51435	RECOVERABLE
wales1987	3827294	PMC1778255	N	1682	stub only
wang2005	15601852	PMC538760	N	0	eutils empty
wang2022	35472633	-	N	0	no PMC record
wanninayake2026	42255525	PMC13239805	Y	0	eutils empty
warman1993	8220429	-	N	0	no PMC record
watanabe1999	9988279	-	N	0	no PMC record
webster1996	8599935	PMC449970	N	2334	stub only
weiss2021	34194391	PMC8237855	Y	39536	RECOVERABLE
werther1993	8219477	-	N	0	no PMC record
woods1996	8857020	-	N	0	no PMC record
wu2003	12736257	-	N	0	no PMC record
wu2017	28479301	PMC5469920	Y	59137	RECOVERABLE
wuthier1992	1377071	-	N	0	no PMC record
xia2023	37598898	-	N	0	no PMC record
xiu2022	36120578	PMC9479194	Y	65700	RECOVERABLE
xu1998	9731537	-	N	0	no PMC record
yang2014	25092332	PMC4143064	N	0	eutils empty
yang2025	40398448	-	N	0	no PMC record
yang2026	42101462	PMC13250648	Y	50225	RECOVERABLE
yasoda1998	9565590	-	N	0	no PMC record
yasoda2004	14702637	-	N	0	no PMC record
zaka2009	19419319	PMC2765931	N	0	eutils empty
zhan2025	39953747	PMC12147410	Y	37891	RECOVERABLE
zhao2015	25799059	PMC4380556	Y	62284	RECOVERABLE
zhou2014	24953181	PMC4127103	N	67436	RECOVERABLE
zhou2026	41813653	PMC12979836	Y	67181	RECOVERABLE
