nct,cond,title,ivnames,u,outcome,cat,disp,growthdx,growthdrug,restore,arm,av,an,ref,rv,rn,diff,se,z,p
NCT04093024,"Lung Diseases, Interstitial",A Study to Find Out How Nintedanib is Taken up in the Body and How Well it is To,Nintedanib ; Placebo,cm,Absolute Change From Baseline in Height at Week 24,,95% Confidence Interval,False,False,False,DBP: Randomised to Nintedanib,1.3,25,DBP: Randomised to Placebo,1.3,13,0.0,,,
NCT04093024,"Lung Diseases, Interstitial",A Study to Find Out How Nintedanib is Taken up in the Body and How Well it is To,Nintedanib ; Placebo,cm,Absolute Change From Baseline in Height at Week 52,,95% Confidence Interval,False,False,False,DBP+OLNP: Randomised to Nintedanib,2.8,25,DBP+OLNP: Randomised to Placebo,2.8,13,0.0,,,
NCT01778023,Growth Disorder ; Idiopathic Short Stature,Efficacy and Safety of Recombinant Human Growth Hormone on Height Velocity in Su,somatropin,cm/yr,Height Velocity (Ht-V),,Standard Error,True,True,False,Group A: 12-month GH Treatment,12.02,32,Group B: 6-month Untreated + 6-mont,6.87,15,5.15,0.5187,9.93,0.0
NCT01541215,"Diabetes ; Diabetes Mellitus, Type 2",Efficacy and Safety of Liraglutide in Combination With Metformin Compared to Met,liraglutide ; placebo ; metformin,cm/yr,Growth (Height Velocity),,Standard Deviation,False,False,False,Liraglutide 1.8 mg,1.633,60,Placebo,2.486,58,-0.853,0.4541,-1.878,0.06032
NCT01541215,"Diabetes ; Diabetes Mellitus, Type 2",Efficacy and Safety of Liraglutide in Combination With Metformin Compared to Met,liraglutide ; placebo ; metformin,cm/yr,Growth (Height Velocity),,Standard Deviation,False,False,False,Liraglutide 1.8 mg,1.345,56,Placebo,1.817,53,-0.472,0.3636,-1.298,0.19423
NCT04753697,Eosinophilic Esophagitis,A Study to Evaluate the Efficacy and Safety of CC-93538 in Adult and Adolescent ,CC-93538 ; Placebo,cm,Change From Baseline in Physical Parameters - Height at Week 24,,Standard Deviation,False,False,True,Induction Phase - CC-93538 360 mg QW,0.3,225,Induction Phase - Placebo,-0.08,115,0.38,0.1314,2.891,0.00384
NCT04753697,Eosinophilic Esophagitis,A Study to Evaluate the Efficacy and Safety of CC-93538 in Adult and Adolescent ,CC-93538 ; Placebo,cm,Change From Baseline in Physical Parameters - Height at Week 48,,Standard Deviation,False,False,True,Maintenance Phase - CC-93538 360 mg QW,0.42,88,Maintenance Phase - Placebo,0.12,75,0.3,0.2426,1.237,0.21614
NCT04753697,Eosinophilic Esophagitis,A Study to Evaluate the Efficacy and Safety of CC-93538 in Adult and Adolescent ,CC-93538 ; Placebo,cm,Change From Baseline in Physical Parameters - Height at Week 48,,Standard Deviation,False,False,True,Maintenance Phase - CC-93538 360 mg Q2W,0.42,96,Maintenance Phase - Placebo,0.12,75,0.3,0.2389,1.256,0.2093
NCT01519960,"Hepatitis B, Chronic",A Study of Pegasys (Peginterferon Alfa-2a) Versus Untreated Control in Children ,peginterferon alfa-2a [Pegasys] ; peginterferon alfa-2a [Pegasys],Z,Change From Baseline in Height for Age Z-Score in Groups A and B,Week 12,Standard Deviation,False,False,True,Group A: PEG-IFN Monotherapy Without Advanced Fibrosis,0.011,101,Group B: Untreated Control Without ,-0.006,49,0.017,0.0368,0.461,0.64451
NCT01519960,"Hepatitis B, Chronic",A Study of Pegasys (Peginterferon Alfa-2a) Versus Untreated Control in Children ,peginterferon alfa-2a [Pegasys] ; peginterferon alfa-2a [Pegasys],Z,Change From Baseline in Height for Age Z-Score in Groups A and B,Week 24,Standard Deviation,False,False,True,Group A: PEG-IFN Monotherapy Without Advanced Fibrosis,-0.04,101,Group B: Untreated Control Without ,-0.071,49,0.031,0.0477,0.65,0.51549
NCT01519960,"Hepatitis B, Chronic",A Study of Pegasys (Peginterferon Alfa-2a) Versus Untreated Control in Children ,peginterferon alfa-2a [Pegasys] ; peginterferon alfa-2a [Pegasys],Z,Change From Baseline in Height for Age Z-Score in Groups A and B,Week 36,Standard Deviation,False,False,True,Group A: PEG-IFN Monotherapy Without Advanced Fibrosis,-0.056,101,Group B: Untreated Control Without ,-0.025,49,-0.031,0.0576,-0.538,0.59057
NCT01519960,"Hepatitis B, Chronic",A Study of Pegasys (Peginterferon Alfa-2a) Versus Untreated Control in Children ,peginterferon alfa-2a [Pegasys] ; peginterferon alfa-2a [Pegasys],Z,Change From Baseline in Height for Age Z-Score in Groups A and B,Week 48,Standard Deviation,False,False,True,Group A: PEG-IFN Monotherapy Without Advanced Fibrosis,-0.099,101,Group B: Untreated Control Without ,-0.013,49,-0.086,0.0545,-1.579,0.11426
NCT01519960,"Hepatitis B, Chronic",A Study of Pegasys (Peginterferon Alfa-2a) Versus Untreated Control in Children ,peginterferon alfa-2a [Pegasys] ; peginterferon alfa-2a [Pegasys],Z,Change From Baseline in Height for Age Z-Score in Groups A and B,FU Week 12,Standard Deviation,False,False,True,Group A: PEG-IFN Monotherapy Without Advanced Fibrosis,-0.112,101,Group B: Untreated Control Without ,-0.037,49,-0.075,0.0531,-1.412,0.15793
NCT01519960,"Hepatitis B, Chronic",A Study of Pegasys (Peginterferon Alfa-2a) Versus Untreated Control in Children ,peginterferon alfa-2a [Pegasys] ; peginterferon alfa-2a [Pegasys],Z,Change From Baseline in Height for Age Z-Score in Groups A and B,FU Week 24,Standard Deviation,False,False,True,Group A: PEG-IFN Monotherapy Without Advanced Fibrosis,-0.117,101,Group B: Untreated Control Without ,-0.079,49,-0.038,0.0587,-0.647,0.51737
NCT04587271,Malnutrition ; Wasting ; Growth Failure,Nutritional Impact of Moringa Oleifera Leaf Supplementation in Mothers and Child,Moringa oleifera (high dose) ; Moringa oleifera (low dose) ; Placebo,cm,Change in Infant Height,,Standard Deviation,True,False,True,Breastfeeding Infants (Moringa),9.1,23,Breastfeeding Infants (Placebo),9.3,23,-0.2,0.5634,-0.355,0.72259
NCT05260021,"Type2 Diabetes ; Diabetes Mellitus ; Diabetes Mellitus, Type",A Study to Evaluate Tirzepatide (LY3298176) in Pediatric and Adolescent Particip,Tirzepatide Dose 1 ; Tirzepatide Dose 2 ; Placebo,Z,Change From Baseline in Height Standard Deviation Score (SDS),,Standard Error,False,False,False,5 mg Tirzepatide,-0.092,29,Placebo,-0.11,34,0.018,0.0378,0.476,0.63373
NCT05260021,"Type2 Diabetes ; Diabetes Mellitus ; Diabetes Mellitus, Type",A Study to Evaluate Tirzepatide (LY3298176) in Pediatric and Adolescent Particip,Tirzepatide Dose 1 ; Tirzepatide Dose 2 ; Placebo,Z,Change From Baseline in Height Standard Deviation Score (SDS),,Standard Error,False,False,False,10 mg Tirzepatide,-0.11,29,Placebo,-0.11,34,0.0,0.0377,0.0,1.0
NCT05260021,"Type2 Diabetes ; Diabetes Mellitus ; Diabetes Mellitus, Type",A Study to Evaluate Tirzepatide (LY3298176) in Pediatric and Adolescent Particip,Tirzepatide Dose 1 ; Tirzepatide Dose 2 ; Placebo,Z,Change From Baseline in Height Standard Deviation Score (SDS),,Standard Error,False,False,False,"Pooled Doses of Tirzepatide (5mg,10mg)",-0.1,58,Placebo,-0.11,34,0.01,0.0324,0.309,0.7573
NCT05551637,Undernutrition ; Wasting ; Malnourished,Evaluating Oral Nutritional Supplements on Children's Nutritional Status and Dig,Kazu Gain Gold,cm,Change in Height (cm),Before intervention (T0),Standard Deviation,False,False,True,Specific Intervention Group,98.62,298,Control Group,98.34,299,0.28,0.6434,0.435,0.66341
NCT05551637,Undernutrition ; Wasting ; Malnourished,Evaluating Oral Nutritional Supplements on Children's Nutritional Status and Dig,Kazu Gain Gold,cm,Change in Height (cm),After 1 month (T1),Standard Deviation,False,False,True,Specific Intervention Group,99.14,298,Control Group,98.88,299,0.26,0.6454,0.403,0.68707
NCT05551637,Undernutrition ; Wasting ; Malnourished,Evaluating Oral Nutritional Supplements on Children's Nutritional Status and Dig,Kazu Gain Gold,cm,Change in Height (cm),After 2 months (T2),Standard Deviation,False,False,True,Specific Intervention Group,99.96,298,Control Group,99.68,299,0.28,0.6402,0.437,0.66183
NCT05551637,Undernutrition ; Wasting ; Malnourished,Evaluating Oral Nutritional Supplements on Children's Nutritional Status and Dig,Kazu Gain Gold,cm,Change in Height (cm),After 3 months (T3),Standard Deviation,False,False,True,Specific Intervention Group,100.35,298,Control Group,99.95,299,0.4,0.6405,0.624,0.53231
NCT05551637,Undernutrition ; Wasting ; Malnourished,Evaluating Oral Nutritional Supplements on Children's Nutritional Status and Dig,Kazu Gain Gold,cm,Change in Height (cm),Difference between T1 - T0,Standard Deviation,False,False,True,Specific Intervention Group,0.52,298,Control Group,0.54,299,-0.02,0.0577,-0.347,0.72896
NCT05551637,Undernutrition ; Wasting ; Malnourished,Evaluating Oral Nutritional Supplements on Children's Nutritional Status and Dig,Kazu Gain Gold,cm,Change in Height (cm),Difference between T2 - T0,Standard Deviation,False,False,True,Specific Intervention Group,1.34,298,Control Group,1.32,299,0.02,0.0643,0.311,0.75582
NCT05551637,Undernutrition ; Wasting ; Malnourished,Evaluating Oral Nutritional Supplements on Children's Nutritional Status and Dig,Kazu Gain Gold,cm,Change in Height (cm),Difference between T3 - T0,Standard Deviation,False,False,True,Specific Intervention Group,1.73,298,Control Group,1.61,299,0.12,0.0692,1.735,0.08276
NCT05551637,Undernutrition ; Wasting ; Malnourished,Evaluating Oral Nutritional Supplements on Children's Nutritional Status and Dig,Kazu Gain Gold,Z,Change of Height for Age Z-score,Before intervention (T0),Standard Deviation,False,False,True,Specific Intervention Group,-1.24,298,Control Group,-1.31,299,0.07,0.0737,0.949,0.34253
NCT05551637,Undernutrition ; Wasting ; Malnourished,Evaluating Oral Nutritional Supplements on Children's Nutritional Status and Dig,Kazu Gain Gold,Z,Change of Height for Age Z-score,After 1 month (T1),Standard Deviation,False,False,True,Specific Intervention Group,-1.32,298,Control Group,-1.38,299,0.06,0.0729,0.823,0.41067
NCT05551637,Undernutrition ; Wasting ; Malnourished,Evaluating Oral Nutritional Supplements on Children's Nutritional Status and Dig,Kazu Gain Gold,Z,Change of Height for Age Z-score,After 2 months (T2),Standard Deviation,False,False,True,Specific Intervention Group,-1.24,298,Control Group,-1.3,299,0.06,0.0725,0.827,0.40817
NCT05551637,Undernutrition ; Wasting ; Malnourished,Evaluating Oral Nutritional Supplements on Children's Nutritional Status and Dig,Kazu Gain Gold,Z,Change of Height for Age Z-score,After 3 months (T3),Standard Deviation,False,False,True,Specific Intervention Group,-1.27,298,Control Group,-1.36,299,0.09,0.0734,1.227,0.21988
NCT05551637,Undernutrition ; Wasting ; Malnourished,Evaluating Oral Nutritional Supplements on Children's Nutritional Status and Dig,Kazu Gain Gold,Z,Change of Height for Age Z-score,Difference between T1 - T0,Standard Deviation,False,False,True,Specific Intervention Group,-0.07,298,Control Group,-0.07,299,0.0,0.0143,0.0,1.0
NCT05551637,Undernutrition ; Wasting ; Malnourished,Evaluating Oral Nutritional Supplements on Children's Nutritional Status and Dig,Kazu Gain Gold,Z,Change of Height for Age Z-score,Difference between T2 - T0,Standard Deviation,False,False,True,Specific Intervention Group,0.0,298,Control Group,0.01,299,-0.01,0.0156,-0.643,0.52023
NCT05551637,Undernutrition ; Wasting ; Malnourished,Evaluating Oral Nutritional Supplements on Children's Nutritional Status and Dig,Kazu Gain Gold,Z,Change of Height for Age Z-score,Difference between T3 - T0,Standard Deviation,False,False,True,Specific Intervention Group,-0.03,298,Control Group,-0.05,299,0.02,0.0168,1.191,0.23347
NCT01746862,Idiopathic Short Stature,A Phase 3 Study to Evaluate the Safety and Efficacy of Saizen® in Children With ,Saizen® ; Saizen®,cm/yr,Change From Baseline in Height Velocity at Month 6 Using Last Observation Carried Forward (LOCF,"Change at Month 6 (n=59,29)",Standard Deviation,True,False,False,Saizen Test Group,4.45,60,Saizen Control Group,1.01,30,3.44,0.6725,5.115,0.0
NCT01746862,Idiopathic Short Stature,A Phase 3 Study to Evaluate the Safety and Efficacy of Saizen® in Children With ,Saizen® ; Saizen®,cm/yr,Change From Baseline in Height Velocity at Month 12,,Standard Deviation,True,False,False,Saizen Test Group,3.77,52,Saizen Control Group,2.86,27,0.91,0.4845,1.878,0.06036
NCT01746862,Idiopathic Short Stature,A Phase 3 Study to Evaluate the Safety and Efficacy of Saizen® in Children With ,Saizen® ; Saizen®,cm,Change From Baseline in Height at Month 6 and 12,"Change at Month 6 (n=55, 27)",Standard Deviation,True,False,False,Saizen Test Group,5.41,60,Saizen Control Group,3.1,30,2.31,0.2038,11.333,0.0
NCT01746862,Idiopathic Short Stature,A Phase 3 Study to Evaluate the Safety and Efficacy of Saizen® in Children With ,Saizen® ; Saizen®,cm,Change From Baseline in Height at Month 6 and 12,"Change at Month 12 (n=52, 27)",Standard Deviation,True,False,False,Saizen Test Group,9.78,60,Saizen Control Group,8.24,30,1.54,0.32,4.812,0.0
NCT01911260,Short Stature,Weekly Zinc Chelate Supplementation on Children's Growth,Zinc amino acid chelate ; Placebo,Z,Change in Height-for-Age Z-score (HAZ) From End of Supplementation to End of Follow-up Period.,,Standard Deviation,True,False,False,Growth Deficit+Zinc Amino Acid Chelate,0.04,27,Normal Height + Placebo,0.02,30,0.02,0.0528,0.379,0.70479
NCT01911260,Short Stature,Weekly Zinc Chelate Supplementation on Children's Growth,Zinc amino acid chelate ; Placebo,Z,Change in Height-for-Age Z-score (HAZ) From End of Supplementation to End of Follow-up Period.,,Standard Deviation,True,False,False,Normal Height+Zinc Amino Acid Chelate,0.1,24,Normal Height + Placebo,0.02,30,0.08,0.0565,1.416,0.1567
NCT04085172,Attention Deficit Hyperactivity Disorder,A Study of TAK-503 in Children and Teenagers With Attention Deficit Hyperactivit,Guanfacine hydrochloride (TAK-503) ; Atomoxetine hydrochloride ; Placebo,cm,Parts A and B: Change From Baseline in Height,Change at Week 18,Standard Deviation,False,False,False,Double-Blinded Period (Part A): TAK-503,1.42,96,Double-Blinded Period (Part A): Pla,1.54,96,-0.12,0.236,-0.508,0.61118
NCT04085172,Attention Deficit Hyperactivity Disorder,A Study of TAK-503 in Children and Teenagers With Attention Deficit Hyperactivit,Guanfacine hydrochloride (TAK-503) ; Atomoxetine hydrochloride ; Placebo,cm,Parts A and B: Change From Baseline in Height,Change at Week 18,Standard Deviation,False,False,False,Double-Blinded Period (Part A): Atomoxetine,1.25,95,Double-Blinded Period (Part A): Pla,1.54,96,-0.29,0.2319,-1.251,0.21105
NCT04085172,Attention Deficit Hyperactivity Disorder,A Study of TAK-503 in Children and Teenagers With Attention Deficit Hyperactivit,Guanfacine hydrochloride (TAK-503) ; Atomoxetine hydrochloride ; Placebo,cm,Parts A and B: Change From Baseline in Height,Change at Week 49,Standard Deviation,False,False,False,Double-Blinded Period (Part A): TAK-503,2.63,96,Open-Label Period (Part B): Part A ,2.74,63,-0.11,0.425,-0.259,0.79579
NCT04085172,Attention Deficit Hyperactivity Disorder,A Study of TAK-503 in Children and Teenagers With Attention Deficit Hyperactivit,Guanfacine hydrochloride (TAK-503) ; Atomoxetine hydrochloride ; Placebo,cm,Parts A and B: Change From Baseline in Height,Change at Week 49,Standard Deviation,False,False,False,Double-Blinded Period (Part A): Atomoxetine,2.71,95,Open-Label Period (Part B): Part A ,2.74,63,-0.03,0.3855,-0.078,0.93797
NCT04085172,Attention Deficit Hyperactivity Disorder,A Study of TAK-503 in Children and Teenagers With Attention Deficit Hyperactivit,Guanfacine hydrochloride (TAK-503) ; Atomoxetine hydrochloride ; Placebo,cm,Parts A and B: Change From Baseline in Height,Change at Week 49,Standard Deviation,False,False,False,Open-Label Period (Part B): Part A (TAK-503) - Part B (,3.07,28,Open-Label Period (Part B): Part A ,2.74,63,0.33,0.6631,0.498,0.61874
NCT04085172,Attention Deficit Hyperactivity Disorder,A Study of TAK-503 in Children and Teenagers With Attention Deficit Hyperactivit,Guanfacine hydrochloride (TAK-503) ; Atomoxetine hydrochloride ; Placebo,cm,Parts A and B: Change From Baseline in Height,Change at Week 49,Standard Deviation,False,False,False,Open-Label Period (Part B): Part A (Atomoxetine) - Part,3.52,30,Open-Label Period (Part B): Part A ,2.74,63,0.78,0.6688,1.166,0.24353
NCT02918279,Metabolism and Nutrition Disorder ; Obesity,Effect of Liraglutide for Weight Management in Pubertal Adolescent Subjects With,Liraglutide ; Placebo,Z,Change in Height SDS,Change from week 0 to week 30,Standard Deviation,False,False,True,Liraglutide 3.0 mg,0.11,125,Placebo,0.13,126,-0.02,0.0221,-0.905,0.36544
NCT02918279,Metabolism and Nutrition Disorder ; Obesity,Effect of Liraglutide for Weight Management in Pubertal Adolescent Subjects With,Liraglutide ; Placebo,Z,Change in Height SDS,Change from week 0 to week 56,Standard Deviation,False,False,True,Liraglutide 3.0 mg,0.2,125,Placebo,0.24,126,-0.04,0.036,-1.11,0.26679
NCT02918279,Metabolism and Nutrition Disorder ; Obesity,Effect of Liraglutide for Weight Management in Pubertal Adolescent Subjects With,Liraglutide ; Placebo,Z,Change in Height SDS,Change from week 56 to week 82,Standard Deviation,False,False,True,Liraglutide 3.0 mg,0.07,125,Placebo,0.06,126,0.01,0.0179,0.56,0.5756
NCT03676751,Child Growth ; Diversity of Microbiome ; Child Mortality ; R,MORDOR II Burkina Faso: Longitudinal Trial,Azithromycin ; Placebo,cm,Change in Height Over Time,,Standard Deviation,False,False,False,Azithromycin,91.6,200,Placebo,91.3,189,0.3,1.1206,0.268,0.78892
NCT03204786,Autism ; Autism Spectrum Disorder ; ASD,Intranasal Vasopressin Treatment in Children With Autism,Vasopressin (USP) Injectable Solution [Vasostrict] ; Placebo,cm,Change From Baseline on Height During Treatment.,4-weeks (end of treatment period 1),Standard Error,False,False,False,Vasopressin-Vasopressin,142.0,23,Placebo-Vasopressin,148.0,46,-6.0,6.7695,-0.886,0.37544
NCT03204786,Autism ; Autism Spectrum Disorder ; ASD,Intranasal Vasopressin Treatment in Children With Autism,Vasopressin (USP) Injectable Solution [Vasostrict] ; Placebo,cm,Change From Baseline on Height During Treatment.,8-weeks (end of treatment period 2),Standard Error,False,False,False,Vasopressin-Vasopressin,145.0,23,Placebo-Vasopressin,148.0,46,-3.0,5.4766,-0.548,0.58384
NCT03020719,Cystic Fibrosis,The Role of Oral Glutathione on Growth Parameters in Children With Cystic Fibros,Oral Glutathione ; Placebo,Z,Change in Height-for-age Z-score,,Standard Deviation,False,False,True,Oral Glutathione,-0.04,30,Placebo,0.03,28,-0.07,0.0488,-1.434,0.1517
NCT00000575,Asthma ; Lung Diseases,"Childhood Asthma Management Program (CAMP) Phases I (Trial), II (CAMPCS), III (C",Placebo ; Nedocromil ; Budesonide,cm,"Change in Height From Baseline to End of Treatment, 4-6 Years Later",,Standard Deviation,False,False,True,1 Budesonide,22.7,311,3 Placebo,23.8,418,-1.1,0.4044,-2.72,0.00652
NCT00000575,Asthma ; Lung Diseases,"Childhood Asthma Management Program (CAMP) Phases I (Trial), II (CAMPCS), III (C",Placebo ; Nedocromil ; Budesonide,cm,"Change in Height From Baseline to End of Treatment, 4-6 Years Later",,Standard Deviation,False,False,True,2 Nedocromil,23.7,312,3 Placebo,23.8,418,-0.1,0.404,-0.248,0.80451
NCT03198078,Schizophrenia,Trial to Evaluate the Short-term Safety & Efficacy of Brexpiprazole Monotherapy ,Brexpiprazole (OPC-34712) ; Aripiprazole ; Placebo,cm,Mean Change From Baseline in Height,,Standard Deviation,False,False,False,Brexpiprazole,0.2,108,Placebo,0.3,96,-0.1,0.1223,-0.818,0.41349
NCT03198078,Schizophrenia,Trial to Evaluate the Short-term Safety & Efficacy of Brexpiprazole Monotherapy ,Brexpiprazole (OPC-34712) ; Aripiprazole ; Placebo,cm,Mean Change From Baseline in Height,,Standard Deviation,False,False,False,Aripiprazole,0.2,99,Placebo,0.3,96,-0.1,0.2978,-0.336,0.73705
NCT04596631,"Diabetes Mellitus, Type 2",A Research Study to Compare a New Medicine Oral Semaglutide to a Dummy Medicine ,Oral semaglutide ; Placebo (semaglutide),cm/yr,Height Velocity at Week 26 and Week 52,Week 26,Standard Deviation,False,False,False,Oral Semaglutide,1.5,65,Placebo,1.8,61,-0.3,0.3831,-0.783,0.43356
NCT04596631,"Diabetes Mellitus, Type 2",A Research Study to Compare a New Medicine Oral Semaglutide to a Dummy Medicine ,Oral semaglutide ; Placebo (semaglutide),cm/yr,Height Velocity at Week 26 and Week 52,Week 52,Standard Deviation,False,False,False,Oral Semaglutide,1.0,65,Placebo,0.8,61,0.2,0.3118,0.641,0.52125
NCT03197766,Achondroplasia,A Study to Evaluate the Efficacy and Safety of BMN 111 in Children With Achondro,BMN 111 ; Placebo,cm/yr,Change From Baseline in Annualized Growth Velocity (AGV) at Week 52,,95% Confidence Interval,True,True,False,BMN 111 - 15 μg/kg,1.71,60,Placebo,0.13,61,1.58,,,
NCT03197766,Achondroplasia,A Study to Evaluate the Efficacy and Safety of BMN 111 in Children With Achondro,BMN 111 ; Placebo,Z,Change From Baseline in Height Z-score at Week 52,,95% Confidence Interval,True,True,False,BMN 111 - 15 μg/kg,0.27,60,Placebo,-0.01,61,0.28,,,
NCT00125164,Growth Disorders ; Insulin-Like Growth Factor-1 Deficiency,Prepubertal Children With Growth Failure Associated With Primary Insulin-Like Gr,"rhIGF-1 (mecasermin, Tercica, Inc.)",cm/yr,Height Velocity During the First Year - Intent to Treat (ITT)Population,,Standard Deviation,True,True,True,80 μg/kg BID (Twice Daily Dosing),6.9,42,Untreated,5.2,22,1.7,0.2632,6.459,0.0
NCT00125164,Growth Disorders ; Insulin-Like Growth Factor-1 Deficiency,Prepubertal Children With Growth Failure Associated With Primary Insulin-Like Gr,"rhIGF-1 (mecasermin, Tercica, Inc.)",cm/yr,Height Velocity During the First Year - Intent to Treat (ITT)Population,,Standard Deviation,True,True,True,120 μg/kg BID (Twice Daily Dosing),7.7,49,Untreated,5.2,22,2.5,0.3023,8.27,0.0
NCT00125164,Growth Disorders ; Insulin-Like Growth Factor-1 Deficiency,Prepubertal Children With Growth Failure Associated With Primary Insulin-Like Gr,"rhIGF-1 (mecasermin, Tercica, Inc.)",cm/yr,Height Velocity During the First Year for Subjects - Completers,,Standard Deviation,True,True,True,80 μg/kg BID (Twice Daily Dosing),7.0,39,Untreated,5.2,21,1.8,0.2707,6.65,0.0
NCT00125164,Growth Disorders ; Insulin-Like Growth Factor-1 Deficiency,Prepubertal Children With Growth Failure Associated With Primary Insulin-Like Gr,"rhIGF-1 (mecasermin, Tercica, Inc.)",cm/yr,Height Velocity During the First Year for Subjects - Completers,,Standard Deviation,True,True,True,120 μg/kg BID (Twice Daily Dosing),7.9,43,Untreated,5.2,21,2.7,0.3053,8.844,0.0
NCT03625466,Cystic Fibrosis,A Study to Explore the Impact of Lumacaftor/Ivacaftor on Disease Progression in ,LUM/IVA ; LUM/IVA ; Placebo,Z,Part 1: Absolute Change in Stature-for-age Z-score at Week 48,,95% Confidence Interval,False,False,True,Part 1: LUM/IVA,0.09,35,Part 1: Placebo,0.1,16,-0.01,,,
NCT03583697,Achondroplasia,A Clinical Trial to Evaluate the Safety and Efficacy of BMN 111 in Infants and Y,BMN 111 ; Placebo,Z,Change From Baseline in Height Z-score at Week 52.,,95% Confidence Interval,True,True,False,Randomized Vosoritide,-0.06,32,Randomized Placebo,-0.31,32,0.25,,,
NCT03583697,Achondroplasia,A Clinical Trial to Evaluate the Safety and Efficacy of BMN 111 in Infants and Y,BMN 111 ; Placebo,Z,Change From Baseline in Height Z-score at Week 52.,,95% Confidence Interval,True,True,False,All Vosoritide,0.01,43,Randomized Placebo,-0.31,32,0.32,,,
NCT03583697,Achondroplasia,A Clinical Trial to Evaluate the Safety and Efficacy of BMN 111 in Infants and Y,BMN 111 ; Placebo,cm,Change From Baseline in Height at Week 52,,95% Confidence Interval,True,True,False,Randomized Vosoritide,8.15,32,Randomized Placebo,7.38,32,0.77,,,
NCT03583697,Achondroplasia,A Clinical Trial to Evaluate the Safety and Efficacy of BMN 111 in Infants and Y,BMN 111 ; Placebo,cm,Change From Baseline in Height at Week 52,,95% Confidence Interval,True,True,False,All Vosoritide,8.41,43,Randomized Placebo,7.38,32,1.03,,,
NCT03583697,Achondroplasia,A Clinical Trial to Evaluate the Safety and Efficacy of BMN 111 in Infants and Y,BMN 111 ; Placebo,cm/yr,Change From Baseline in Annualized Growth Velocity (AGV) at Week 52,,95% Confidence Interval,True,True,False,Randomized Vosoritide,-2.17,32,Randomized Placebo,-2.95,32,0.78,,,
NCT03583697,Achondroplasia,A Clinical Trial to Evaluate the Safety and Efficacy of BMN 111 in Infants and Y,BMN 111 ; Placebo,cm/yr,Change From Baseline in Annualized Growth Velocity (AGV) at Week 52,,95% Confidence Interval,True,True,False,All Vosoritide,-2.41,43,Randomized Placebo,-2.95,32,0.54,,,
NCT03583697,Achondroplasia,A Clinical Trial to Evaluate the Safety and Efficacy of BMN 111 in Infants and Y,BMN 111 ; Placebo,cm,"Change From Baseline in Other Growth Measures (Upper Body Length, Head Circumference, Arm Span,",Upper body length,Standard Deviation,True,True,False,Cohort 1: Vosoritide,3.54,19,Cohort 1: Placebo,3.04,16,0.5,0.5629,0.888,0.37438
NCT03583697,Achondroplasia,A Clinical Trial to Evaluate the Safety and Efficacy of BMN 111 in Infants and Y,BMN 111 ; Placebo,cm,"Change From Baseline in Other Growth Measures (Upper Body Length, Head Circumference, Arm Span,",Upper body length,Standard Deviation,True,True,False,Cohort 2: Vosoritide,5.2,12,Cohort 1: Placebo,3.04,16,2.16,0.5761,3.749,0.00018
NCT03583697,Achondroplasia,A Clinical Trial to Evaluate the Safety and Efficacy of BMN 111 in Infants and Y,BMN 111 ; Placebo,cm,"Change From Baseline in Other Growth Measures (Upper Body Length, Head Circumference, Arm Span,",Upper body length,Standard Deviation,True,True,False,Cohort 3: Vosoritide,6.75,11,Cohort 1: Placebo,3.04,16,3.71,0.46,8.065,0.0
NCT03583697,Achondroplasia,A Clinical Trial to Evaluate the Safety and Efficacy of BMN 111 in Infants and Y,BMN 111 ; Placebo,cm,"Change From Baseline in Other Growth Measures (Upper Body Length, Head Circumference, Arm Span,",Head Circumference,Standard Deviation,True,True,False,Cohort 1: Vosoritide,0.74,19,Cohort 1: Placebo,0.68,16,0.06,0.1997,0.301,0.76378
NCT03583697,Achondroplasia,A Clinical Trial to Evaluate the Safety and Efficacy of BMN 111 in Infants and Y,BMN 111 ; Placebo,cm,"Change From Baseline in Other Growth Measures (Upper Body Length, Head Circumference, Arm Span,",Head Circumference,Standard Deviation,True,True,False,Cohort 2: Vosoritide,3.1,12,Cohort 1: Placebo,0.68,16,2.42,0.4499,5.379,0.0
NCT03583697,Achondroplasia,A Clinical Trial to Evaluate the Safety and Efficacy of BMN 111 in Infants and Y,BMN 111 ; Placebo,cm,"Change From Baseline in Other Growth Measures (Upper Body Length, Head Circumference, Arm Span,",Head Circumference,Standard Deviation,True,True,False,Cohort 3: Vosoritide,6.29,11,Cohort 1: Placebo,0.68,16,5.61,0.2947,19.034,0.0
NCT03583697,Achondroplasia,A Clinical Trial to Evaluate the Safety and Efficacy of BMN 111 in Infants and Y,BMN 111 ; Placebo,cm,"Change From Baseline in Other Growth Measures (Upper Body Length, Head Circumference, Arm Span,",Arm Span,Standard Deviation,True,True,False,Cohort 1: Vosoritide,5.82,19,Cohort 1: Placebo,4.86,16,0.96,0.974,0.986,0.32432
NCT03583697,Achondroplasia,A Clinical Trial to Evaluate the Safety and Efficacy of BMN 111 in Infants and Y,BMN 111 ; Placebo,cm,"Change From Baseline in Other Growth Measures (Upper Body Length, Head Circumference, Arm Span,",Arm Span,Standard Deviation,True,True,False,Cohort 2: Vosoritide,7.22,12,Cohort 1: Placebo,4.86,16,2.36,0.6502,3.63,0.00028
NCT03583697,Achondroplasia,A Clinical Trial to Evaluate the Safety and Efficacy of BMN 111 in Infants and Y,BMN 111 ; Placebo,cm,"Change From Baseline in Other Growth Measures (Upper Body Length, Head Circumference, Arm Span,",Arm Span,Standard Deviation,True,True,False,Cohort 3: Vosoritide,8.99,11,Cohort 1: Placebo,4.86,16,4.13,1.5218,2.714,0.00665
NCT03583697,Achondroplasia,A Clinical Trial to Evaluate the Safety and Efficacy of BMN 111 in Infants and Y,BMN 111 ; Placebo,cm,"Change From Baseline in Other Growth Measures (Upper Body Length, Head Circumference, Arm Span,",Upper Arm Length,Standard Deviation,True,True,False,Cohort 1: Vosoritide,0.77,19,Cohort 1: Placebo,1.02,16,-0.25,0.3582,-0.698,0.48523
NCT03583697,Achondroplasia,A Clinical Trial to Evaluate the Safety and Efficacy of BMN 111 in Infants and Y,BMN 111 ; Placebo,cm,"Change From Baseline in Other Growth Measures (Upper Body Length, Head Circumference, Arm Span,",Upper Arm Length,Standard Deviation,True,True,False,Cohort 2: Vosoritide,1.44,12,Cohort 1: Placebo,1.02,16,0.42,0.4605,0.912,0.36179
NCT03583697,Achondroplasia,A Clinical Trial to Evaluate the Safety and Efficacy of BMN 111 in Infants and Y,BMN 111 ; Placebo,cm,"Change From Baseline in Other Growth Measures (Upper Body Length, Head Circumference, Arm Span,",Upper Arm Length,Standard Deviation,True,True,False,Cohort 3: Vosoritide,1.44,11,Cohort 1: Placebo,1.02,16,0.42,0.4905,0.856,0.39187
NCT03583697,Achondroplasia,A Clinical Trial to Evaluate the Safety and Efficacy of BMN 111 in Infants and Y,BMN 111 ; Placebo,cm,"Change From Baseline in Other Growth Measures (Upper Body Length, Head Circumference, Arm Span,",Lower Arm (Forearm) Length,Standard Deviation,True,True,False,Cohort 1: Vosoritide,0.79,19,Cohort 1: Placebo,0.49,16,0.3,0.3166,0.948,0.34334
NCT03583697,Achondroplasia,A Clinical Trial to Evaluate the Safety and Efficacy of BMN 111 in Infants and Y,BMN 111 ; Placebo,cm,"Change From Baseline in Other Growth Measures (Upper Body Length, Head Circumference, Arm Span,",Lower Arm (Forearm) Length,Standard Deviation,True,True,False,Cohort 2: Vosoritide,1.57,12,Cohort 1: Placebo,0.49,16,1.08,0.371,2.911,0.0036
NCT03583697,Achondroplasia,A Clinical Trial to Evaluate the Safety and Efficacy of BMN 111 in Infants and Y,BMN 111 ; Placebo,cm,"Change From Baseline in Other Growth Measures (Upper Body Length, Head Circumference, Arm Span,",Lower Arm (Forearm) Length,Standard Deviation,True,True,False,Cohort 3: Vosoritide,1.49,11,Cohort 1: Placebo,0.49,16,1.0,0.3381,2.957,0.0031
NCT03583697,Achondroplasia,A Clinical Trial to Evaluate the Safety and Efficacy of BMN 111 in Infants and Y,BMN 111 ; Placebo,cm,"Change From Baseline in Other Growth Measures (Upper Body Length, Head Circumference, Arm Span,",Lower Body Length,Standard Deviation,True,True,False,Cohort 1: Vosoritide,2.89,19,Cohort 1: Placebo,2.41,16,0.48,0.5619,0.854,0.39293
NCT03583697,Achondroplasia,A Clinical Trial to Evaluate the Safety and Efficacy of BMN 111 in Infants and Y,BMN 111 ; Placebo,cm,"Change From Baseline in Other Growth Measures (Upper Body Length, Head Circumference, Arm Span,",Lower Body Length,Standard Deviation,True,True,False,Cohort 2: Vosoritide,3.79,12,Cohort 1: Placebo,2.41,16,1.38,0.5568,2.478,0.0132
NCT03583697,Achondroplasia,A Clinical Trial to Evaluate the Safety and Efficacy of BMN 111 in Infants and Y,BMN 111 ; Placebo,cm,"Change From Baseline in Other Growth Measures (Upper Body Length, Head Circumference, Arm Span,",Lower Body Length,Standard Deviation,True,True,False,Cohort 3: Vosoritide,4.41,11,Cohort 1: Placebo,2.41,16,2.0,0.5657,3.535,0.00041
NCT03583697,Achondroplasia,A Clinical Trial to Evaluate the Safety and Efficacy of BMN 111 in Infants and Y,BMN 111 ; Placebo,cm,"Change From Baseline in Other Growth Measures (Upper Body Length, Head Circumference, Arm Span,",Upper Leg Length (Thigh),Standard Deviation,True,True,False,Cohort 1: Vosoritide,1.55,19,Cohort 1: Placebo,0.82,16,0.73,0.551,1.325,0.18521
NCT03583697,Achondroplasia,A Clinical Trial to Evaluate the Safety and Efficacy of BMN 111 in Infants and Y,BMN 111 ; Placebo,cm,"Change From Baseline in Other Growth Measures (Upper Body Length, Head Circumference, Arm Span,",Upper Leg Length (Thigh),Standard Deviation,True,True,False,Cohort 2: Vosoritide,1.1,12,Cohort 1: Placebo,0.82,16,0.28,0.5995,0.467,0.64048
NCT03583697,Achondroplasia,A Clinical Trial to Evaluate the Safety and Efficacy of BMN 111 in Infants and Y,BMN 111 ; Placebo,cm,"Change From Baseline in Other Growth Measures (Upper Body Length, Head Circumference, Arm Span,",Upper Leg Length (Thigh),Standard Deviation,True,True,False,Cohort 3: Vosoritide,1.93,11,Cohort 1: Placebo,0.82,16,1.11,0.6625,1.675,0.09384
NCT03583697,Achondroplasia,A Clinical Trial to Evaluate the Safety and Efficacy of BMN 111 in Infants and Y,BMN 111 ; Placebo,cm,"Change From Baseline in Other Growth Measures (Upper Body Length, Head Circumference, Arm Span,",Knee to Heel Length,Standard Deviation,True,True,False,Cohort 1: Vosoritide,2.21,19,Cohort 1: Placebo,1.52,16,0.69,0.2444,2.823,0.00475
NCT03583697,Achondroplasia,A Clinical Trial to Evaluate the Safety and Efficacy of BMN 111 in Infants and Y,BMN 111 ; Placebo,cm,"Change From Baseline in Other Growth Measures (Upper Body Length, Head Circumference, Arm Span,",Knee to Heel Length,Standard Deviation,True,True,False,Cohort 2: Vosoritide,2.29,12,Cohort 1: Placebo,1.52,16,0.77,0.5832,1.32,0.18673
NCT03583697,Achondroplasia,A Clinical Trial to Evaluate the Safety and Efficacy of BMN 111 in Infants and Y,BMN 111 ; Placebo,cm,"Change From Baseline in Other Growth Measures (Upper Body Length, Head Circumference, Arm Span,",Knee to Heel Length,Standard Deviation,True,True,False,Cohort 3: Vosoritide,3.12,11,Cohort 1: Placebo,1.52,16,1.6,0.319,5.015,0.0
NCT03583697,Achondroplasia,A Clinical Trial to Evaluate the Safety and Efficacy of BMN 111 in Infants and Y,BMN 111 ; Placebo,cm,"Change From Baseline in Other Growth Measures (Upper Body Length, Head Circumference, Arm Span,",Tibial Length,Standard Deviation,True,True,False,Cohort 1: Vosoritide,1.16,19,Cohort 1: Placebo,0.85,16,0.31,0.3545,0.874,0.38188
NCT03583697,Achondroplasia,A Clinical Trial to Evaluate the Safety and Efficacy of BMN 111 in Infants and Y,BMN 111 ; Placebo,cm,"Change From Baseline in Other Growth Measures (Upper Body Length, Head Circumference, Arm Span,",Tibial Length,Standard Deviation,True,True,False,Cohort 2: Vosoritide,1.99,12,Cohort 1: Placebo,0.85,16,1.14,0.2883,3.955,8e-05
NCT03583697,Achondroplasia,A Clinical Trial to Evaluate the Safety and Efficacy of BMN 111 in Infants and Y,BMN 111 ; Placebo,cm,"Change From Baseline in Other Growth Measures (Upper Body Length, Head Circumference, Arm Span,",Tibial Length,Standard Deviation,True,True,False,Cohort 3: Vosoritide,1.39,11,Cohort 1: Placebo,0.85,16,0.54,0.2892,1.867,0.0619
NCT01786902,Idiopathic Short Stature,Efficacy and Safety of DA-3002 in Children With Idiopathic Short Stature,DA-3002,cm/yr,Annualized Height Velocity(cm/Year) After 26 Weeks,,Standard Deviation,True,False,False,DA-3002 Treatment Group,10.68,36,Non-treatment Control Group,5.72,32,4.96,0.4451,11.145,0.0
NCT02915705,X-Linked Hypophosphatemia,Efficacy and Safety of Burosumab Versus Oral Phosphate and Active Vitamin D Trea,burosumab ; Oral Phosphate Supplement ; active vitamin D,Z,Change From Baseline in Height-For-Age Z-Scores to Week 40,,Standard Error,False,False,True,Burosumab,0.16,28,Active Control,0.03,32,0.13,0.0605,2.147,0.03176
NCT02915705,X-Linked Hypophosphatemia,Efficacy and Safety of Burosumab Versus Oral Phosphate and Active Vitamin D Trea,burosumab ; Oral Phosphate Supplement ; active vitamin D,Z,Change From Baseline in Height-For-Age Z-Scores to Week 64,,Standard Error,False,False,True,Burosumab,0.17,28,Active Control,0.02,32,0.15,0.0747,2.008,0.04466
NCT02915705,X-Linked Hypophosphatemia,Efficacy and Safety of Burosumab Versus Oral Phosphate and Active Vitamin D Trea,burosumab ; Oral Phosphate Supplement ; active vitamin D,Z,Change in Growth Velocity Z Score From Baseline to Week 40,,Standard Error,False,False,True,Burosumab,1.76,22,Active Control,0.73,22,1.03,0.478,2.155,0.03118
NCT02915705,X-Linked Hypophosphatemia,Efficacy and Safety of Burosumab Versus Oral Phosphate and Active Vitamin D Trea,burosumab ; Oral Phosphate Supplement ; active vitamin D,Z,Change in Growth Velocity Z Score From Baseline to Week 64,,Standard Error,False,False,True,Burosumab,1.53,22,Active Control,0.41,22,1.12,0.3741,2.994,0.00275
NCT00625872,"Growth Hormone Therapy ; Infant, Small for Gestational Age",Neuromuscular Changes In Small For Gestational Age Children During Somatropin Th,Somatropin ; Somatropin,cm/yr,Mean Growth Velocity at Month 6,,Standard Deviation,True,True,False,Somatropin,8.2,11,Control Arm,4.6,11,3.6,0.726,4.958,0.0
NCT00625872,"Growth Hormone Therapy ; Infant, Small for Gestational Age",Neuromuscular Changes In Small For Gestational Age Children During Somatropin Th,Somatropin ; Somatropin,cm/yr,Mean Growth Velocity-Standard Deviation Score (SDS) at Month 6,,Standard Deviation,True,True,False,Somatropin,3.4,11,Control Arm,-1.1,11,4.5,0.9,5.0,0.0
NCT00625872,"Growth Hormone Therapy ; Infant, Small for Gestational Age",Neuromuscular Changes In Small For Gestational Age Children During Somatropin Th,Somatropin ; Somatropin,cm,Change From Baseline in Height-Standard Deviation Score (SDS) at Month 6,,Standard Error,True,True,False,Somatropin,0.33,11,Control Arm,-0.22,11,0.55,0.3265,1.685,0.09208
NCT02509936,Malnutrition ; Developmental Disabilities,Promoting Physical Growth and Positive Development in Severely Stunted Guatemala,Home-based nutrition education ; Standard-of-care nutrition support,Z,Change in Height/Length for Age Z Score,,Standard Deviation,False,False,True,Home-based Education,0.05,145,Standard of Care Arm,-0.02,151,0.07,0.0541,1.293,0.19595
NCT04085523,Achondroplasia,"A Dose Escalation Trial Evaluating Safety, Efficacy, and Pharmacokinetics of Tra",TransCon CNP ; Placebo for TransCon CNP,cm/yr,Annualized Height Velocity (cm/Year) After 52 Weeks of Double-blind Treatment,,95% Confidence Interval,True,False,False,TransCon CNP 6 mcg,4.09,10,Placebo,4.35,15,-0.26,,,
NCT04085523,Achondroplasia,"A Dose Escalation Trial Evaluating Safety, Efficacy, and Pharmacokinetics of Tra",TransCon CNP ; Placebo for TransCon CNP,cm/yr,Annualized Height Velocity (cm/Year) After 52 Weeks of Double-blind Treatment,,95% Confidence Interval,True,False,False,TransCon CNP 20 mcg,4.52,11,Placebo,4.35,15,0.17,,,
NCT04085523,Achondroplasia,"A Dose Escalation Trial Evaluating Safety, Efficacy, and Pharmacokinetics of Tra",TransCon CNP ; Placebo for TransCon CNP,cm/yr,Annualized Height Velocity (cm/Year) After 52 Weeks of Double-blind Treatment,,95% Confidence Interval,True,False,False,TransCon CNP 50 mcg,5.16,10,Placebo,4.35,15,0.81,,,
NCT04085523,Achondroplasia,"A Dose Escalation Trial Evaluating Safety, Efficacy, and Pharmacokinetics of Tra",TransCon CNP ; Placebo for TransCon CNP,cm/yr,Annualized Height Velocity (cm/Year) After 52 Weeks of Double-blind Treatment,,95% Confidence Interval,True,False,False,TransCon CNP 100 mcg,5.42,11,Placebo,4.35,15,1.07,,,
NCT05598320,Achondroplasia,A Clinical Trial to Evaluate Efficacy and Safety of TransCon CNP Compared With P,Navepegritide (TransCon CNP) ; Placebo for Navepegritide (TransCon CNP),Z,Change From Baseline in Height Z-score (ACH-specific) at Week 52,,95% Confidence Interval,True,True,False,Navepegritide,0.3,57,Placebo for Navepegritide,0.01,27,0.29,,,
NCT05598320,Achondroplasia,A Clinical Trial to Evaluate Efficacy and Safety of TransCon CNP Compared With P,Navepegritide (TransCon CNP) ; Placebo for Navepegritide (TransCon CNP),Z,Change From Baseline in Height Z-score (CDC-Based) at Week 52,,95% Confidence Interval,True,True,False,Navepegritide,0.15,57,Placebo for Navepegritide,-0.15,27,0.3,,,
NCT01470469,"Generalized Anxiety Disorder (GAD) ; Anxiety, Separation ; P","SPD503 in Subjects Aged 6-17 Years With Generalized Anxiety Disorder (GAD), Sepa",SPD503 (extended-release Guanfacine hydrochloride) ; Placebo,cm,Change From Baseline in Height at up to 12 Weeks,,Standard Deviation,False,False,False,SPD503,1.0,59,PLACEBO,0.5,19,0.5,0.3129,1.598,0.11003
NCT00174460,"Growth Hormone Therapy ; Infant, Very Low Birth Weight",Somatropin Therapy In Children Born Preterm But Appropriate For Gestational Age,Somatropin ; Control Arm,cm,Change in Height Standard Deviation Score (SDS) After 1 Year,,Standard Error,False,True,True,Somatropin,1.099,18,Control Arm,0.108,15,0.991,0.106,9.352,0.0
NCT00174460,"Growth Hormone Therapy ; Infant, Very Low Birth Weight",Somatropin Therapy In Children Born Preterm But Appropriate For Gestational Age,Somatropin ; Control Arm,cm,Change From Baseline in Height After 1 Year and After 2 Years,Month 12,Standard Error,False,True,True,Somatropin,10.467,18,Control Arm,5.927,15,4.54,0.3621,12.536,0.0
NCT00174460,"Growth Hormone Therapy ; Infant, Very Low Birth Weight",Somatropin Therapy In Children Born Preterm But Appropriate For Gestational Age,Somatropin ; Control Arm,cm,Change From Baseline in Height After 1 Year and After 2 Years,Month 24,Standard Error,False,True,True,Somatropin,18.908,18,Control Arm,14.844,15,4.064,0.9667,4.204,3e-05
NCT00174460,"Growth Hormone Therapy ; Infant, Very Low Birth Weight",Somatropin Therapy In Children Born Preterm But Appropriate For Gestational Age,Somatropin ; Control Arm,cm,Change From Baseline in Height SDS After 2 Years,,Standard Error,False,True,True,Somatropin,1.71,18,Control Arm,0.991,15,0.719,0.1596,4.506,1e-05
NCT00627523,"Infant, Small for Gestational Age",Genotropin Treatment In Very Young Children Born Small For Gestational Age,"Genotropin (PN-180,307) Somatropin ; Control-no treatment",Z,Change From Baseline in Height Standard Deviation Score (SDS) at Month 24.,,Standard Error,True,True,False,Genotropin®,1.63,21,Control,0.43,21,1.2,0.1838,6.527,0.0
NCT00627523,"Infant, Small for Gestational Age",Genotropin Treatment In Very Young Children Born Small For Gestational Age,"Genotropin (PN-180,307) Somatropin ; Control-no treatment",Z,Change From Baseline in Growth Velocity SDS at Month 24.,,Standard Error,True,True,False,Genotropin®,0.74,21,Control,-0.03,21,0.77,0.8061,0.955,0.33947
NCT00627523,"Infant, Small for Gestational Age",Genotropin Treatment In Very Young Children Born Small For Gestational Age,"Genotropin (PN-180,307) Somatropin ; Control-no treatment",Z,Change From Baseline in Height SDS at Month 12.,,Standard Error,True,True,False,Genotropin®,1.03,21,Control,0.14,21,0.89,0.1697,5.244,0.0
NCT00627523,"Infant, Small for Gestational Age",Genotropin Treatment In Very Young Children Born Small For Gestational Age,"Genotropin (PN-180,307) Somatropin ; Control-no treatment",Z,Change From Baseline in Growth Velocity SDS at Month 12.,,Standard Error,True,True,False,Genotropin®,1.65,21,Control,-1.59,21,3.24,0.792,4.091,4e-05
NCT04175600,"Hypertension, Pulmonary",A Study of Selexipag as Add-On Treatment to Standard of Care in Children With Pu,Selexipag ; Placebo ; Standard of Care (SOC): Endothelin receptor antagonist ; S,cm,Double-blind Period: Change From Baseline in Growth Parameter: Height,Week 24,Standard Error,False,False,False,DB Period: Selexipag,1.1,59,DB Period: Placebo,1.9,64,-0.8,0.7284,-1.098,0.27204
NCT04175600,"Hypertension, Pulmonary",A Study of Selexipag as Add-On Treatment to Standard of Care in Children With Pu,Selexipag ; Placebo ; Standard of Care (SOC): Endothelin receptor antagonist ; S,cm,Double-blind Period: Change From Baseline in Growth Parameter: Height,Week 48,Standard Error,False,False,False,DB Period: Selexipag,2.8,59,DB Period: Placebo,3.8,64,-1.0,0.7355,-1.36,0.17397
NCT04175600,"Hypertension, Pulmonary",A Study of Selexipag as Add-On Treatment to Standard of Care in Children With Pu,Selexipag ; Placebo ; Standard of Care (SOC): Endothelin receptor antagonist ; S,cm,Double-blind Period: Change From Baseline in Growth Parameter: Height,Week 72,Standard Error,False,False,False,DB Period: Selexipag,4.4,59,DB Period: Placebo,5.8,64,-1.4,0.7497,-1.867,0.06183
NCT04175600,"Hypertension, Pulmonary",A Study of Selexipag as Add-On Treatment to Standard of Care in Children With Pu,Selexipag ; Placebo ; Standard of Care (SOC): Endothelin receptor antagonist ; S,cm,Double-blind Period: Change From Baseline in Growth Parameter: Height,Week 96,Standard Error,False,False,False,DB Period: Selexipag,5.6,59,DB Period: Placebo,7.3,64,-1.7,0.7852,-2.165,0.03038
NCT03260205,Attention Deficit Hyperactivity Disorder (ADHD),Safety and Efficacy Study in Preschool Children Aged 4-5 Years With Attention-de,Placebo ; SPD489 (Lisdexamfetamine dimesylate) ; SPD489,cm,Change From Baseline in Height at Week 6,,Standard Deviation,False,False,False,SPD489 5 mg,0.7,34,Placebo,0.7,41,0.0,0.3192,0.0,1.0
NCT03260205,Attention Deficit Hyperactivity Disorder (ADHD),Safety and Efficacy Study in Preschool Children Aged 4-5 Years With Attention-de,Placebo ; SPD489 (Lisdexamfetamine dimesylate) ; SPD489,cm,Change From Baseline in Height at Week 6,,Standard Deviation,False,False,False,SPD489 10 mg,0.7,32,Placebo,0.7,41,0.0,0.2686,0.0,1.0
NCT03260205,Attention Deficit Hyperactivity Disorder (ADHD),Safety and Efficacy Study in Preschool Children Aged 4-5 Years With Attention-de,Placebo ; SPD489 (Lisdexamfetamine dimesylate) ; SPD489,cm,Change From Baseline in Height at Week 6,,Standard Deviation,False,False,False,SPD489 20 mg,1.0,33,Placebo,0.7,41,0.3,0.2935,1.022,0.3067
NCT03260205,Attention Deficit Hyperactivity Disorder (ADHD),Safety and Efficacy Study in Preschool Children Aged 4-5 Years With Attention-de,Placebo ; SPD489 (Lisdexamfetamine dimesylate) ; SPD489,cm,Change From Baseline in Height at Week 6,,Standard Deviation,False,False,False,SPD489 30 mg,0.5,32,Placebo,0.7,41,-0.2,0.2841,-0.704,0.48144
NCT02514473,Cystic Fibrosis,A Study to Evaluate the Efficacy and Safety of Lumacaftor in Combination With Iv,VX-809 ; Placebo ; VX-770,cm,Absolute Change From Baseline in Height at Week 24,,Standard Error,False,False,True,LUM/IVA,2.9,98,Placebo,2.6,97,0.3,0.1414,2.121,0.03389
NCT02514473,Cystic Fibrosis,A Study to Evaluate the Efficacy and Safety of Lumacaftor in Combination With Iv,VX-809 ; Placebo ; VX-770,Z,Absolute Change From Baseline in Height-for-age Z-score at Week 24,,Standard Error,False,False,True,LUM/IVA,0.03,98,Placebo,0.0,97,0.03,0.0283,1.061,0.28884
NCT02527200,Metabolism and Nutrition Disorder ; Obesity,Effect of Liraglutide for Weight Management in Paediatric Subjects With Prader-W,liraglutide ; placebo,cm/yr,Height Velocity at Week 16,,Standard Deviation,True,False,True,Part A: Liraglutide,2.113,18,Part A+B: Placebo,4.258,19,-2.145,1.2206,-1.757,0.07886
NCT02527200,Metabolism and Nutrition Disorder ; Obesity,Effect of Liraglutide for Weight Management in Paediatric Subjects With Prader-W,liraglutide ; placebo,cm/yr,Height Velocity at Week 16,,Standard Deviation,True,False,True,Part B: Liraglutide,4.19,16,Part A+B: Placebo,4.258,19,-0.068,1.177,-0.058,0.95393
NCT02527200,Metabolism and Nutrition Disorder ; Obesity,Effect of Liraglutide for Weight Management in Paediatric Subjects With Prader-W,liraglutide ; placebo,cm/yr,Height Velocity at Week 16,,Standard Deviation,True,False,True,Part A+B: Liraglutide,3.09,34,Part A+B: Placebo,4.258,19,-1.168,1.1084,-1.054,0.292
NCT02527200,Metabolism and Nutrition Disorder ; Obesity,Effect of Liraglutide for Weight Management in Paediatric Subjects With Prader-W,liraglutide ; placebo,cm/yr,Height Velocity at Week 52,,Standard Deviation,True,False,True,Part A: Liraglutide,1.564,17,Part A+B: Placebo,3.173,17,-1.609,0.6744,-2.386,0.01704
NCT02527200,Metabolism and Nutrition Disorder ; Obesity,Effect of Liraglutide for Weight Management in Paediatric Subjects With Prader-W,liraglutide ; placebo,cm/yr,Height Velocity at Week 52,,Standard Deviation,True,False,True,Part B: Liraglutide,4.752,14,Part A+B: Placebo,3.173,17,1.579,0.8481,1.862,0.06264
NCT02527200,Metabolism and Nutrition Disorder ; Obesity,Effect of Liraglutide for Weight Management in Paediatric Subjects With Prader-W,liraglutide ; placebo,cm/yr,Height Velocity at Week 52,,Standard Deviation,True,False,True,Part A+B: Liraglutide,3.004,31,Part A+B: Placebo,3.173,17,-0.169,0.7355,-0.23,0.81826
NCT01624194,Autism,Intranasal Oxytocin Treatment for Social Deficits in Children With Autism,Oxytocin nasal spray ; Placebo,cm,Change From Baseline in Height.,Week 4,95% Confidence Interval,False,False,False,Oxytocin Nasal Spray,134.0,14,Placebo Nasal Spray,129.0,17,5.0,,,
NCT02075047,Bipolar Disorder,Efficacy and Safety Trial of Flexible Doses of Oral Ziprasidone in Children and ,placebo oral capsules ; ziprasidone oral capsules,cm,Change From Baseline in Height and Waist Circumference at Week 4 and Early Termination Visit,"Height, Change at Week 4",Standard Deviation,False,False,False,Ziprasidone,0.4,86,Placebo,0.7,85,-0.3,0.2026,-1.481,0.13866
NCT02075047,Bipolar Disorder,Efficacy and Safety Trial of Flexible Doses of Oral Ziprasidone in Children and ,placebo oral capsules ; ziprasidone oral capsules,cm,Change From Baseline in Height and Waist Circumference at Week 4 and Early Termination Visit,"Height, Change at Early Termination",Standard Deviation,False,False,False,Ziprasidone,0.2,86,Placebo,0.5,85,-0.3,0.0983,-3.052,0.00227
NCT02075047,Bipolar Disorder,Efficacy and Safety Trial of Flexible Doses of Oral Ziprasidone in Children and ,placebo oral capsules ; ziprasidone oral capsules,cm,Change From Baseline in Height and Waist Circumference at Week 4 and Early Termination Visit,"Waist Circumference, Change at Week 4",Standard Deviation,False,False,False,Ziprasidone,-0.1,86,Placebo,0.3,85,-0.4,0.4643,-0.862,0.38892
NCT02075047,Bipolar Disorder,Efficacy and Safety Trial of Flexible Doses of Oral Ziprasidone in Children and ,placebo oral capsules ; ziprasidone oral capsules,cm,Change From Baseline in Height and Waist Circumference at Week 4 and Early Termination Visit,"Waist Circumference, Change at Early Ter",Standard Deviation,False,False,False,Ziprasidone,0.4,86,Placebo,1.0,85,-0.6,0.4482,-1.339,0.18067
NCT00570492,"Rhinitis, Allergic, Perennial",Phase 4 Fluticasone Furoate Nasal Spray (VERAMYST) Long Term Pediatric Growth St,Fluticasone furoate nasal spray ; Placebo nasal spray,cm/yr,Change From Baseline in the Growth Velocity of Pre-pubescent Pediatric Participants to the End ,,Standard Error,False,False,True,FFNS 110 mcg,5.19,217,Placebo,5.46,218,-0.27,0.1414,-1.909,0.05624
NCT01485614,Diabetes Mellitus ; Type 2 Diabetes,Study to Assess Safety & Efficacy of Sitagliptin as Initial Oral Therapy for Tre,Sitagliptin ; Metformin ; Placebo to sitagliptin ; Placebo to metformin ; Glycem,cm/yr,Growth Velocity at Week 20 - Females,,Standard Deviation,False,False,False,Sitagliptin,3.2,46,Placebo/Metformin,1.9,53,1.3,1.2646,1.028,0.30396
NCT01485614,Diabetes Mellitus ; Type 2 Diabetes,Study to Assess Safety & Efficacy of Sitagliptin as Initial Oral Therapy for Tre,Sitagliptin ; Metformin ; Placebo to sitagliptin ; Placebo to metformin ; Glycem,cm/yr,Growth Velocity at Week 54 - Females,,Standard Deviation,False,False,False,Sitagliptin,2.1,37,Placebo/Metformin,1.2,48,0.9,0.6614,1.361,0.17362
NCT01485614,Diabetes Mellitus ; Type 2 Diabetes,Study to Assess Safety & Efficacy of Sitagliptin as Initial Oral Therapy for Tre,Sitagliptin ; Metformin ; Placebo to sitagliptin ; Placebo to metformin ; Glycem,cm/yr,Growth Velocity at Week 20 - Males,,Standard Deviation,False,False,False,Sitagliptin,2.6,38,Placebo/Metformin,3.6,29,-1.0,0.7382,-1.355,0.17553
NCT01485614,Diabetes Mellitus ; Type 2 Diabetes,Study to Assess Safety & Efficacy of Sitagliptin as Initial Oral Therapy for Tre,Sitagliptin ; Metformin ; Placebo to sitagliptin ; Placebo to metformin ; Glycem,cm/yr,Growth Velocity at Week 54 - Males,,Standard Deviation,False,False,False,Sitagliptin,2.5,35,Placebo/Metformin,2.8,25,-0.3,0.5958,-0.504,0.61459
NCT03170518,"Diabetes Mellitus, Type 2",A Study to Investigate the Efficacy and Safety of Canagliflozin in Children and ,Canagliflozin 100 mg ; Canagliflozin 300 mg ; Placebo,cm/yr,Growth Velocity at Weeks 26 and 52,Week 26,Standard Deviation,False,False,False,Canagliflozin 100 mg,1.94,64,Placebo,2.08,81,-0.14,0.494,-0.283,0.77688
NCT03170518,"Diabetes Mellitus, Type 2",A Study to Investigate the Efficacy and Safety of Canagliflozin in Children and ,Canagliflozin 100 mg ; Canagliflozin 300 mg ; Placebo,cm/yr,Growth Velocity at Weeks 26 and 52,Week 26,Standard Deviation,False,False,False,Canagliflozin 300 mg,1.0,16,Placebo,2.08,81,-1.08,1.129,-0.957,0.33879
NCT03170518,"Diabetes Mellitus, Type 2",A Study to Investigate the Efficacy and Safety of Canagliflozin in Children and ,Canagliflozin 100 mg ; Canagliflozin 300 mg ; Placebo,cm/yr,Growth Velocity at Weeks 26 and 52,Week 52,Standard Deviation,False,False,False,Canagliflozin 100 mg,1.46,64,Placebo,1.63,81,-0.17,0.3701,-0.459,0.64601
NCT03170518,"Diabetes Mellitus, Type 2",A Study to Investigate the Efficacy and Safety of Canagliflozin in Children and ,Canagliflozin 100 mg ; Canagliflozin 300 mg ; Placebo,cm/yr,Growth Velocity at Weeks 26 and 52,Week 52,Standard Deviation,False,False,False,Canagliflozin 300 mg,1.76,16,Placebo,1.63,81,0.13,0.8056,0.161,0.8718
NCT01277510,Chronic Kidney Disease ; Hyperparathyroidism ; Hyperparathyr,Pediatric Chronic Kidney Disease Safety and Efficacy,cinacalcet capsule ; placebo ; Standard of Care,cm/yr,Growth Velocity From Baseline to End of Double-blind Phase,,95% Confidence Interval,False,False,True,Cinacalcet,3.3,17,Placebo,3.1,19,0.2,,,
NCT00449072,"Rhinitis, Allergic, Perennial","Study of Triamcinolone Acetonide on the Growth Velocity of Children, Ages 3 to 9","Placebo ; Placebo ; TAA-AQ, Nasacort® AQ ; Claritin®",cm/yr,Growth Velocity,,Standard Error,False,False,True,TAA-AQ,5.65,134,Placebo,6.09,133,-0.44,0.1725,-2.55,0.01077
