gene	youth_z
HOXC8	7.6751
SHOX2	6.7561
MEG3	3.4139
PENK	3.2992
MAPT	3.0731
IGF2	2.7639
NGFR	2.7331
KLHL31	2.7326
ARHGEF37	2.7164
GPC3	2.4499
XIRP2	2.4410
PRSS35	2.1759
MAB21L2	2.1435
EYA4	2.1162
KCNQ5	1.9845
CNKSR1	1.8269
PLAG1	1.8076
SLC16A3	1.8001
AVIL	1.7635
NLGN3	1.7424
H19	1.6734
IL17B	1.5705
DIO2	1.5562
SLC16A2	1.5486
PRKG1	1.5218
SCUBE3	1.5211
MSI1	1.4922
CLMN	1.4753
C1QTNF3	1.4685
PLEKHH1	1.4392
HAUS8	1.4200
GPSM1	1.4094
LMCD1	1.3968
SMOC2	1.3878
HR	1.3822
PICK1	1.3470
JPH1	1.3461
SMOC1	1.3428
CTTNBP2	1.3275
RARG	1.3233
SLC39A7	1.2965
SLC2A1	1.2852
SLC35F1	1.2777
PRKCG	1.2383
NOG	1.2199
ZIM1	1.2094
BNIP3	1.2018
CEP131	1.1980
LZTS2	1.1875
GADD45B	1.1753
DACT3	1.1708
MUSTN1	1.1641
ALDOC	1.1498
MYH10	1.1436
SNRNP48	1.1396
ANGPTL1	1.1326
MATN1	1.1313
BMP5	1.1274
PPP1R1B	1.1104
PYGL	1.0990
AK4	1.0969
FOXO4	1.0919
SLC4A3	1.0757
RAB11FIP4	1.0754
HK2	1.0710
IRS2	1.0693
FLNC	1.0669
MAP3K4	1.0565
PPP1R3B	1.0551
TPCN2	1.0541
LSR	1.0496
PPP1R9A	1.0490
CLCN5	1.0449
WNT11	1.0427
WSCD2	1.0427
AIFM2	1.0326
WNT5A	1.0316
ARRDC3	1.0282
PYROXD2	0.9952
TOX	0.9943
DOLPP1	0.9923
GYS1	0.9919
ROR2	0.9908
GTF2IRD1	0.9896
CSTF2T	0.9873
MNS1	0.9781
MATN4	0.9761
PCYT2	0.9744
MDFI	0.9726
WWOX	0.9680
SAMD11	0.9667
DEAF1	0.9642
PRKCD	0.9538
MAP3K5	0.9522
FGFR3	0.9505
PPIF	0.9482
S100B	0.9480
GNGT2	0.9430
LDLR	0.9394
PXYLP1	0.9388
LIMCH1	0.9352
WNT5B	0.9343
MED12	0.9309
SPTBN2	0.9288
ADAMTS14	0.9150
SLC38A3	0.9097
RANBP17	0.9047
TACC2	0.9001
CEP112	0.8996
FBXL14	0.8983
TGFA	0.8978
PHOSPHO1	0.8960
MYH14	0.8925
CNNM2	0.8925
AGBL5	0.8906
SLC1A4	0.8898
SFRP1	0.8849
ME1	0.8815
OMG	0.8764
LSS	0.8711
SIDT2	0.8702
RBM25	0.8696
LEO1	0.8646
PHLDB1	0.8627
AKAP8L	0.8602
USP5	0.8544
ADAMTS3	0.8521
NUMBL	0.8519
PREB	0.8462
STARD13	0.8424
NRBP2	0.8369
VPS37B	0.8360
GET4	0.8356
NGEF	0.8319
TRPV4	0.8309
PRSS53	0.8276
SYNPO2	0.8267
CDC34	0.8263
TENM3	0.8262
TRERF1	0.8243
DHCR24	0.8226
MOV10	0.8221
DIABLO	0.8184
CHSY1	0.8163
AATF	0.8162
NPHP3	0.8093
WWP2	0.8089
DYRK1B	0.8084
TNIK	0.8073
STX2	0.8049
EPYC	0.8044
MEST	0.8016
SCIN	0.8012
MARK4	0.8006
TTC4	0.7960
LAMA5	0.7950
PRPF40B	0.7917
MAP2	0.7888
TBC1D22B	0.7873
GPT2	0.7854
HAS2	0.7847
SBF1	0.7845
MAPRE3	0.7814
RPS6KA5	0.7813
PFKFB3	0.7812
CHD2	0.7796
STK38L	0.7785
LIMS2	0.7756
WSB1	0.7750
KDM4B	0.7739
CLASRP	0.7725
SMARCA1	0.7683
TSC1	0.7679
IHH	0.7618
AHI1	0.7581
ZFAND2A	0.7567
ATG16L1	0.7563
NRK	0.7551
TAF1C	0.7550
VPS33B	0.7527
RPS6KB2	0.7524
PDLIM7	0.7510
PLCD1	0.7493
SCRIB	0.7491
TRPM4	0.7467
CEP85L	0.7442
FRY	0.7437
SPIDR	0.7417
CEP95	0.7415
TRIM47	0.7399
PLEKHH2	0.7390
PEG3	0.7376
LRRC42	0.7374
BDH1	0.7361
MYBL1	0.7338
CLTB	0.7336
MPDU1	0.7307
PFKP	0.7300
PLEKHB1	0.7273
ASCC2	0.7262
ZC3H13	0.7249
AMACR	0.7234
CACFD1	0.7228
GMEB1	0.7224
YIPF2	0.7214
HIGD1A	0.7214
KCNRG	0.7211
ZFYVE27	0.7208
POU6F1	0.7197
SLC4A4	0.7195
NCKAP5L	0.7174
NDRG1	0.7154
PPP1R15A	0.7145
LSG1	0.7145
TRIM39	0.7137
SPACA6	0.7104
REEP1	0.7065
CPXM1	0.7064
BAIAP2L1	0.7055
NFATC2	0.7053
AP2A1	0.7031
CRY2	0.7029
GAN	0.7021
USP28	0.7018
BLCAP	0.6993
ZFP385B	0.6991
GPR157	0.6989
PIEZO1	0.6979
TNK2	0.6970
DHX8	0.6968
LRWD1	0.6967
PDZD2	0.6962
PVR	0.6961
RBPMS2	0.6954
PFKL	0.6953
INPP5E	0.6926
ADAR	0.6918
NPR2	0.6911
AMOTL2	0.6904
PACSIN3	0.6869
ERCC6	0.6868
STK39	0.6865
PLAGL1	0.6857
SLC5A3	0.6820
PPME1	0.6813
ANAPC7	0.6797
IGF1R	0.6795
MEF2D	0.6772
DISP1	0.6771
TBC1D25	0.6762
P4HA2	0.6759
GTF2F1	0.6757
LCAT	0.6744
WNK1	0.6734
CPNE2	0.6731
RPLP1	0.6730
KIF13A	0.6710
FDPS	0.6699
THBS1	0.6694
PLEKHM2	0.6677
DHX38	0.6667
UNC45A	0.6665
CDC14B	0.6654
LRRC1	0.6650
NCOA2	0.6635
P3H2	0.6626
EPS8L2	0.6599
ELL	0.6596
PRPF38B	0.6582
IL18BP	0.6580
MBOAT2	0.6573
ATP9B	0.6571
HTATSF1	0.6556
FURIN	0.6555
HDAC5	0.6538
SFSWAP	0.6533
CWC27	0.6496
CDK11B	0.6484
KCNK5	0.6483
LAS1L	0.6481
CSPG4	0.6473
IER3	0.6450
OSBPL6	0.6445
WBP2	0.6431
HABP4	0.6430
ZWINT	0.6412
VPS33A	0.6404
CABIN1	0.6397
GALE	0.6396
AAMP	0.6388
RTN4IP1	0.6362
TRIP10	0.6360
PPARD	0.6356
ILF2	0.6354
CACNA1D	0.6343
MYOM1	0.6321
ERF	0.6320
UTRN	0.6298
CDC37	0.6293
ABCF3	0.6289
PRDM4	0.6286
MEA1	0.6255
SIAH2	0.6251
ADAMTSL4	0.6250
MBD1	0.6245
SREK1	0.6243
PGM3	0.6241
MED25	0.6226
ODF2L	0.6222
VPS52	0.6213
MED21	0.6206
MAP1A	0.6193
CLCN3	0.6182
MAP7D1	0.6175
SMAD1	0.6174
CCNT2	0.6173
APEX2	0.6170
ACTA2	0.6166
AGK	0.6156
SATB1	0.6153
STIM1	0.6152
SULF2	0.6141
MSMO1	0.6130
TRMT13	0.6124
PDZRN3	0.6106
SLC25A38	0.6101
PTPN21	0.6092
POLR3C	0.6090
ARHGEF19	0.6084
CDON	0.6065
UVRAG	0.6061
STK11IP	0.6057
PIGL	0.6056
SCLY	0.6050
TLCD1	0.6020
RNF34	0.6015
PDCD11	0.6000
INPP1	0.5994
SFMBT2	0.5967
PTPN23	0.5960
FOXP2	0.5955
PHACTR2	0.5951
ARHGEF1	0.5937
ORC2	0.5923
DDX39B	0.5894
DAZAP1	0.5884
DNAJB2	0.5882
CLCN6	0.5874
LONP1	0.5868
CDK5RAP2	0.5867
CAPN15	0.5857
EGLN2	0.5853
GPSM2	0.5846
SLC35D1	0.5842
IMPACT	0.5832
ROGDI	0.5832
GNAS	0.5820
SNX29	0.5815
PCGF2	0.5800
PDE8A	0.5795
TRABD	0.5776
STRBP	0.5762
TMEM242	0.5759
ANKZF1	0.5758
HGS	0.5752
SLC8A3	0.5744
TRIOBP	0.5742
ZFAT	0.5726
DNM2	0.5724
AHDC1	0.5714
EFNB2	0.5710
TUBGCP6	0.5704
PPP1R12B	0.5690
REXO1	0.5678
SUN1	0.5676
ATP2A2	0.5672
MICAL3	0.5666
MDGA1	0.5652
DENND6B	0.5648
TRIM44	0.5636
PINX1	0.5629
PHLPP2	0.5614
PRICKLE3	0.5609
SENP2	0.5595
ATG2A	0.5595
WIZ	0.5576
LTV1	0.5573
RPL18A	0.5571
KIF16B	0.5569
PKM	0.5569
PLCB4	0.5561
SAP30BP	0.5561
EFNA1	0.5556
WNK4	0.5551
GPATCH1	0.5551
ARSI	0.5544
PTPRF	0.5541
PER2	0.5525
TBRG4	0.5522
FAM162A	0.5487
CAPN6	0.5474
ZSWIM4	0.5471
USP49	0.5469
EHMT1	0.5447
KANK3	0.5436
ARFGEF2	0.5436
E4F1	0.5426
ZCCHC7	0.5422
HMGCR	0.5421
ALKBH3	0.5417
EIF5A2	0.5408
UBR2	0.5401
KDM4C	0.5383
TBC1D10A	0.5374
WDR47	0.5365
ATAD3A	0.5354
AFG3L2	0.5352
TMEM222	0.5351
APPL2	0.5343
MALL	0.5341
SPATA2	0.5334
CIT	0.5333
ZDHHC8	0.5330
NDN	0.5325
URB2	0.5323
RNF25	0.5321
AP5Z1	0.5320
DLGAP4	0.5317
ITGA1	0.5317
LIMK2	0.5314
TLK2	0.5312
TJAP1	0.5311
RSRC1	0.5309
RNF40	0.5290
USP19	0.5284
EFHD2	0.5281
SUGP1	0.5273
MTF2	0.5258
SNRNP70	0.5258
HSF1	0.5257
ARHGAP21	0.5251
ITGA6	0.5244
PPFIBP1	0.5243
ADK	0.5240
SREBF2	0.5238
DNAAF5	0.5238
PIM3	0.5222
RSPRY1	0.5215
UBE2E2	0.5214
PDE4B	0.5211
RHBDF1	0.5194
RTEL1	0.5192
BMP7	0.5182
USP20	0.5176
PRCC	0.5171
MIER2	0.5168
PUF60	0.5157
CAB39	0.5156
ABCC5	0.5149
STARD4	0.5146
PDE4DIP	0.5143
KDM3A	0.5138
IGHMBP2	0.5132
SDK2	0.5129
CSNK1G1	0.5127
KCTD18	0.5115
SAFB2	0.5114
PGK1	0.5096
KLHDC3	0.5094
MTMR3	0.5088
CDK17	0.5083
AMBRA1	0.5074
OSBPL5	0.5067
DGAT1	0.5063
FAM216A	0.5062
PLD2	0.5061
TUBB2A	0.5051
SNX30	0.5046
TENM4	0.5043
CDS1	0.5042
ITGA10	0.5039
VPS53	0.5039
TPCN1	0.5032
BCAR1	0.5030
INSIG1	0.5026
COL9A2	0.5025
DDX55	0.5021
ADRM1	0.5013
ERN1	0.5012
DOT1L	0.5010
PRPF19	0.5001
CTNNAL1	0.4997
ACVR1B	0.4995
ZFP40	0.4994
INTS7	0.4991
SCYL1	0.4989
GATAD2A	0.4988
DDI2	0.4986
CLCC1	0.4981
FOXP4	0.4974
KAT2A	0.4964
VAV2	0.4948
SDE2	0.4947
PDSS2	0.4942
TAB1	0.4940
DZIP1L	0.4924
IP6K2	0.4924
RGMA	0.4921
PTBP2	0.4921
TIAM1	0.4906
IWS1	0.4898
NPEPL1	0.4890
TNPO2	0.4889
MARK2	0.4889
TSPAN17	0.4889
STAT2	0.4884
DCLRE1C	0.4881
ZFP362	0.4880
TCERG1	0.4874
ARAF	0.4874
WDR70	0.4867
TMED1	0.4861
SRRM1	0.4856
PELO	0.4856
PNN	0.4835
RAB3IP	0.4835
ALOX12	0.4833
SRGAP2	0.4832
MICU1	0.4831
XYLT2	0.4822
BMP6	0.4817
MICAL1	0.4817
CSPP1	0.4811
RBFOX2	0.4801
PGM1	0.4800
RRAS2	0.4784
ITM2A	0.4781
MRAS	0.4773
DDX27	0.4771
STC2	0.4765
NEK1	0.4762
FAM193B	0.4757
SLC25A1	0.4750
UCK2	0.4748
EPHB3	0.4747
TATDN2	0.4745
FASN	0.4736
SESN1	0.4732
CNNM4	0.4721
PMP22	0.4717
PSMD3	0.4716
UBOX5	0.4710
RBM5	0.4694
MAPKBP1	0.4685
KCTD15	0.4677
CEP85	0.4674
ZFP692	0.4665
NCOR2	0.4663
TACC1	0.4656
NOP14	0.4656
MAP1B	0.4639
SOX6	0.4633
PAK3	0.4623
SLC35E1	0.4617
HMOX1	0.4614
RUFY3	0.4613
DVL3	0.4611
TGM2	0.4607
ZSWIM8	0.4603
PLEKHN1	0.4594
FIP1L1	0.4593
TSSC4	0.4593
ARHGEF25	0.4591
MARK3	0.4583
LRRC4	0.4583
WHAMM	0.4583
RBSN	0.4580
MTHFD1L	0.4575
CLEC3A	0.4574
ACACA	0.4572
MTMR14	0.4571
STK11	0.4561
AGTPBP1	0.4553
PCED1A	0.4550
NACA	0.4545
AUP1	0.4542
PHTF1	0.4542
RPTOR	0.4538
OTUD7B	0.4533
PID1	0.4527
EIF5B	0.4526
SPIRE1	0.4512
C2CD5	0.4510
SLC6A9	0.4507
WDR55	0.4504
GAPDH	0.4499
CSNK1E	0.4498
LETM1	0.4496
WDR20	0.4489
TIMM44	0.4485
EDC4	0.4483
SMC5	0.4465
ACIN1	0.4460
SNRNP35	0.4459
WDHD1	0.4459
BRD9	0.4455
CSGALNACT1	0.4451
CRTC1	0.4450
DDX24	0.4442
PCIF1	0.4441
ARFIP2	0.4436
TSPYL2	0.4433
FAF2	0.4432
MEGF8	0.4429
PRKG2	0.4427
TTL	0.4415
PSMD14	0.4405
ATP6V0A1	0.4403
SNTB2	0.4401
SLC10A7	0.4400
PABPN1	0.4387
RHOBTB1	0.4381
SQLE	0.4380
ATG13	0.4373
EPS15L1	0.4370
RIOK1	0.4360
ZBTB40	0.4358
ZFP523	0.4357
NXF1	0.4350
PCGF6	0.4349
COL27A1	0.4347
RAB3GAP2	0.4344
ZC3H18	0.4343
SMG6	0.4334
APBB3	0.4329
MAP9	0.4327
LRRK1	0.4322
HMGCS1	0.4321
PSMC4	0.4314
LENG1	0.4313
IRAK2	0.4312
TUT1	0.4309
GALK1	0.4307
MTO1	0.4301
RBM26	0.4300
ARFGAP1	0.4286
SRFBP1	0.4280
SLC17A9	0.4280
ASB6	0.4269
OTUD4	0.4266
COMP	0.4265
BRPF1	0.4260
ZCCHC17	0.4259
FIG4	0.4257
NF2	0.4254
MAP3K3	0.4248
ACTN4	0.4247
SPATS2	0.4245
TMEM43	0.4240
SIK3	0.4238
PRRX1	0.4235
ZFP652	0.4233
GLS	0.4232
SH3BP5	0.4227
PDLIM5	0.4224
ARHGEF9	0.4223
PDIA5	0.4221
LEMD3	0.4221
BRPF3	0.4216
COL15A1	0.4211
CCNK	0.4211
ILKAP	0.4205
MMS19	0.4199
TM7SF3	0.4197
PLTP	0.4196
ABTB2	0.4196
RPGRIP1L	0.4194
SOX9	0.4192
UBR4	0.4190
ACAN	0.4189
ATXN1	0.4187
KCTD9	0.4184
ENAH	0.4183
BRD8	0.4180
S100PBP	0.4179
RREB1	0.4176
APEH	0.4175
LRBA	0.4173
AGO3	0.4169
LDHA	0.4165
EIF2B2	0.4165
ABCA5	0.4161
MYNN	0.4159
RSRC2	0.4158
DCHS1	0.4152
REXO4	0.4150
OPTN	0.4149
ZBTB21	0.4148
RHOC	0.4148
DCAF6	0.4146
RIC8B	0.4146
STOML2	0.4145
CCND2	0.4144
TNRC18	0.4140
RAB35	0.4138
YTHDC1	0.4138
COG2	0.4130
STAM	0.4130
TRRAP	0.4129
TRIM25	0.4125
KDM4A	0.4125
RPP21	0.4122
DNAJB12	0.4120
FTL1	0.4114
TNIP1	0.4114
GTF2F2	0.4109
GOLGA4	0.4108
PPP6R2	0.4106
TOM1L2	0.4103
PANX3	0.4101
WDR18	0.4098
ITPR2	0.4096
ATG9A	0.4096
XPO1	0.4095
SLC20A2	0.4093
EXOC1	0.4091
NEMF	0.4090
GTF3C1	0.4090
PGAM1	0.4074
ULK1	0.4068
COL11A2	0.4059
INO80	0.4057
SRSF11	0.4057
ARHGAP12	0.4055
TCF7L1	0.4053
AKT3	0.4048
MRPS2	0.4045
WDTC1	0.4042
CUL4A	0.4042
BIN3	0.4038
LPIN1	0.4038
NFX1	0.4036
NOL10	0.4035
USP54	0.4032
PACSIN2	0.4029
WNK3	0.4027
PLXNB2	0.4025
PARP6	0.4022
USP53	0.4008
SPECC1L	0.4008
INSR	0.4007
PER3	0.4005
NID2	0.4004
PHKA1	0.4004
SEC61A2	0.3999
UGP2	0.3998
CDYL	0.3998
LENG8	0.3996
NFIC	0.3996
ARGLU1	0.3994
PPP1R10	0.3993
KRAS	0.3983
CEP162	0.3981
CRAT	0.3981
OTUD6B	0.3980
MAPK6	0.3978
HBS1L	0.3978
FBXO42	0.3973
AP3D1	0.3971
PCYT1A	0.3969
CCNL1	0.3965
CORO1B	0.3962
FSCN1	0.3961
CAND2	0.3958
ATP13A1	0.3958
DDX42	0.3956
CEP295	0.3956
SC5D	0.3953
PPAN	0.3952
SHISA4	0.3952
PIP4K2C	0.3943
ANKS3	0.3940
ACSL1	0.3935
ABL2	0.3932
HIVEP1	0.3932
TIMM17A	0.3929
PTPRS	0.3929
LOXL4	0.3928
KCTD3	0.3927
FAM135A	0.3923
TIPRL	0.3922
VPS16	0.3916
LUC7L3	0.3916
THOC5	0.3907
FRMD8	0.3904
ITGA5	0.3894
INTS10	0.3892
NCOA5	0.3888
ZFP143	0.3884
TMBIM1	0.3883
KAT5	0.3881
STK16	0.3881
TNFRSF10B	0.3879
SPSB1	0.3879
UGDH	0.3879
JMJD6	0.3874
TGFBI	0.3870
SLC7A5	0.3869
SOBP	0.3862
PKMYT1	0.3859
SLC9A1	0.3857
SLC9A8	0.3847
PPP2R2D	0.3841
POLDIP3	0.3840
U2AF1	0.3840
GPS2	0.3832
GBE1	0.3830
SGMS2	0.3827
IMP4	0.3826
COPS7B	0.3825
KDM1A	0.3825
PRPF4B	0.3823
PRPF3	0.3819
RPSA	0.3814
BTRC	0.3810
DLC1	0.3809
PAXIP1	0.3797
KCTD10	0.3797
NOMO1	0.3796
CDC42BPB	0.3793
ATE1	0.3789
HIPK2	0.3787
SLC13A5	0.3782
ARAP2	0.3781
NVL	0.3781
CCHCR1	0.3779
PDAP1	0.3779
FDFT1	0.3766
PCDH9	0.3760
CHPF	0.3760
CXXC1	0.3760
ARHGAP39	0.3758
GJC1	0.3753
NFXL1	0.3751
MCM3AP	0.3749
CEP104	0.3747
GFPT2	0.3747
SCD2	0.3744
PSMC1	0.3732
ZFP64	0.3732
SLC38A4	0.3730
EIF6	0.3730
DNAJB6	0.3727
SETDB1	0.3725
IRS1	0.3717
IFFO1	0.3707
SLC30A9	0.3704
MYBL2	0.3704
UPF2	0.3703
LGALS3	0.3703
SF3A2	0.3702
ZFPM1	0.3702
FNDC3B	0.3700
NSDHL	0.3700
NEK8	0.3699
TYK2	0.3695
GOLGB1	0.3689
CNPPD1	0.3685
DCTN1	0.3685
PCDHGA10	0.3683
TSPYL1	0.3680
CHPF2	0.3678
PTP4A3	0.3675
KIN	0.3674
CHERP	0.3668
ITFG2	0.3668
ZFPM2	0.3665
OTUB1	0.3665
FAM180A	0.3662
NCLN	0.3660
CDV3	0.3657
DOCK6	0.3657
HTT	0.3657
TMEM41A	0.3651
ILF3	0.3646
NUP153	0.3645
ARHGEF18	0.3642
UTP14A	0.3632
OGFR	0.3629
PITPNB	0.3627
CRYL1	0.3623
PDGFA	0.3623
SP2	0.3620
ADIPOR2	0.3620
OXSR1	0.3608
CDC37L1	0.3608
NAA25	0.3603
TTBK2	0.3593
RBM7	0.3591
STXBP2	0.3588
SCARB1	0.3573
FARSA	0.3571
PLCE1	0.3570
NDEL1	0.3567
MAPK8IP3	0.3567
ZFP608	0.3567
FNBP4	0.3565
GOLGA2	0.3565
BRD1	0.3562
ZFP110	0.3561
RHOT2	0.3557
SLC44A2	0.3557
MED24	0.3557
MXI1	0.3556
BBS1	0.3551
RBM28	0.3550
FAM20B	0.3548
GALNT1	0.3544
SMPD3	0.3543
RBM4B	0.3540
OCRL	0.3536
ZCCHC8	0.3535
PCID2	0.3533
TXNRD1	0.3532
PRKAR2A	0.3530
AP4E1	0.3526
EMP2	0.3524
RPL28	0.3524
NHLRC2	0.3521
EXOC4	0.3516
MYEF2	0.3515
CDK16	0.3513
DCP1A	0.3513
NELFCD	0.3512
THOC1	0.3509
CDK12	0.3506
NPLOC4	0.3505
KIF3A	0.3503
UBXN1	0.3501
SLC12A4	0.3497
ABCC1	0.3495
NPEPPS	0.3493
PRR5	0.3493
MTHFD1	0.3490
MED15	0.3489
CCDC97	0.3485
RPS6KB1	0.3482
GRAMD1A	0.3481
RALY	0.3480
SNAPC3	0.3477
DGKA	0.3476
BCAT1	0.3472
COPS8	0.3472
UGGT1	0.3472
ALG9	0.3471
SCAF1	0.3465
ISYNA1	0.3461
MTCH1	0.3459
BAZ2A	0.3458
MFAP3	0.3457
TMEM183A	0.3457
MLLT10	0.3456
NACC2	0.3455
SMAD4	0.3454
PSMB3	0.3453
MFAP1A	0.3452
CC2D1B	0.3449
GGA1	0.3439
VLDLR	0.3438
BHLHE40	0.3438
CIZ1	0.3429
ZFYVE16	0.3428
FXR2	0.3428
ARHGAP1	0.3421
RUNX2	0.3420
TSTD2	0.3418
YEATS2	0.3418
CFAP20	0.3417
DNAJC21	0.3416
CAMK1D	0.3408
SYVN1	0.3406
CTDP1	0.3405
ZMYND8	0.3400
RNF181	0.3399
NFAT5	0.3398
OS9	0.3397
FNBP1	0.3393
EIF2AK4	0.3391
SMAD7	0.3390
ADCY2	0.3389
FIS1	0.3384
DLG1	0.3382
GPCPD1	0.3380
TADA2A	0.3378
SAFB	0.3377
UPF3B	0.3374
KIF1C	0.3374
PBX3	0.3373
CCDC77	0.3371
RPL29	0.3367
DYNC2H1	0.3362
EMC1	0.3358
DCAF13	0.3357
INCENP	0.3355
PCDHGB7	0.3354
H1F0	0.3354
MAN2A2	0.3354
LOXL2	0.3343
CAMSAP1	0.3340
GNL2	0.3338
RBBP5	0.3337
BCL9L	0.3332
PSMD1	0.3329
GNA12	0.3327
IQGAP3	0.3325
RFX1	0.3324
SYF2	0.3323
SPTLC2	0.3322
SERINC5	0.3322
MRPS26	0.3320
PRKD3	0.3317
ALG11	0.3313
PSMC3	0.3308
EHBP1L1	0.3307
FCHSD2	0.3304
TTC1	0.3302
CCDC47	0.3300
FRS2	0.3299
EPN1	0.3298
FARP1	0.3297
EIF2AK3	0.3297
RAPGEF2	0.3296
CALR	0.3296
TRAF3	0.3295
GPATCH4	0.3294
NOLC1	0.3292
ZFP39	0.3291
GPRASP1	0.3290
USF2	0.3289
DROSHA	0.3284
DCAF8	0.3283
BBX	0.3282
PMS2	0.3279
TCHP	0.3279
MDM4	0.3274
GAA	0.3274
EIF3B	0.3272
SLC41A2	0.3272
DHX57	0.3272
EIF2S1	0.3270
PGM2	0.3270
NT5E	0.3266
SMPD4	0.3264
PWP1	0.3262
MBD6	0.3260
FAM222B	0.3259
PLEKHA5	0.3259
RAB4B	0.3259
SDCCAG8	0.3256
SEMA3D	0.3255
SLC35F6	0.3254
ARFGAP2	0.3251
RGL2	0.3251
USP33	0.3246
SBNO2	0.3244
GABBR1	0.3240
XRCC6	0.3240
SCAF4	0.3236
PLCG1	0.3234
ZFYVE26	0.3234
PPP1R7	0.3233
TANC2	0.3231
STK26	0.3231
DDX46	0.3231
UBA5	0.3228
PAM	0.3228
CYP51	0.3226
PCDHGA8	0.3223
ZFP346	0.3221
TNKS	0.3216
RAF1	0.3213
KIF3B	0.3208
PRKAG1	0.3206
ZER1	0.3204
PHRF1	0.3203
FBXO7	0.3201
SMTN	0.3200
SQSTM1	0.3200
RAI1	0.3199
RNF144A	0.3196
INPP4A	0.3193
TMIE	0.3191
CTSZ	0.3189
SPAG9	0.3189
IFT57	0.3188
SIPA1L3	0.3182
TAB2	0.3182
HIVEP2	0.3179
TMEM214	0.3171
UPF3A	0.3170
CHD6	0.3168
UBE3B	0.3167
ZSCAN21	0.3163
TBRG1	0.3156
KANK1	0.3153
USP8	0.3149
DIP2C	0.3147
ZFP445	0.3146
RNPC3	0.3146
ZKSCAN5	0.3142
SLC20A1	0.3141
DGKQ	0.3140
DDX19B	0.3138
BZW2	0.3138
NADK2	0.3137
FYTTD1	0.3136
SNRPA1	0.3135
TXLNG	0.3135
ZRANB2	0.3134
POLR2E	0.3130
EEF2	0.3128
MAP2K7	0.3127
UST	0.3124
LUC7L2	0.3122
NFRKB	0.3114
PARD3	0.3113
UBFD1	0.3112
FBXW8	0.3111
P4HA1	0.3105
PCSK7	0.3100
TUBGCP3	0.3099
PITPNM2	0.3099
OSBPL1A	0.3095
TCTA	0.3094
SOWAHC	0.3091
SHANK1	0.3089
STXBP1	0.3086
CHD8	0.3084
POP1	0.3084
CNOT10	0.3083
NCBP1	0.3080
UBA52	0.3075
ZFP142	0.3075
MATN3	0.3072
ATPAF2	0.3069
EDEM3	0.3069
TAF7	0.3069
EVC2	0.3066
TRAK1	0.3063
AGRN	0.3057
RABGAP1L	0.3057
IFT43	0.3056
TDRD3	0.3056
SMURF1	0.3053
EXTL1	0.3052
MYO1F	0.3052
POLR1A	0.3050
TUBA1C	0.3050
DDA1	0.3050
PMPCA	0.3050
ABL1	0.3048
PHF20	0.3045
ZFP516	0.3044
NACC1	0.3041
ANXA7	0.3037
ZBTB7C	0.3035
ZFP330	0.3034
IQGAP1	0.3027
FUCA2	0.3027
DDB1	0.3026
RNF20	0.3025
DGKZ	0.3018
SH3BP4	0.3017
NAA35	0.3012
SLC6A8	0.3010
VAMP4	0.3006
XAB2	0.3004
RAB23	0.3004
ANAPC4	0.3003
BTBD3	0.3001
GBF1	0.3001
RBBP7	0.2999
YWHAQ	0.2996
HAPLN1	0.2990
TOP1	0.2989
RGS3	0.2988
ARIH2	0.2988
USP22	0.2987
MTMR10	0.2986
NUP205	0.2985
FAM3A	0.2983
POM121	0.2980
SNRPA	0.2972
RERE	0.2970
MFN1	0.2969
SON	0.2968
ZFP598	0.2968
CFAP36	0.2967
RAPGEF6	0.2961
EPHA2	0.2961
RNF31	0.2959
OLFM1	0.2956
WDR48	0.2954
SNF8	0.2954
TWF1	0.2953
ETFA	0.2950
GSK3B	0.2949
POR	0.2949
CDKN1A	0.2942
SEC16A	0.2942
BLZF1	0.2939
APP	0.2936
B4GALT3	0.2934
TAF3	0.2932
SETD5	0.2932
SURF4	0.2930
MAML3	0.2929
GPD2	0.2926
HOMER1	0.2920
GNG12	0.2920
ZPR1	0.2915
VIM	0.2913
NIN	0.2896
DNAJC5	0.2895
SLC23A2	0.2894
GLO1	0.2892
PRKCSH	0.2891
KDM6B	0.2891
SLC7A6OS	0.2888
PLRG1	0.2885
BCL2	0.2883
CDK8	0.2882
DYNC1H1	0.2881
STON2	0.2881
MAFG	0.2880
DYRK2	0.2875
TUBB4B	0.2874
LSM12	0.2873
ARL14EP	0.2872
ATG7	0.2871
METTL3	0.2868
ANP32B	0.2861
VPS13D	0.2861
CTSD	0.2859
RABL6	0.2858
CSTF3	0.2855
RNF167	0.2850
BDP1	0.2845
ACKR3	0.2845
AKT1	0.2843
SSX2IP	0.2843
AMMECR1L	0.2841
STXBP6	0.2838
SLC7A1	0.2833
MYO18A	0.2831
MYO5A	0.2831
DMTF1	0.2831
SF3A1	0.2830
CHMP2A	0.2830
NMT1	0.2830
KLHL29	0.2829
SMARCA4	0.2829
CLIP1	0.2827
DOCK1	0.2823
ISG20L2	0.2822
BMS1	0.2821
TGDS	0.2820
EVL	0.2817
TCF7L2	0.2816
PRNP	0.2815
PRRC2A	0.2815
SEC24C	0.2815
PANK1	0.2813
TRIP4	0.2805
NUP214	0.2804
USP3	0.2802
WSB2	0.2801
NUB1	0.2800
BCL2L2	0.2797
NEK2	0.2793
ELK1	0.2793
TRMT1	0.2785
NT5DC1	0.2781
SDC4	0.2780
RBM33	0.2780
CACNA1E	0.2778
MPHOSPH8	0.2775
GFPT1	0.2774
LRP12	0.2773
HSP90AB1	0.2773
USP30	0.2772
RBM6	0.2772
TCOF1	0.2771
SAMM50	0.2769
SIAE	0.2768
PIP5K1A	0.2768
UNC5B	0.2767
MTMR12	0.2766
UBE2M	0.2766
MKRN2	0.2764
MYADM	0.2763
TUBGCP2	0.2761
CHMP7	0.2759
TLE3	0.2758
LTBP3	0.2754
KIF26B	0.2754
STOM	0.2749
XPO6	0.2749
HELZ	0.2746
CHUK	0.2746
UBAP2	0.2743
AKAP10	0.2738
CNOT2	0.2736
ANAPC5	0.2736
EIF4B	0.2733
THUMPD1	0.2730
LRRTM2	0.2727
USP24	0.2727
TERF1	0.2726
SOAT1	0.2725
WDR91	0.2724
NSFL1C	0.2723
GHR	0.2722
AAAS	0.2720
CCDC137	0.2719
UBE4B	0.2717
GRB10	0.2716
PHKB	0.2715
GSTZ1	0.2713
CCM2	0.2711
UBXN4	0.2709
ABHD5	0.2709
MON2	0.2705
PPP2R3A	0.2705
PRPS1L3	0.2705
CTR9	0.2705
VRK1	0.2704
ZFP282	0.2703
CLIP2	0.2700
GLYR1	0.2697
CSNK1D	0.2696
STX18	0.2693
STX16	0.2693
ETNK1	0.2684
POFUT2	0.2682
TRIM41	0.2679
BRD4	0.2674
ZFP532	0.2673
PSMD2	0.2673
EIF5A	0.2671
MAU2	0.2670
RNF14	0.2669
SLC38A2	0.2669
GOT1	0.2668
SPTLC1	0.2667
HDAC4	0.2666
DCAF5	0.2662
SNAI1	0.2660
CALM3	0.2655
UBQLN4	0.2655
SLC26A2	0.2654
SPSB3	0.2654
ARHGAP29	0.2653
HIVEP3	0.2651
MYO9A	0.2647
BTAF1	0.2647
ZFP395	0.2644
SPATS2L	0.2640
ACAA1A	0.2637
NAT10	0.2635
PXDN	0.2635
TEP1	0.2630
LRRC41	0.2621
ANKRD50	0.2621
MLLT11	0.2620
AKT2	0.2618
COQ9	0.2617
PSMD7	0.2607
MGRN1	0.2606
CDK9	0.2605
LAPTM4B	0.2604
SIGMAR1	0.2602
VPS13B	0.2601
SMAD5	0.2601
SLMAP	0.2599
QRICH1	0.2596
ARL6IP4	0.2596
DHX35	0.2594
PAK4	0.2593
PSPC1	0.2593
PPP1R12A	0.2591
MTCH2	0.2589
SMG7	0.2585
VEZT	0.2582
BCLAF1	0.2581
LAP3	0.2579
CDIP1	0.2577
MAGI1	0.2574
GON4L	0.2573
SRA1	0.2571
GDI1	0.2566
LPGAT1	0.2565
PPP5C	0.2564
VPS4A	0.2564
GOLGA5	0.2560
MUC1	0.2559
TMEM259	0.2553
PIBF1	0.2552
PTMS	0.2552
FERMT2	0.2551
SPTBN1	0.2551
SRP68	0.2551
LZTFL1	0.2550
TBK1	0.2548
NOC2L	0.2546
TNRC6A	0.2546
WTAP	0.2545
FAF1	0.2543
SOX5	0.2542
CPSF1	0.2542
SCAF8	0.2541
SLC43A2	0.2541
CLK3	0.2540
CDC123	0.2537
SAMD4B	0.2536
SF3B3	0.2536
SF3B4	0.2534
IDH3A	0.2534
PHF3	0.2534
NSF	0.2533
LDB1	0.2533
AREL1	0.2529
NEDD1	0.2528
UBE2G2	0.2528
INPP5K	0.2528
DNM1	0.2528
KLHL5	0.2525
CWF19L2	0.2525
PNISR	0.2524
UBE4A	0.2521
SLC25A25	0.2521
IPO4	0.2521
FLNB	0.2518
PI4KB	0.2516
CLASP2	0.2515
EMG1	0.2513
RALBP1	0.2509
MTMR4	0.2508
DDX23	0.2507
RRP1	0.2505
CPSF7	0.2502
PTH1R	0.2498
MDK	0.2491
DVL1	0.2490
FADS2	0.2490
ZBTB11	0.2488
QSOX2	0.2487
TEF	0.2479
LRRC17	0.2479
ZC3H11A	0.2478
CRIM1	0.2477
RPS15	0.2477
PAK1IP1	0.2475
HTRA2	0.2472
MIDN	0.2464
MAGI3	0.2463
TECPR1	0.2462
MBNL2	0.2459
PRRC2C	0.2456
SCUBE1	0.2456
RNF4	0.2456
POLR3F	0.2456
FBXW11	0.2455
USP21	0.2444
PIAS2	0.2442
TRIP12	0.2440
GPR153	0.2440
ACTR1B	0.2439
BCOR	0.2431
BAZ2B	0.2431
FBXO22	0.2429
EHD4	0.2426
RAE1	0.2420
TBC1D19	0.2418
HEATR6	0.2418
ASCC3	0.2416
TBC1D24	0.2415
ST3GAL4	0.2414
EHD3	0.2413
DHCR7	0.2412
MTOR	0.2412
SPG11	0.2410
KIF15	0.2409
RPL36	0.2409
CPNE8	0.2408
GGNBP2	0.2397
NDOR1	0.2396
DTX3	0.2395
ZFP410	0.2394
NRF1	0.2394
PHC1	0.2392
ARNT	0.2390
PDZD11	0.2388
SWAP70	0.2388
AKAP8	0.2385
GOLGA3	0.2384
ANKRD52	0.2383
AP3B1	0.2378
BCCIP	0.2376
PSME4	0.2375
IQCB1	0.2373
EDRF1	0.2372
WDR45B	0.2372
GTF3C2	0.2370
MPDZ	0.2368
FTO	0.2368
PKN3	0.2367
RIN3	0.2367
ADSL	0.2366
TTLL12	0.2365
RSRP1	0.2364
TSC2	0.2363
CASC3	0.2362
INO80D	0.2359
CHST11	0.2357
YWHAH	0.2356
MINK1	0.2356
DDX1	0.2351
ACBD5	0.2351
SMARCD3	0.2347
DNAJC14	0.2344
PI4K2B	0.2338
GALNT7	0.2337
VPS11	0.2333
MAPKAP1	0.2332
POLR3D	0.2328
VPS9D1	0.2327
TAF15	0.2323
ATP1B1	0.2323
ANKRD27	0.2322
DDX10	0.2322
THRAP3	0.2321
RBAK	0.2320
MAP1S	0.2317
GPR107	0.2316
USP14	0.2314
RANBP2	0.2313
TSPYL4	0.2311
BMP2	0.2311
FXR1	0.2308
MOSPD3	0.2308
MAST2	0.2304
UBE2F	0.2300
CAPN1	0.2300
MBTPS1	0.2300
TBCD	0.2298
TAOK2	0.2297
AHCTF1	0.2297
BANP	0.2293
EIF3A	0.2291
RABGEF1	0.2291
WDR43	0.2289
COPG2	0.2287
ZFP280D	0.2286
XPNPEP1	0.2285
FRAS1	0.2285
NR2C2	0.2285
MPHOSPH6	0.2285
SPAG5	0.2284
CRELD2	0.2279
CDC42EP3	0.2278
ERCC3	0.2277
TAF2	0.2275
SCMH1	0.2271
FNDC1	0.2268
S100A6	0.2268
RBM17	0.2268
YLPM1	0.2264
HIP1	0.2263
EP400	0.2262
ENC1	0.2261
HERC2	0.2260
SLC41A1	0.2258
TTC3	0.2257
TPT1	0.2253
FKBP11	0.2253
CYB5B	0.2252
DENND1A	0.2252
TARS2	0.2251
RAD52	0.2250
PIAS1	0.2248
RPL21	0.2248
STK25	0.2248
EIF4A3	0.2246
USP47	0.2246
EIF2B1	0.2244
LRRC59	0.2243
B4GALNT3	0.2242
KDM5B	0.2241
TSPAN14	0.2241
SLC4A1AP	0.2241
TADA3	0.2239
PRKAA1	0.2238
NMT2	0.2236
SART1	0.2235
OSBP	0.2234
L3MBTL2	0.2231
GPC4	0.2230
SHMT2	0.2230
DCTN2	0.2226
B4GALT5	0.2226
SEL1L	0.2225
COL9A1	0.2224
TOB1	0.2224
CDC42BPA	0.2223
EIF4ENIF1	0.2222
CGRRF1	0.2220
BAP1	0.2213
PPID	0.2211
GTF3C3	0.2210
GAK	0.2205
GMDS	0.2205
KLF7	0.2204
UBR1	0.2203
DCAF10	0.2203
ATXN2L	0.2201
EHMT2	0.2201
MYBBP1A	0.2197
CDIPT	0.2195
ZC3H15	0.2190
RFX3	0.2187
ELP5	0.2187
CSNK2A2	0.2187
EXOSC2	0.2186
RNGTT	0.2184
SBDS	0.2183
CEP290	0.2183
SFMBT1	0.2181
NAE1	0.2179
ULK2	0.2175
DYM	0.2172
AGO2	0.2172
EIF4E2	0.2169
ATP1A1	0.2169
PSMD4	0.2166
SF3B1	0.2163
MPHOSPH10	0.2160
ZFP317	0.2159
ZFP949	0.2155
SLC39A14	0.2155
KCNA6	0.2153
EIF4H	0.2150
PAF1	0.2148
PCMTD1	0.2143
SPHK2	0.2143
HMG20B	0.2142
MTUS1	0.2142
DAAM1	0.2141
TMEM87B	0.2141
OPA1	0.2138
HCFC2	0.2138
CREB3	0.2138
ING1	0.2138
CLUH	0.2135
SARDH	0.2133
BRCA1	0.2128
ORC3	0.2128
FOXJ3	0.2126
EIF3I	0.2126
DYNC1LI2	0.2125
RNF10	0.2123
POLR3B	0.2120
GLCCI1	0.2119
WDR1	0.2119
TAF5	0.2116
SBF2	0.2116
PPP1R13B	0.2116
HNRNPUL2	0.2114
HNRNPUL1	0.2114
PPP3CC	0.2112
TRAPPC10	0.2112
NCOA1	0.2111
FN3KRP	0.2108
RING1	0.2107
LRRC47	0.2105
G2E3	0.2105
VCL	0.2102
SRSF10	0.2101
NDUFA8	0.2101
TAF1	0.2100
MTRR	0.2099
FBXO11	0.2098
MDM2	0.2096
KMT2E	0.2092
RC3H2	0.2091
PSMD13	0.2089
TXNDC5	0.2088
KPNA1	0.2087
GCNT2	0.2086
PRC1	0.2085
GEMIN5	0.2085
SLC12A6	0.2084
DPF2	0.2084
ATF6B	0.2077
SLC9A5	0.2075
SNX24	0.2074
PSMD12	0.2071
SAMD8	0.2069
SYNRG	0.2069
RRN3	0.2068
LAMB2	0.2065
ITGB5	0.2064
SUPV3L1	0.2061
ABTB1	0.2060
GTF3C6	0.2059
IST1	0.2058
KDM5A	0.2057
UBP1	0.2055
STK40	0.2053
ZFP521	0.2053
SEC23IP	0.2052
RTF1	0.2050
SRRM2	0.2048
GTF2H2	0.2046
FRZB	0.2046
COG3	0.2044
DYRK1A	0.2041
KANSL3	0.2041
DNAH1	0.2038
TOR1AIP1	0.2036
DHX36	0.2035
HMG20A	0.2033
ABCF1	0.2032
RABEP1	0.2029
UAP1	0.2028
ANKRD17	0.2028
HNRNPR	0.2026
SHARPIN	0.2025
GSK3A	0.2022
COL2A1	0.2020
FUS	0.2019
MIEF1	0.2015
CDC25A	0.2012
PPRC1	0.2007
ANXA11	0.2003
SNX19	0.2001
REXO2	0.1998
EIF4G3	0.1998
DPH6	0.1998
ANKRD12	0.1995
ZFP639	0.1994
RNF41	0.1991
BTG2	0.1989
RBM10	0.1986
MLH1	0.1986
SH3RF1	0.1986
UBA6	0.1986
DDX17	0.1984
CNOT1	0.1983
ITCH	0.1983
INTS6	0.1979
DENR	0.1975
PELP1	0.1974
TOLLIP	0.1974
POMT2	0.1973
CRTC2	0.1969
PPP4R1	0.1968
HEATR5B	0.1964
UBAP2L	0.1964
FOXK2	0.1962
EZR	0.1962
SND1	0.1961
PCM1	0.1957
NCOA6	0.1955
TBC1D20	0.1955
UBE2S	0.1954
UBE2I	0.1954
CCDC93	0.1951
SDAD1	0.1950
DHX15	0.1950
PTGFRN	0.1948
DCTN6	0.1947
GCSH	0.1943
RFC1	0.1941
RAPH1	0.1941
CDC7	0.1940
SEC14L1	0.1939
SECISBP2	0.1936
GZF1	0.1935
RAD54L2	0.1934
RECK	0.1932
NFYC	0.1932
SETD7	0.1931
AAK1	0.1930
TCP1	0.1930
MACF1	0.1928
SPEN	0.1926
AHSA1	0.1926
SSU72	0.1925
TTYH3	0.1925
ARHGDIA	0.1925
YES1	0.1922
SLC35B4	0.1921
TMEM97	0.1921
PDXDC1	0.1921
IFT46	0.1918
PCMT1	0.1916
XPO4	0.1912
ACD	0.1910
IRAK1	0.1908
TSHZ3	0.1906
USP16	0.1906
FNBP1L	0.1897
HIRIP3	0.1893
SART3	0.1892
RHBDD1	0.1891
RPS6KC1	0.1890
ASB7	0.1888
CLK1	0.1883
MAP4K4	0.1882
MAP4	0.1881
ZC3H14	0.1880
RTCB	0.1880
GDAP2	0.1879
DCTN3	0.1877
TRPS1	0.1877
PPP6R1	0.1877
PUM1	0.1876
DNPEP	0.1876
SYNPO	0.1876
COG7	0.1875
PPDPF	0.1874
NASP	0.1871
WDR33	0.1871
YY1	0.1869
ELAVL1	0.1869
PSMC6	0.1865
YPEL3	0.1865
KPNB1	0.1864
FLT4	0.1863
PRELID1	0.1863
AGPAT1	0.1861
ZFP592	0.1860
EIF3F	0.1859
EIF4A2	0.1859
ZBTB20	0.1859
ANKFY1	0.1858
TGFB2	0.1857
GRB14	0.1856
NSD1	0.1855
PPIG	0.1855
DNAJC10	0.1854
POLE	0.1854
MTR	0.1853
NUP88	0.1844
LMBRD2	0.1841
ARHGEF11	0.1838
TUBA1A	0.1838
EEA1	0.1836
PDE7A	0.1833
PSMA3	0.1831
ELOVL1	0.1827
CTNNBL1	0.1826
LIG1	0.1826
GALNT18	0.1826
LRRC20	0.1825
ZFP865	0.1825
RXRA	0.1824
RAB22A	0.1824
LMNB2	0.1823
PPP2R1A	0.1820
PRPF31	0.1814
KLF3	0.1814
ERLIN2	0.1812
AP2M1	0.1811
AGTRAP	0.1810
DAXX	0.1810
EIF4A1	0.1809
L2HGDH	0.1807
MNAT1	0.1805
RAB24	0.1805
TAF10	0.1801
TRAF7	0.1799
CCNJL	0.1798
SLAIN2	0.1797
GTPBP1	0.1796
SENP3	0.1794
E2F4	0.1793
PGD	0.1793
ZFP609	0.1793
ASNS	0.1792
PHC3	0.1792
CANX	0.1790
PPP1R37	0.1787
ACAP3	0.1787
TRMT6	0.1784
FGFR1OP2	0.1782
ARHGAP5	0.1782
USP34	0.1780
COL11A1	0.1780
PTOV1	0.1779
GFM2	0.1779
LPCAT3	0.1778
NLRX1	0.1778
LRP6	0.1775
CLK4	0.1773
LANCL1	0.1771
ASH2L	0.1770
ACADVL	0.1768
LRPPRC	0.1767
ZC3H7A	0.1766
FZD1	0.1766
RPL27	0.1765
TXNDC11	0.1765
SEC62	0.1762
PHF10	0.1762
CDCA2	0.1761
RRAS	0.1758
USP32	0.1758
DHRS3	0.1757
SMYD2	0.1756
PABPC4	0.1755
FBL	0.1754
PEX3	0.1753
CSNK2A1	0.1751
SF3B2	0.1749
SNX4	0.1748
SLC35G1	0.1747
BRAP	0.1744
FUBP1	0.1742
SEC23B	0.1739
CLDN12	0.1735
IGSF3	0.1733
ZBTB10	0.1733
EDF1	0.1729
PIK3C2A	0.1726
CREBBP	0.1722
PTK2	0.1722
TMF1	0.1719
IPO9	0.1713
ACBD3	0.1708
DTD1	0.1705
SNRNP200	0.1705
GPKOW	0.1705
SLC35B1	0.1702
MAPK1IP1	0.1701
APC	0.1699
ZFR	0.1699
PCGF3	0.1698
MAP4K2	0.1697
PSMB7	0.1694
TBP	0.1691
SMARCE1	0.1691
ADAM17	0.1691
FUBP3	0.1689
XRN1	0.1689
TCTN1	0.1687
TRIP6	0.1687
RNPS1	0.1686
GMPPA	0.1686
TRPC4AP	0.1684
SDHC	0.1681
PSMD8	0.1680
PEBP1	0.1679
MLLT1	0.1678
MMS22L	0.1672
KLHDC10	0.1671
GLB1L	0.1668
NUMA1	0.1668
MBNL1	0.1666
RHOBTB3	0.1665
TNPO3	0.1664
BET1L	0.1662
GOPC	0.1662
GLE1	0.1662
TBCE	0.1659
ZFYVE1	0.1657
SMC3	0.1656
ELF4	0.1654
DYNC1I1	0.1653
SHPRH	0.1652
TGS1	0.1646
PHB2	0.1642
DEF8	0.1641
SLC2A10	0.1641
DLX3	0.1641
RIOK2	0.1633
GGA2	0.1629
BNIP3L	0.1628
POLE3	0.1624
BTBD7	0.1620
RNF44	0.1619
PACS1	0.1619
YBX1	0.1618
MED23	0.1618
NOP56	0.1612
SLC22A17	0.1612
ABI3	0.1611
SCYL3	0.1609
RPL10A	0.1608
ALAS1	0.1608
KDM1B	0.1606
AKAP9	0.1603
ARFGEF1	0.1602
MYO19	0.1598
RABGAP1	0.1596
BAK1	0.1594
EHD2	0.1594
RANBP1	0.1592
ARID4A	0.1588
DAPK1	0.1587
USE1	0.1584
TSC22D2	0.1584
TMEM161A	0.1583
CCP110	0.1582
ESF1	0.1581
GSTM1	0.1580
LPP	0.1579
ANAPC2	0.1578
SRGAP1	0.1576
ANAPC1	0.1576
CHD1	0.1575
MTX1	0.1574
MORC3	0.1574
ATP2B1	0.1573
RPF1	0.1573
STXBP3	0.1572
CDC27	0.1571
CAD	0.1570
DDX3Y	0.1568
SORBS3	0.1568
AKAP13	0.1567
ASH1L	0.1563
ZFP513	0.1562
FAM133B	0.1561
POLR1C	0.1560
B4GALT7	0.1559
TSC22D1	0.1558
THOC2	0.1555
MORF4L2	0.1554
RAN	0.1554
NOP2	0.1553
PDPK1	0.1552
GTF3C5	0.1551
WDR44	0.1547
ARPC1A	0.1544
FLCN	0.1542
BACE1	0.1542
CNOT3	0.1540
COLGALT1	0.1538
STARD3	0.1536
CWC15	0.1534
FTSJ3	0.1530
RAD23B	0.1526
DEPDC5	0.1525
NUS1	0.1521
DCLK1	0.1520
SNX18	0.1519
TTC7B	0.1514
OFD1	0.1514
TXLNA	0.1512
PPM1A	0.1511
PASK	0.1508
PPFIA1	0.1508
RHOT1	0.1508
KIF1B	0.1507
SPAG7	0.1505
TMED9	0.1503
SRPK1	0.1502
LZIC	0.1501
ST3GAL1	0.1501
TPX2	0.1499
MCM10	0.1499
SLC30A7	0.1498
ARL2BP	0.1497
GRIPAP1	0.1496
GOLGA1	0.1495
SLC35A2	0.1494
RNF111	0.1491
ASAH2	0.1490
UHRF2	0.1489
WDR19	0.1487
COPZ1	0.1486
FAM32A	0.1485
GNL3	0.1479
TRIB1	0.1478
RPL32	0.1474
SEC23A	0.1473
TTC39B	0.1472
CDK6	0.1471
SORBS2	0.1469
PCOLCE2	0.1469
URB1	0.1469
ABHD16A	0.1467
KPNA3	0.1467
CHMP1A	0.1465
NOP58	0.1463
CDC23	0.1463
LEF1	0.1462
RNF38	0.1462
DYNC1LI1	0.1460
RUVBL2	0.1458
ARMC1	0.1457
NAA15	0.1456
RPS12	0.1453
TMX4	0.1452
GMFB	0.1452
PATL1	0.1451
NUCB2	0.1449
ECSIT	0.1448
ZMYM1	0.1445
ZFP710	0.1444
RPL41	0.1443
KRCC1	0.1443
SACM1L	0.1442
KREMEN1	0.1440
PTGS2	0.1440
RCHY1	0.1435
ANKRD13A	0.1431
R3HDM2	0.1431
USP45	0.1430
PDCD6IP	0.1428
TMEM150A	0.1427
EIF3D	0.1427
LAMC1	0.1423
NAA40	0.1420
GOLT1B	0.1417
RPL14	0.1416
PSMB2	0.1414
HNRNPDL	0.1413
KHSRP	0.1413
NELFB	0.1410
GAB1	0.1410
PAFAH1B2	0.1408
MTPAP	0.1408
UIMC1	0.1406
CHM	0.1403
GOSR1	0.1402
SPTAN1	0.1402
WIPF2	0.1399
LIN7C	0.1395
CD2BP2	0.1394
TMEM147	0.1394
UNC119B	0.1394
LMTK2	0.1393
RANGAP1	0.1392
INTS2	0.1391
PTPRM	0.1387
CRK	0.1387
NT5C3B	0.1384
GORAB	0.1383
IFT88	0.1382
ZFP414	0.1382
OSBPL9	0.1381
PHF8	0.1375
THBS2	0.1375
PPP1R12C	0.1373
ADD1	0.1373
ATP6V0A2	0.1373
UACA	0.1372
RPS2	0.1371
KDM2B	0.1371
TAOK1	0.1367
VDAC3	0.1367
KLHL22	0.1365
RPL11	0.1365
GMPS	0.1365
SLC35C1	0.1365
DCTN5	0.1365
PET100	0.1362
HDLBP	0.1361
GPBP1L1	0.1360
SFPQ	0.1359
RFX7	0.1359
SH3GL1	0.1357
ZFP386	0.1355
WDR37	0.1354
LRRFIP2	0.1352
ZW10	0.1351
NME1	0.1349
MAT2B	0.1346
SYNM	0.1344
WDR3	0.1340
VANGL1	0.1339
AP1M1	0.1338
MAN2C1	0.1335
ATP10A	0.1335
SCAF11	0.1333
B4GALT2	0.1332
SRF	0.1327
ZMYM4	0.1327
PDK1	0.1326
STK38	0.1326
ZBTB2	0.1320
FOXK1	0.1320
STX17	0.1313
PES1	0.1313
RB1CC1	0.1312
AKAP11	0.1311
LONP2	0.1305
PPIL4	0.1305
ATIC	0.1303
MCCC1	0.1303
ATF7	0.1301
GAS2L1	0.1297
NDUFA9	0.1296
SEC61A1	0.1295
RPL6	0.1295
LZTR1	0.1294
FKBP9	0.1293
GTF2A1	0.1292
TOPORS	0.1292
LDLRAD4	0.1290
HNRNPU	0.1290
MRPS15	0.1289
NLK	0.1289
TEAD1	0.1288
CFDP1	0.1288
YWHAE	0.1287
MORF4L1	0.1284
HP1BP3	0.1282
TTC19	0.1280
HCFC1	0.1278
NAMPT	0.1278
LDLRAP1	0.1276
RPS24	0.1276
FBXO34	0.1276
PREPL	0.1275
DNAJC8	0.1272
BFAR	0.1270
EFNA5	0.1268
NSUN2	0.1267
PRRC1	0.1267
PSMB1	0.1267
EHBP1	0.1267
PKN2	0.1266
SUCO	0.1265
MAPK1	0.1264
MRPL37	0.1261
KLHL7	0.1257
TAF8	0.1257
WWP1	0.1254
ARHGEF40	0.1254
POGK	0.1253
SWT1	0.1253
RPS18	0.1253
ATXN7L3B	0.1252
VCP	0.1252
SH3BP2	0.1250
CCAR2	0.1249
LGMN	0.1249
ARF2	0.1249
PRPF6	0.1245
FABP5	0.1245
CPSF3	0.1245
PAPOLG	0.1237
RPLP0	0.1232
PGGT1B	0.1230
AP1G1	0.1229
PIK3R4	0.1229
FNTB	0.1227
TRA2A	0.1224
MYCBP2	0.1224
CDCA7L	0.1221
JRK	0.1221
IL6ST	0.1218
PITRM1	0.1216
PRDM2	0.1213
NCOR1	0.1213
ANXA4	0.1211
MAT2A	0.1209
DOCK9	0.1205
RPL31	0.1204
SEC24A	0.1200
CERS5	0.1195
AMIGO3	0.1194
KDM2A	0.1193
CDK14	0.1188
HNRNPA3	0.1182
HNRNPA1	0.1181
CTDSPL2	0.1181
STX12	0.1181
MED14	0.1179
NUCKS1	0.1179
CHAF1B	0.1170
DDX41	0.1169
DNAJC25	0.1169
WIPI1	0.1168
CFP	0.1167
DLGAP5	0.1166
CAND1	0.1166
RBM3	0.1163
HSPA4	0.1162
WDR5	0.1162
PDPR	0.1162
MLH3	0.1161
GNB1	0.1157
NBR1	0.1156
COX5B	0.1156
XRCC5	0.1155
P4HB	0.1154
ARF1	0.1153
DCBLD2	0.1148
NPAS2	0.1148
PLK1	0.1147
STRN3	0.1144
SFT2D2	0.1143
RNF6	0.1142
POLA1	0.1142
GTF2H1	0.1141
DHX40	0.1141
IREB2	0.1140
GABPA	0.1136
PCBP2	0.1135
GPC1	0.1133
LARP4B	0.1132
RPL27A	0.1131
MIA	0.1130
PHF12	0.1130
CDC42EP4	0.1128
VDAC1	0.1127
SSBP3	0.1124
CCT5	0.1122
CNR1	0.1121
CSTF2	0.1119
LIMD1	0.1119
RPS20	0.1118
MYO1C	0.1117
RPS4X	0.1117
BAZ1B	0.1116
CKAP4	0.1112
DCAF7	0.1112
RPS28	0.1109
EYA3	0.1108
PARN	0.1108
DCUN1D5	0.1107
GUF1	0.1105
TMEM39A	0.1100
CASP2	0.1099
VPS25	0.1097
FMR1	0.1097
EIF2S2	0.1095
RNF146	0.1094
P2RX4	0.1094
MCU	0.1091
ANP32E	0.1089
PLEKHG1	0.1088
KAT7	0.1088
ITPR3	0.1087
S100A11	0.1086
USP11	0.1085
RBBP9	0.1084
ORC1	0.1084
UTP20	0.1082
YTHDF2	0.1081
PRPF8	0.1081
FBXO3	0.1080
FARP2	0.1076
ZDHHC5	0.1075
DLST	0.1074
RTCA	0.1074
ERI2	0.1073
AGFG1	0.1072
HSPA5	0.1065
RNMT	0.1063
ACOX1	0.1063
FIBIN	0.1063
SIPA1L1	0.1063
ZFP207	0.1063
COPG1	0.1059
CDC5L	0.1059
SPATA6	0.1058
ELP2	0.1058
EIF5	0.1056
GINS2	0.1056
DDX54	0.1055
GIT1	0.1054
MIOS	0.1054
TXN2	0.1054
LRP1	0.1053
CUL1	0.1053
ANXA2	0.1052
COPZ2	0.1052
SRR	0.1051
PSME3	0.1051
DOCK8	0.1051
USO1	0.1051
ZDHHC3	0.1050
DDHD1	0.1049
TUBGCP5	0.1046
ESPL1	0.1044
IMMT	0.1043
CHTF8	0.1043
ARFGAP3	0.1043
PCDHGA12	0.1042
TUG1	0.1042
RAVER1	0.1040
DYNLL2	0.1037
KLF4	0.1037
INPP5A	0.1035
MRPL35	0.1035
NOB1	0.1033
COPS5	0.1033
CEP120	0.1031
KDELR3	0.1031
INHBA	0.1030
CORO7	0.1030
ANKRD40	0.1026
ZDHHC9	0.1026
CHDH	0.1025
UBE2Q1	0.1025
PPIP5K2	0.1022
FBXW2	0.1021
UTP3	0.1018
SEC22B	0.1018
RIOK3	0.1017
POU2F1	0.1015
RPS23	0.1014
HSP90B1	0.1013
SRPRB	0.1006
RNF168	0.1005
GLG1	0.1003
MTIF2	0.1002
ZFP263	0.1002
PIP4K2B	0.1002
AHNAK	0.1001
GNL3L	0.1001
WWC2	0.0998
YTHDF3	0.0998
ZCRB1	0.0997
CRNKL1	0.0996
RSBN1	0.0996
GPR180	0.0996
NF1	0.0994
PLOD3	0.0993
DAP	0.0991
RPL19	0.0991
GANAB	0.0989
ATRN	0.0988
DNAJC2	0.0988
IFRD1	0.0987
GOT2	0.0984
WDFY3	0.0984
POLDIP2	0.0984
HECTD2	0.0983
HSPB6	0.0983
CRBN	0.0983
PPP6R3	0.0977
WDR75	0.0976
OTUD5	0.0971
R3HDM1	0.0970
UBN1	0.0969
PSMF1	0.0967
CLIC4	0.0965
ETF1	0.0965
GCLC	0.0964
CDC73	0.0964
BZW1	0.0962
GTF2I	0.0957
PFKM	0.0956
DESI1	0.0956
EMC2	0.0954
N4BP2L2	0.0954
ZFP354C	0.0952
ST6GALNAC3	0.0950
CDK2	0.0950
RAB18	0.0949
RPL38	0.0949
TRIM8	0.0948
YIPF3	0.0946
POGZ	0.0945
COG4	0.0944
EEF1D	0.0941
PLP2	0.0940
KCMF1	0.0939
ORC4	0.0939
C1QBP	0.0939
SF3A3	0.0938
CCT2	0.0938
NPC1	0.0937
EEF1G	0.0935
LBH	0.0931
BRF1	0.0924
FAM168B	0.0920
EIF3G	0.0920
SRPK2	0.0919
CPD	0.0919
GOLIM4	0.0918
USP48	0.0917
CTBP2	0.0917
STAT6	0.0914
MAN1B1	0.0906
VIPAS39	0.0905
ABCA2	0.0902
METTL14	0.0901
YWHAB	0.0899
TXNDC9	0.0898
STRN	0.0897
SHOC2	0.0895
PDS5A	0.0894
COPA	0.0894
RNF123	0.0893
DNM1L	0.0886
XRCC1	0.0886
RPS26	0.0885
RYK	0.0884
NUP107	0.0884
USP31	0.0882
TACC3	0.0881
DDAH1	0.0879
GCC2	0.0879
SOS2	0.0879
RBCK1	0.0877
MTA2	0.0877
RRP8	0.0876
NDUFS3	0.0876
PRDX1	0.0873
VPS4B	0.0873
FKBP14	0.0873
CEP83	0.0873
AGL	0.0872
GTF2H5	0.0872
SLC25A24	0.0871
PITPNA	0.0871
NECAP1	0.0871
MARVELD1	0.0870
AGPS	0.0868
SLC1A5	0.0866
ZNHIT6	0.0865
MAPK14	0.0865
ZKSCAN1	0.0864
CSTF1	0.0862
RPL35	0.0861
APAF1	0.0860
CDC16	0.0860
IRF9	0.0859
CAMTA2	0.0859
CIAPIN1	0.0859
TXNL1	0.0857
BCKDK	0.0851
LPIN2	0.0848
AFF4	0.0847
SLC35F5	0.0846
ASAP1	0.0846
MTMR2	0.0845
FKBP8	0.0843
SBNO1	0.0841
CC2D1A	0.0840
MAP4K3	0.0837
DNAJC18	0.0837
SIPA1L2	0.0837
ZKSCAN3	0.0837
PMM2	0.0834
SH3KBP1	0.0831
SLU7	0.0820
COG6	0.0817
FKBP10	0.0817
TRIP11	0.0816
HSPA9	0.0814
KPNA4	0.0813
HIF1A	0.0811
RPS17	0.0811
NUP62	0.0811
ZFP217	0.0810
UBXN2A	0.0810
PCNP	0.0809
DPYSL2	0.0807
ACTG1	0.0805
BCORL1	0.0804
TM9SF4	0.0804
DOCK7	0.0803
ANP32A	0.0802
SNW1	0.0800
DHRS1	0.0799
ZFP275	0.0797
TPR	0.0797
LGALS8	0.0796
ANKHD1	0.0790
VPS35	0.0789
ARL3	0.0788
RPL3	0.0783
LMNB1	0.0783
RASSF1	0.0783
TKT	0.0782
PIK3CB	0.0781
SIN3A	0.0780
SCAP	0.0774
SNRPB	0.0772
PLEKHG5	0.0769
UNG	0.0767
PAFAH1B1	0.0766
EEF1A1	0.0766
TARDBP	0.0763
RABGGTB	0.0758
TLN1	0.0758
PAPOLA	0.0757
PIGN	0.0756
PHTF2	0.0756
MTDH	0.0746
MATR3	0.0743
GART	0.0743
DDX20	0.0741
BRD3	0.0736
B3GALNT2	0.0736
BICC1	0.0734
RPL4	0.0732
SMARCA2	0.0731
DHX33	0.0730
NEURL4	0.0729
CCND3	0.0728
CYB5R3	0.0727
PAPSS2	0.0727
TBL1X	0.0727
NOTCH2	0.0724
ARPC3	0.0721
TUBA1B	0.0718
TUBB6	0.0716
DCAF17	0.0714
PYGO2	0.0713
PCCA	0.0711
TRIM23	0.0708
STK10	0.0706
CPSF6	0.0705
GTF3C4	0.0704
CAPRIN1	0.0703
SLC35A4	0.0700
EXOC2	0.0698
SMARCAL1	0.0698
REST	0.0696
CREB3L2	0.0696
WAC	0.0696
KLF6	0.0696
ZFP451	0.0695
RNF26	0.0694
FEM1C	0.0690
CNDP2	0.0689
MLEC	0.0689
CTTNBP2NL	0.0688
TJP1	0.0686
SEC16B	0.0686
SH3PXD2A	0.0682
COPS7A	0.0682
SIRT6	0.0680
SLK	0.0679
MTA1	0.0678
GATAD2B	0.0677
DUSP18	0.0677
PANK3	0.0676
BUB1B	0.0676
CEP76	0.0675
MBD2	0.0675
NAP1L1	0.0675
UBE2D1	0.0674
NUP50	0.0673
STAT5B	0.0673
DDRGK1	0.0672
NUP98	0.0669
TERF2IP	0.0669
TANC1	0.0664
TCF12	0.0663
TAOK3	0.0659
SNX1	0.0658
VPS29	0.0657
FAM204A	0.0654
EIF3C	0.0653
DNAJC7	0.0651
FBXO25	0.0651
PGAP2	0.0650
IMPDH2	0.0649
SCAMP2	0.0646
SNX2	0.0644
PHLPP1	0.0643
RPRD1B	0.0643
CNBP	0.0642
NMD3	0.0641
SNX5	0.0641
WDR81	0.0641
NEK9	0.0639
ATAD2	0.0639
ZMIZ1	0.0639
RPS14	0.0637
ADPGK	0.0635
UHMK1	0.0635
WBP4	0.0633
MPHOSPH9	0.0633
ZFP507	0.0631
PTP4A1	0.0631
PTK7	0.0631
PPM1B	0.0628
HIPK3	0.0628
PHF20L1	0.0627
ZFP426	0.0620
MAP3K12	0.0619
SLC25A28	0.0618
DGCR8	0.0616
CLIC1	0.0616
HERC4	0.0615
MAP3K2	0.0613
ILK	0.0612
PRMT5	0.0611
DCTN4	0.0610
DAD1	0.0610
WDR26	0.0608
CDK2AP1	0.0607
POLG	0.0602
NFATC1	0.0600
TCF20	0.0599
DDX47	0.0597
RANBP10	0.0595
LRPAP1	0.0595
CEBPZ	0.0594
NIF3L1	0.0592
ZFP84	0.0591
POLQ	0.0590
SHISA5	0.0590
LYSMD3	0.0589
NCSTN	0.0587
TMED5	0.0586
NEDD4	0.0586
ARPC4	0.0584
DEK	0.0583
RPS5	0.0575
CDKN1B	0.0575
RAD50	0.0575
DAP3	0.0575
PDE12	0.0573
CSK	0.0571
RALGAPB	0.0570
COBL	0.0570
TINF2	0.0569
MED17	0.0569
GPHN	0.0568
SYNJ1	0.0566
EZH1	0.0565
SAE1	0.0563
FAM117B	0.0556
BORA	0.0555
NDUFV1	0.0555
LRRC8A	0.0555
NR2C1	0.0552
CYB5R4	0.0552
UBE2J1	0.0552
SRSF2	0.0550
CLK2	0.0548
HECA	0.0543
POLR2M	0.0540
RAD21	0.0540
ARL5B	0.0538
XRN2	0.0534
TOMM20	0.0531
ATF2	0.0530
IK	0.0530
MRPL3	0.0529
PPM1G	0.0527
PCDHGA5	0.0525
CUL5	0.0522
SLC2A13	0.0521
LRRC57	0.0520
SMC1A	0.0517
LASP1	0.0517
EIF1A	0.0515
SAR1A	0.0515
RPL5	0.0511
SPNS1	0.0509
CUL2	0.0506
LRRFIP1	0.0505
ZMAT3	0.0504
RASSF3	0.0504
HACD3	0.0503
CHFR	0.0500
HNRNPK	0.0500
NEDD9	0.0494
LRRK2	0.0492
CHKA	0.0492
OSBPL2	0.0491
RPS16	0.0490
SOX8	0.0487
RAB5B	0.0486
ANKRD49	0.0485
PDCD6	0.0485
CNPY3	0.0484
SENP6	0.0483
NAP1L4	0.0478
GNAI2	0.0475
TSNAX	0.0475
SRSF3	0.0475
ENSA	0.0473
LPCAT4	0.0471
BIRC6	0.0469
DERL1	0.0469
CCDC50	0.0468
RER1	0.0466
P3H1	0.0465
POMT1	0.0463
HADHA	0.0463
NFYB	0.0461
FAM120A	0.0459
TFDP1	0.0455
AFTPH	0.0455
KIF5B	0.0454
CCT8	0.0452
HACE1	0.0452
HSPA8	0.0452
BUB3	0.0451
RAP1GDS1	0.0449
USP25	0.0447
ZFP292	0.0445
PPTC7	0.0444
GAS5	0.0442
TTC17	0.0441
PLK4	0.0437
HNRNPH1	0.0437
NRIP1	0.0436
FLII	0.0436
FBXL3	0.0436
MLF2	0.0436
SGSM3	0.0431
LGR4	0.0431
NAPG	0.0427
RRP7A	0.0427
SIL1	0.0427
SMO	0.0426
FOXN3	0.0425
TOR1AIP2	0.0424
ANGPTL2	0.0423
MTMR11	0.0418
PARP2	0.0416
ARMCX2	0.0413
GPAA1	0.0411
HNRNPA2B1	0.0410
AGAP3	0.0410
SLC12A7	0.0410
GABPB1	0.0408
STON1	0.0407
CCDC80	0.0407
IDE	0.0406
CYFIP1	0.0405
GRSF1	0.0403
PHF2	0.0400
RTN3	0.0399
SLC39A13	0.0398
SLC35B2	0.0397
CAPZA1	0.0397
SUMO1	0.0397
VPS39	0.0395
EPDR1	0.0395
MDC1	0.0393
SCFD1	0.0393
ZFHX4	0.0393
MICU2	0.0392
ACSL5	0.0390
PPP1R21	0.0390
RPAP1	0.0388
PRPF40A	0.0388
CSNK1A1	0.0385
RPL22	0.0384
SLC25A44	0.0381
KIF20A	0.0381
SFXN1	0.0379
SESTD1	0.0378
PYGB	0.0377
ZDHHC21	0.0377
MDH2	0.0376
PAPSS1	0.0373
TMCC2	0.0372
EIF2AK2	0.0372
SRSF7	0.0371
DNAJA2	0.0371
SOS1	0.0370
ATP7A	0.0369
SPG21	0.0369
PNPT1	0.0368
POLR3GL	0.0367
JMJD1C	0.0366
COPS4	0.0364
MSL1	0.0362
ZFP746	0.0356
USP40	0.0354
LRIG2	0.0354
ALMS1	0.0353
NUP160	0.0351
PLEKHA3	0.0351
PPP1CC	0.0347
DENND5A	0.0345
ANXA6	0.0344
AQR	0.0344
CCT3	0.0341
PLEKHA8	0.0340
LATS2	0.0338
CNPY4	0.0338
SRSF9	0.0337
TRIM26	0.0334
RNF5	0.0334
SUMF2	0.0328
TPD52L2	0.0327
FAM13B	0.0327
PXN	0.0324
PDIA4	0.0321
MTPN	0.0320
PTRH2	0.0320
IMPDH1	0.0319
TXNDC12	0.0318
RAB8A	0.0318
STT3A	0.0317
DDR2	0.0316
TBL1XR1	0.0316
PPIP5K1	0.0314
RPL13A	0.0311
EXOC6B	0.0310
CS	0.0308
PSMA4	0.0308
TEX10	0.0306
SYNCRIP	0.0305
ZMYM6	0.0303
MED10	0.0302
SMCR8	0.0300
GGCX	0.0299
HYPK	0.0290
NEDD4L	0.0288
TRAK2	0.0287
PICALM	0.0285
ABI2	0.0285
OAT	0.0280
RNF185	0.0273
IPO13	0.0268
RNF217	0.0267
EIF3K	0.0265
EIF3H	0.0265
PLEKHA1	0.0263
NAPA	0.0261
DSTYK	0.0261
FNIP1	0.0259
PDCD10	0.0258
TSPAN13	0.0256
CBX5	0.0255
ASNSD1	0.0255
EPM2AIP1	0.0254
CAPZB	0.0254
SDC3	0.0254
USP7	0.0253
PTPN14	0.0251
SMARCD1	0.0249
EIF4G2	0.0248
EIF2AK1	0.0247
ZBTB43	0.0246
PRKACA	0.0246
CLPX	0.0245
DPP9	0.0241
WDR7	0.0240
APPBP2	0.0239
OTULIN	0.0239
VDR	0.0238
ARL4A	0.0237
EMILIN1	0.0237
CACUL1	0.0236
ETV6	0.0235
CELF1	0.0234
RTN4	0.0232
MIER1	0.0231
CYP26B1	0.0229
GMPR2	0.0229
OGDH	0.0229
NPAT	0.0228
BNIP2	0.0228
KAT6A	0.0226
TMEM164	0.0225
PSMD6	0.0224
NUP155	0.0222
LMAN1	0.0221
IFT20	0.0220
ARHGAP11A	0.0219
PARG	0.0219
BAG3	0.0218
PHC2	0.0213
UBE2K	0.0213
SLC16A1	0.0212
DAG1	0.0211
TMEM129	0.0211
FOXM1	0.0211
VAC14	0.0207
CAPN7	0.0206
GORASP2	0.0205
EIF3L	0.0203
KANK2	0.0202
CSDE1	0.0202
DNAJB11	0.0202
THADA	0.0201
USP6NL	0.0199
TOR1B	0.0197
TRAPPC6B	0.0195
PSMC5	0.0189
RCN1	0.0189
ANKRD13C	0.0188
ENTPD6	0.0185
SMARCAD1	0.0184
TFG	0.0183
UCKL1	0.0181
RAB33B	0.0181
B3GNT2	0.0180
EIF4E	0.0176
PGRMC2	0.0174
ZFP574	0.0174
PLA2G4A	0.0170
ZHX2	0.0170
PDIA6	0.0168
ST13	0.0159
CCAR1	0.0156
BANF1	0.0155
DKC1	0.0154
PLEKHF1	0.0153
PPP2R1B	0.0149
ATP2B4	0.0147
CCNI	0.0147
TMEM63A	0.0146
ABCC4	0.0142
KIFC3	0.0140
CMIP	0.0136
GTPBP2	0.0135
SSR2	0.0134
UBQLN1	0.0131
CXCR4	0.0130
MPP7	0.0127
LIN54	0.0126
MGAT5	0.0122
ZMPSTE24	0.0121
HDGF	0.0120
VAV3	0.0116
LMF2	0.0114
ACTN1	0.0114
PPP2R2A	0.0112
FNIP2	0.0111
UXS1	0.0109
UBL3	0.0108
SCARB2	0.0106
FADS1	0.0103
UQCRQ	0.0103
COPS3	0.0102
RALA	0.0102
ME2	0.0101
ATL2	0.0099
ATF1	0.0098
S100A10	0.0096
RNF145	0.0096
EEF1B2	0.0089
NELFA	0.0086
GXYLT1	0.0086
RALGAPA1	0.0085
POMGNT1	0.0084
PLAA	0.0082
ADIPOR1	0.0080
NPM1	0.0080
SULF1	0.0077
ZBTB44	0.0074
CCNG1	0.0074
MAPK1IP1L	0.0073
ARID5B	0.0072
AP1AR	0.0072
CAMSAP2	0.0072
CHMP3	0.0067
FAM168A	0.0065
TTC14	0.0064
PSMA7	0.0063
WDR12	0.0061
KDELR2	0.0061
CTDSP1	0.0058
METAP2	0.0058
KIF20B	0.0058
EIF2B5	0.0058
MIB1	0.0055
CNOT7	0.0054
ATAD2B	0.0053
TBC1D5	0.0052
AZI2	0.0051
ZFAND6	0.0050
ZBTB39	0.0047
EMP3	0.0046
TIA1	0.0045
TAX1BP1	0.0044
BCL6	0.0043
KATNA1	0.0041
ACO2	0.0037
RPL17	0.0034
FKBP4	0.0034
TRAPPC8	0.0033
TBC1D9B	0.0033
EML4	0.0033
DBR1	0.0032
DUS3L	0.0031
SNAP23	0.0028
PRPF18	0.0028
RIPK1	0.0028
SLC12A2	0.0028
CEP57	0.0027
STAT3	0.0023
MAGED1	0.0021
WDR45	0.0021
NDUFB8	0.0021
RPS3	0.0020
SH2D3C	0.0018
CNOT4	0.0017
SS18	0.0015
SERBP1	0.0014
ARHGEF12	0.0013
MAVS	0.0013
TUBB5	0.0012
FIBP	0.0012
TCEAL8	0.0012
TMEM168	0.0009
ACTR10	0.0009
SIRPA	0.0005
MAP2K2	0.0003
LRP10	0.0001
IFT52	-0.0000
HSDL2	-0.0000
CD2AP	-0.0003
MRFAP1	-0.0005
SUB1	-0.0006
TMSB10	-0.0007
MTHFD2	-0.0013
NARF	-0.0016
IGSF6	-0.0017
SNX17	-0.0017
SEC63	-0.0017
RNF216	-0.0017
ATP6V1H	-0.0023
TMEM263	-0.0025
OLA1	-0.0025
MYLK	-0.0029
RCN2	-0.0030
SRXN1	-0.0030
CLTC	-0.0031
TGIF1	-0.0033
TRIM37	-0.0033
TNS3	-0.0034
TFAM	-0.0039
SOX4	-0.0041
TRPM7	-0.0043
CLTA	-0.0049
SERPINB6A	-0.0049
KLHL20	-0.0049
NOC3L	-0.0050
NDUFA10	-0.0054
RAB21	-0.0056
PSMA5	-0.0057
MECP2	-0.0057
MAEA	-0.0057
CTC1	-0.0059
YIF1A	-0.0059
CHN1	-0.0059
LINGO1	-0.0061
TTC21B	-0.0062
MTFR1L	-0.0068
HARS2	-0.0073
FAT4	-0.0074
PIK3C3	-0.0075
ZMYM3	-0.0076
RAB14	-0.0077
RNF2	-0.0078
ARL8A	-0.0079
GGPS1	-0.0079
ACTR1A	-0.0084
AGPAT4	-0.0085
TADA2B	-0.0086
RCN3	-0.0086
DYNLL1	-0.0087
RPS11	-0.0091
EXOC3	-0.0091
ATL3	-0.0097
RPS10	-0.0098
SEC13	-0.0100
NDC1	-0.0101
ZFAND5	-0.0104
MKLN1	-0.0105
EAPP	-0.0105
PWWP2A	-0.0106
SSRP1	-0.0106
TSKU	-0.0109
CSNK1G3	-0.0110
PPP3CA	-0.0112
ACSL3	-0.0113
CASP7	-0.0116
ZFP53	-0.0121
RNPEPL1	-0.0121
KIF2A	-0.0121
KCNMA1	-0.0123
CDR2	-0.0124
LNX2	-0.0124
EFCAB14	-0.0124
WDR74	-0.0124
SEC31A	-0.0127
STK3	-0.0129
RAB6A	-0.0129
PDIA3	-0.0130
ARHGAP35	-0.0130
HMGB2	-0.0132
DSE	-0.0134
PSMA1	-0.0134
ERGIC3	-0.0135
FHOD1	-0.0135
CASK	-0.0138
ADAMTS10	-0.0138
COPS6	-0.0139
TMEM68	-0.0142
STIM2	-0.0143
WWTR1	-0.0144
IGF2R	-0.0146
MRPL19	-0.0148
CFL1	-0.0150
RCOR3	-0.0151
HDHD2	-0.0151
BTD	-0.0155
CNOT11	-0.0157
CCT7	-0.0160
PPP1R8	-0.0164
AGO1	-0.0166
YWHAZ	-0.0166
ZFX	-0.0167
SLC25A39	-0.0167
SNX14	-0.0167
MYO1E	-0.0170
MAK16	-0.0171
HOOK3	-0.0175
NDE1	-0.0177
CLPTM1	-0.0178
RPL13	-0.0178
MBNL3	-0.0179
CSRNP2	-0.0181
USP42	-0.0181
PNP	-0.0182
HERPUD1	-0.0182
PDK3	-0.0184
CAPNS1	-0.0186
PDE10A	-0.0191
FLI1	-0.0193
TMEM248	-0.0193
NRBP1	-0.0194
CDCA8	-0.0195
SOD1	-0.0197
OXCT1	-0.0197
COPB2	-0.0197
RNF19A	-0.0198
UBA1	-0.0200
ARL6IP1	-0.0200
PTGR2	-0.0201
LSM6	-0.0203
RPL24	-0.0204
FSTL1	-0.0205
ZMAT2	-0.0207
TGFB1I1	-0.0208
MRPL12	-0.0208
TMX1	-0.0210
OGT	-0.0211
LRRC8C	-0.0213
RABGGTA	-0.0213
SLC18A2	-0.0214
PRR3	-0.0214
NUDCD1	-0.0214
HDAC3	-0.0215
UBE2R2	-0.0216
MPZL1	-0.0217
PPWD1	-0.0218
ELOVL5	-0.0224
ZFP46	-0.0225
NFKB1	-0.0226
RPN2	-0.0226
FOXO1	-0.0228
WDR46	-0.0229
WBP1L	-0.0230
PIK3CA	-0.0231
SUMO3	-0.0231
RPS29	-0.0240
FEN1	-0.0240
AGAP1	-0.0241
COPB1	-0.0243
ZKSCAN8	-0.0248
MAN1A2	-0.0249
LATS1	-0.0257
EIF4EBP2	-0.0258
SPON2	-0.0258
MAX	-0.0258
E2F6	-0.0262
ANKMY2	-0.0262
ARCN1	-0.0263
ARPC2	-0.0266
SPCS2	-0.0267
MASTL	-0.0268
ECI2	-0.0270
MRPL10	-0.0271
NCKAP1	-0.0274
POLR2B	-0.0275
ATF4	-0.0276
EPC2	-0.0278
MYO10	-0.0279
CASP8AP2	-0.0279
STRAP	-0.0279
PPP4R2	-0.0280
PRPSAP1	-0.0282
RPL10	-0.0282
MYO1D	-0.0288
LTN1	-0.0293
COG1	-0.0293
PSMB6	-0.0294
PCK2	-0.0295
ATG3	-0.0295
XPO5	-0.0296
DPAGT1	-0.0297
VAMP3	-0.0298
RHOB	-0.0305
CNTLN	-0.0307
DUS1L	-0.0315
TBCA	-0.0316
MCOLN2	-0.0317
RPS8	-0.0317
MRPL17	-0.0319
FAR1	-0.0320
AKTIP	-0.0321
TRA2B	-0.0323
VAPA	-0.0325
SEC24B	-0.0327
PTP4A2	-0.0330
TTC9C	-0.0335
VPS37A	-0.0335
CTBP1	-0.0335
CUL3	-0.0336
AKIRIN1	-0.0337
NLN	-0.0342
ZHX3	-0.0346
GLT8D1	-0.0346
SUCLG2	-0.0347
EBF1	-0.0347
FNTA	-0.0350
CTPS2	-0.0350
USP1	-0.0352
RPN1	-0.0353
ZBTB41	-0.0353
SRSF6	-0.0354
ATP6V0D1	-0.0355
GNAQ	-0.0358
G3BP2	-0.0358
AHSA2	-0.0358
HMGXB4	-0.0365
CDK4	-0.0366
TM9SF2	-0.0366
ARHGEF6	-0.0368
TBC1D10B	-0.0370
TMEM135	-0.0371
YBX3	-0.0371
SLC38A9	-0.0372
WARS2	-0.0374
EIF1AD	-0.0376
TMEM127	-0.0376
PHF13	-0.0382
PRKCA	-0.0384
PIGT	-0.0384
OCIAD1	-0.0385
YWHAG	-0.0385
FBXO9	-0.0385
NUP93	-0.0386
EIF1	-0.0388
VAMP2	-0.0390
TOX4	-0.0390
AP3M1	-0.0395
HSD17B4	-0.0397
ZFP644	-0.0398
GNAI1	-0.0401
RELA	-0.0404
SDR42E1	-0.0405
CNKSR3	-0.0406
EXT2	-0.0407
ZFP706	-0.0409
FGFR1	-0.0410
TNFAIP1	-0.0410
ADAM15	-0.0412
TPP2	-0.0415
SSBP1	-0.0415
SOCS4	-0.0417
PAIP2	-0.0418
ZFP148	-0.0418
SLC30A5	-0.0419
MCM7	-0.0419
STIP1	-0.0420
AURKAIP1	-0.0421
CCT6A	-0.0422
ZZZ3	-0.0424
SKP2	-0.0432
EFNB1	-0.0434
EXOSC8	-0.0435
CBLB	-0.0435
RFFL	-0.0437
PLEKHG2	-0.0437
DDX19A	-0.0442
SCAMP1	-0.0442
COX6A1	-0.0445
PSMD5	-0.0446
UBE2H	-0.0447
ZFP266	-0.0450
EMP1	-0.0451
SESN3	-0.0451
TRIM35	-0.0452
RPS25	-0.0452
UBN2	-0.0455
TGFBR1	-0.0457
KIDINS220	-0.0457
ESYT1	-0.0457
MEN1	-0.0459
MAP1LC3B	-0.0460
DRAM2	-0.0461
ABHD13	-0.0463
RSL24D1	-0.0463
LAMP1	-0.0463
ZFP518A	-0.0465
ACSL4	-0.0466
UGCG	-0.0467
MAGT1	-0.0470
RDX	-0.0471
RASA2	-0.0473
GBA2	-0.0474
MKI67	-0.0478
MAML1	-0.0480
CYC1	-0.0483
GAR1	-0.0484
MAPK8	-0.0486
ZBTB7A	-0.0490
ZFP26	-0.0490
ACAT1	-0.0491
LYAR	-0.0494
COTL1	-0.0495
AK2	-0.0495
HDAC2	-0.0496
PYCR1	-0.0498
SLC30A6	-0.0498
ING4	-0.0500
HEXIM1	-0.0505
PHF23	-0.0506
CYP20A1	-0.0507
TNPO1	-0.0508
RB1	-0.0513
MBTPS2	-0.0517
ZCCHC9	-0.0518
SNX6	-0.0519
PMPCB	-0.0520
RNF139	-0.0521
RRAGC	-0.0522
LUZP1	-0.0522
ABCE1	-0.0522
PLOD1	-0.0524
KRIT1	-0.0526
CD81	-0.0528
NUBP2	-0.0529
RABL3	-0.0530
PKDCC	-0.0531
INO80C	-0.0532
PPA1	-0.0532
TMEM209	-0.0534
PTTG1IP	-0.0540
ANXA5	-0.0541
STT3B	-0.0542
MFAP3L	-0.0542
RHBDL2	-0.0543
CUL4B	-0.0543
ATXN10	-0.0545
CMPK1	-0.0547
ARHGAP24	-0.0549
UBE2L3	-0.0550
SLC35A3	-0.0550
UQCRC1	-0.0551
TBCK	-0.0552
CCDC25	-0.0554
CDC42EP1	-0.0558
SNX7	-0.0558
PRDX4	-0.0559
MAP3K11	-0.0561
TK1	-0.0562
DDX50	-0.0563
FITM2	-0.0563
NIFK	-0.0564
SGPL1	-0.0564
PPP1CA	-0.0564
SERF2	-0.0565
BLMH	-0.0566
EXTL3	-0.0567
TSPAN9	-0.0572
EIF3M	-0.0574
TBX15	-0.0574
ASRGL1	-0.0575
PROSER3	-0.0582
MAN2B2	-0.0582
NRM	-0.0583
APMAP	-0.0584
BROX	-0.0587
CFAP97	-0.0588
SLC31A1	-0.0589
TRAFD1	-0.0589
LLGL1	-0.0593
MID2	-0.0595
CBFA2T2	-0.0596
PIGS	-0.0596
REV3L	-0.0599
PPP3CB	-0.0599
PIGQ	-0.0606
GABARAPL1	-0.0607
JOSD1	-0.0608
DDX5	-0.0608
ERG	-0.0611
KLF12	-0.0612
GHITM	-0.0614
ERRFI1	-0.0615
SHROOM2	-0.0616
SLC35E3	-0.0618
VDAC2	-0.0619
ZDHHC17	-0.0622
INTS4	-0.0622
TRAPPC11	-0.0623
SLC7A6	-0.0625
DLD	-0.0627
FKBP1A	-0.0628
MIER3	-0.0628
UBA3	-0.0630
PTPRA	-0.0632
SDCBP	-0.0632
TSG101	-0.0633
STAM2	-0.0635
ESCO1	-0.0635
DLG4	-0.0641
GABARAP	-0.0644
CDC6	-0.0645
PDZD8	-0.0646
G3BP1	-0.0647
NUSAP1	-0.0649
DUSP16	-0.0651
TRIM3	-0.0654
EIF2S3Y	-0.0654
SIX4	-0.0655
MAP2K1	-0.0656
TMED7	-0.0656
WASF2	-0.0658
RBL1	-0.0659
SNAPC2	-0.0660
DDX6	-0.0663
KXD1	-0.0665
IRGQ	-0.0668
KBTBD2	-0.0669
ISCA2	-0.0672
RHOA	-0.0672
URI1	-0.0674
ATP1B3	-0.0675
MAPRE2	-0.0675
PPP1R15B	-0.0676
MYLIP	-0.0677
COMMD8	-0.0677
CTNND1	-0.0677
IVNS1ABP	-0.0677
NDUFS4	-0.0678
HSD17B12	-0.0680
GRK5	-0.0682
PTPN9	-0.0682
SDHAF2	-0.0683
EVC	-0.0683
MSN	-0.0683
ABHD4	-0.0684
ZBTB14	-0.0684
FBXL5	-0.0685
CPSF2	-0.0687
ZFP281	-0.0688
FTX	-0.0688
RUFY1	-0.0690
COA5	-0.0693
USP36	-0.0693
OXA1L	-0.0695
REPS1	-0.0697
SECISBP2L	-0.0698
SUCLA2	-0.0699
CENPF	-0.0703
RPS13	-0.0705
FCF1	-0.0707
INTS5	-0.0707
PNRC1	-0.0708
TRIM32	-0.0708
RABL2	-0.0712
ATM	-0.0714
UFL1	-0.0715
GMPR	-0.0716
GLA	-0.0718
CIAO1	-0.0722
BNC2	-0.0723
TNRC6B	-0.0723
RNF166	-0.0723
CHAMP1	-0.0725
EIF2A	-0.0727
MAZ	-0.0730
ASB8	-0.0730
PCYOX1	-0.0735
CERCAM	-0.0737
ENY2	-0.0738
ALG8	-0.0741
EFR3A	-0.0741
CCT4	-0.0743
TMEM184C	-0.0744
ST3GAL6	-0.0744
PA2G4	-0.0754
ALDH7A1	-0.0754
CALM1	-0.0756
SMOX	-0.0760
ZFP868	-0.0760
SSR1	-0.0762
IRF3	-0.0776
FAT1	-0.0780
EIF4E3	-0.0784
SCYL2	-0.0784
FEM1B	-0.0784
ABI1	-0.0785
TXN1	-0.0787
UBAC1	-0.0787
HBP1	-0.0789
DIXDC1	-0.0794
PDHB	-0.0807
BMPR2	-0.0808
CFL2	-0.0813
DNAJB1	-0.0813
ZDHHC20	-0.0816
ZDHHC18	-0.0817
PSMB4	-0.0819
OPHN1	-0.0819
ALG13	-0.0820
SRC	-0.0821
DNMT1	-0.0821
ST6GALNAC6	-0.0822
BUB1	-0.0824
DYNLRB1	-0.0826
ETFDH	-0.0828
DNAJC19	-0.0834
CTBS	-0.0834
SPOP	-0.0840
JKAMP	-0.0841
TMED10	-0.0843
KIF18B	-0.0845
RAB34	-0.0845
GIT2	-0.0847
RNF144B	-0.0856
PLD1	-0.0856
CXXC5	-0.0860
CTNNA1	-0.0863
RGS19	-0.0865
PFDN5	-0.0875
PLCL2	-0.0878
TRIM28	-0.0878
DDX18	-0.0882
SMAD3	-0.0883
FUNDC2	-0.0887
SSR3	-0.0888
COPS2	-0.0891
CHTOP	-0.0893
ZBTB38	-0.0894
ORAI3	-0.0899
ROCK2	-0.0904
CD9	-0.0906
GPR108	-0.0911
ARMC8	-0.0912
SIRT2	-0.0913
TMEM230	-0.0917
PRKAR2B	-0.0917
SFR1	-0.0918
ADAMTS9	-0.0921
GLUD1	-0.0922
NDUFS1	-0.0925
PRICKLE1	-0.0926
MAPRE1	-0.0927
IL16	-0.0929
SSR4	-0.0930
DAB2	-0.0930
ISG20	-0.0930
RABAC1	-0.0933
PBX2	-0.0933
PTDSS1	-0.0933
ELK3	-0.0934
UBAP1	-0.0938
STK4	-0.0939
PPP2R5C	-0.0941
DHX30	-0.0942
PCDHGB8	-0.0944
FARSB	-0.0945
TRAP1	-0.0945
RSU1	-0.0948
EBAG9	-0.0951
E2F7	-0.0953
ADAMTS12	-0.0955
AIDA	-0.0956
RARA	-0.0956
PSMA2	-0.0957
MRPS7	-0.0957
PHF14	-0.0958
AKR1A1	-0.0963
ARIH1	-0.0963
CHST12	-0.0963
ANAPC13	-0.0964
ZC3H12C	-0.0965
RPS15A	-0.0965
LDAH	-0.0966
FER	-0.0966
CLDND1	-0.0967
CAPZA2	-0.0969
PLK2	-0.0969
RPL18	-0.0972
RPL7	-0.0975
PABPC1	-0.0975
NLGN2	-0.0975
FN1	-0.0975
SP1	-0.0976
GDI2	-0.0976
PLEKHM1	-0.0977
QSER1	-0.0985
GRAMD1B	-0.0986
SLC48A1	-0.0988
XPO7	-0.0989
DENND6A	-0.0995
DDOST	-0.0995
NME2	-0.0997
RBM18	-0.0999
NOD1	-0.1007
IDH3G	-0.1008
TXNDC17	-0.1016
HDAC1	-0.1017
SLC6A6	-0.1023
PRR13	-0.1026
IKBIP	-0.1026
USP10	-0.1026
NDRG3	-0.1028
TMEM184B	-0.1029
VPS54	-0.1029
UBC	-0.1030
DLAT	-0.1030
PUM2	-0.1032
TRNT1	-0.1038
HNRNPH2	-0.1043
DPY19L4	-0.1044
SPECC1	-0.1047
SLBP	-0.1047
ACTR3	-0.1056
STAG2	-0.1058
ASAH1	-0.1058
MRC2	-0.1061
BCL2L11	-0.1062
G6PC3	-0.1062
UBXN8	-0.1064
ZBTB4	-0.1066
PBDC1	-0.1066
ANO1	-0.1068
ABR	-0.1069
RFX5	-0.1069
RBM8A	-0.1072
ELMO2	-0.1073
GADD45G	-0.1076
DHX9	-0.1076
ARHGAP31	-0.1080
PRELP	-0.1080
EZH2	-0.1082
HEYL	-0.1084
LARP7	-0.1087
CDADC1	-0.1087
GNE	-0.1088
SMARCA5	-0.1088
SRP19	-0.1090
LTBR	-0.1091
POLK	-0.1091
HSBP1	-0.1092
ERP29	-0.1092
ROCK1	-0.1092
ETS2	-0.1095
KLF9	-0.1096
VCPIP1	-0.1101
GTF2B	-0.1102
CLNS1A	-0.1106
UBR7	-0.1106
BIRC2	-0.1107
FYCO1	-0.1108
RBM22	-0.1108
DDX21	-0.1112
DNAJA1	-0.1113
DDX3X	-0.1113
SNX3	-0.1114
TBC1D31	-0.1116
UTP15	-0.1120
BCAS3	-0.1123
MYCBP	-0.1123
GFM1	-0.1123
CRISPLD1	-0.1131
UBE2G1	-0.1136
EML1	-0.1138
TMEM41B	-0.1141
GOLPH3	-0.1144
HSPH1	-0.1147
LITAF	-0.1150
PTCD3	-0.1151
GLI3	-0.1154
PDCL3	-0.1165
RUNX3	-0.1167
NET1	-0.1168
LRRC58	-0.1172
DECR1	-0.1172
DESI2	-0.1173
FKBP3	-0.1174
DEGS1	-0.1174
NUFIP1	-0.1175
PRKAR1A	-0.1176
RNF103	-0.1176
ANKLE2	-0.1177
PTPN2	-0.1179
SGCB	-0.1180
LIMA1	-0.1186
BBS2	-0.1186
COL3A1	-0.1190
TMTC2	-0.1195
UBE2D3	-0.1195
ZFP9	-0.1197
BMPR1A	-0.1197
NCDN	-0.1199
PIK3AP1	-0.1203
CAPN2	-0.1204
BACH1	-0.1208
CCNF	-0.1208
SORT1	-0.1210
CPM	-0.1214
TPM4	-0.1214
MERTK	-0.1216
ARPC5	-0.1216
MON1B	-0.1220
PLXNA3	-0.1222
ARPC1B	-0.1222
MAPKAPK2	-0.1223
NUMB	-0.1224
SAV1	-0.1227
RAB5C	-0.1229
PROSER1	-0.1229
KIFAP3	-0.1232
RNF187	-0.1234
TTPAL	-0.1234
ATAD1	-0.1240
TMBIM6	-0.1243
TRIM24	-0.1243
EXOC5	-0.1254
PANK2	-0.1262
TXNIP	-0.1264
SRSF1	-0.1275
MCMBP	-0.1276
DLG3	-0.1278
CTSL	-0.1281
NUDT9	-0.1283
COG8	-0.1284
NGLY1	-0.1286
SDF2	-0.1287
TMEM165	-0.1288
DPH3	-0.1288
TVP23B	-0.1290
CTDSPL	-0.1292
SLC16A4	-0.1296
ZYX	-0.1299
FAM120B	-0.1300
P3H3	-0.1300
ALCAM	-0.1302
CERS2	-0.1302
HJURP	-0.1303
SLC25A4	-0.1306
CDK19	-0.1309
POLD3	-0.1311
DSEL	-0.1319
RPL36A	-0.1324
PARP1	-0.1326
BRD7	-0.1327
RPL12	-0.1328
COX7C	-0.1329
SMIM7	-0.1331
POGLUT1	-0.1331
SDHA	-0.1340
FGFRL1	-0.1342
TGFB1	-0.1352
HIPK1	-0.1353
GTF2E2	-0.1355
PTCH1	-0.1357
DCUN1D4	-0.1361
TTC13	-0.1363
NDUFB9	-0.1364
TULP4	-0.1366
ITGB1	-0.1370
RPRD1A	-0.1380
LRRCC1	-0.1380
MED16	-0.1381
MMADHC	-0.1381
CSE1L	-0.1382
RBMS1	-0.1383
IPO7	-0.1387
BTBD1	-0.1389
YAF2	-0.1390
ELK4	-0.1393
TECR	-0.1393
AHCYL1	-0.1394
NDFIP1	-0.1398
PIGK	-0.1398
SRP9	-0.1402
ERI1	-0.1403
LMAN2	-0.1404
GNA13	-0.1405
FTH1	-0.1405
SLC29A3	-0.1406
EVI5	-0.1406
B3GALNT1	-0.1407
RCSD1	-0.1416
LRIF1	-0.1416
FAM98A	-0.1418
LMNA	-0.1419
MYC	-0.1422
CANT1	-0.1423
SLC25A16	-0.1430
ZFP629	-0.1431
CPE	-0.1431
P4HA3	-0.1431
SLC43A1	-0.1432
RAD23A	-0.1434
NUCB1	-0.1435
TRMT1L	-0.1439
HMMR	-0.1441
GATC	-0.1442
MADD	-0.1443
RPS7	-0.1443
ISLR	-0.1445
FYN	-0.1446
CLN6	-0.1447
PMEPA1	-0.1451
RCBTB1	-0.1455
TRAF6	-0.1457
PCCB	-0.1457
EAF1	-0.1458
ALS2	-0.1458
EMC8	-0.1459
ZFP398	-0.1460
ANKIB1	-0.1461
BSDC1	-0.1462
ZEB1	-0.1462
PRAF2	-0.1463
CHAC1	-0.1464
VWA1	-0.1478
ZFP423	-0.1480
CAP1	-0.1481
ACTB	-0.1483
CTDNEP1	-0.1483
N4BP1	-0.1485
ACTR2	-0.1486
CNOT6L	-0.1488
NCAPD3	-0.1492
SDF4	-0.1492
ALKBH8	-0.1504
BIVM	-0.1506
ERLIN1	-0.1510
RBPJ	-0.1510
REEP5	-0.1512
MAPK3	-0.1527
CHCHD3	-0.1532
RPL9	-0.1534
CBLL1	-0.1537
AFF1	-0.1538
CACNA1C	-0.1539
PPP2CB	-0.1541
CHML	-0.1549
ATP2C1	-0.1551
SAMHD1	-0.1553
XYLB	-0.1553
INPP5B	-0.1554
RAB11B	-0.1555
TFE3	-0.1556
H3F3B	-0.1557
COX8A	-0.1558
RSBN1L	-0.1559
NNT	-0.1560
PLAGL2	-0.1562
IPMK	-0.1563
NAA50	-0.1571
ABCD1	-0.1573
NANS	-0.1574
BOK	-0.1575
ORMDL3	-0.1587
IDH1	-0.1589
PXMP4	-0.1590
RPL23	-0.1595
PLBD2	-0.1598
TPST1	-0.1599
C1QTNF6	-0.1605
TIAL1	-0.1605
PRPF4	-0.1607
VPS41	-0.1608
NADK	-0.1609
ALDH3A2	-0.1613
CREBRF	-0.1614
GPALPP1	-0.1614
ZBED4	-0.1614
PXDC1	-0.1615
HUS1	-0.1617
C2CD2	-0.1621
EID1	-0.1621
PIAS3	-0.1622
YIPF5	-0.1624
NRP1	-0.1629
INPP5F	-0.1629
TTI1	-0.1632
SERINC1	-0.1637
CDC42	-0.1640
SMC6	-0.1642
ATP6V1G1	-0.1644
RAB8B	-0.1644
PFN1	-0.1649
USP46	-0.1649
PBXIP1	-0.1655
NAB2	-0.1658
PTCH2	-0.1658
ALG2	-0.1661
GAS6	-0.1662
INVS	-0.1662
CHEK1	-0.1664
ZFAND3	-0.1665
KEAP1	-0.1667
MOSPD2	-0.1677
ETFB	-0.1677
PTPN12	-0.1678
MLLT3	-0.1678
SEC11A	-0.1679
HSF2	-0.1681
ZBTB25	-0.1684
SLFN9	-0.1685
ACO1	-0.1688
BAZ1A	-0.1695
FXYD6	-0.1696
WLS	-0.1697
LPCAT1	-0.1703
NAB1	-0.1705
ZFP329	-0.1707
NONO	-0.1707
ZDHHC6	-0.1714
VTA1	-0.1720
SH3GLB1	-0.1721
PCOLCE	-0.1722
NFATC3	-0.1724
RPL15	-0.1729
FCHO2	-0.1734
RSPO3	-0.1737
NSA2	-0.1740
ATP6V0B	-0.1742
IKZF5	-0.1747
RAD18	-0.1750
YEATS4	-0.1755
PPP2R5A	-0.1755
UMPS	-0.1756
NUP210	-0.1757
FBXL12	-0.1758
AGA	-0.1759
TFCP2	-0.1760
RBBP8	-0.1769
LETMD1	-0.1771
CEP97	-0.1774
PSMC2	-0.1774
MYL12A	-0.1781
CHP1	-0.1783
PCDH17	-0.1784
MSANTD4	-0.1784
KHDRBS1	-0.1786
MCFD2	-0.1786
MCM2	-0.1786
HSPE1	-0.1801
SGMS1	-0.1808
PCSK5	-0.1810
MED28	-0.1810
SRP14	-0.1818
CD320	-0.1819
VASP	-0.1821
JAK2	-0.1822
MXD1	-0.1824
C2CD2L	-0.1826
TGFB3	-0.1831
CALM2	-0.1833
PTGS1	-0.1835
SLC39A6	-0.1839
NQO2	-0.1839
PPM1H	-0.1839
CPEB4	-0.1840
DTYMK	-0.1845
VPS13A	-0.1845
NDUFB5	-0.1845
MYOF	-0.1846
RPL23A	-0.1849
MAF1	-0.1851
PSIP1	-0.1852
SREK1IP1	-0.1854
PTMA	-0.1856
UBL7	-0.1857
ARFIP1	-0.1857
TMEM260	-0.1859
BTF3	-0.1859
SMURF2	-0.1860
TMED2	-0.1862
PHAX	-0.1864
CCDC34	-0.1866
UQCR10	-0.1868
HPS5	-0.1870
UFM1	-0.1870
PPP1CB	-0.1879
BRIX1	-0.1880
PPP1R2	-0.1882
CLSTN1	-0.1887
C2CD3	-0.1899
POLE2	-0.1900
LYST	-0.1901
PSEN1	-0.1903
WDR83OS	-0.1908
CNN3	-0.1910
SDHB	-0.1912
RAC1	-0.1913
SNX9	-0.1918
NRAS	-0.1919
PPIA	-0.1919
DFFA	-0.1925
COX4I1	-0.1925
NR4A2	-0.1926
DIS3	-0.1931
NAV2	-0.1937
DVL2	-0.1940
RHOQ	-0.1940
GNG5	-0.1942
TMTC3	-0.1945
FAM53B	-0.1945
PTBP3	-0.1946
GNAI3	-0.1949
IDH3B	-0.1949
MEX3C	-0.1952
PGRMC1	-0.1954
MYL12B	-0.1955
PCSK6	-0.1956
CCDC117	-0.1965
NEDD8	-0.1965
TRAPPC1	-0.1967
HSPD1	-0.1967
PPHLN1	-0.1967
SSB	-0.1974
RPL35A	-0.1975
SPPL2A	-0.1976
SMC2	-0.1977
CMAS	-0.1985
HMCN1	-0.1989
PHF5A	-0.1991
EI24	-0.1992
ANGEL2	-0.1992
USP15	-0.1993
KIF22	-0.1993
SNN	-0.2003
PEF1	-0.2007
STAG1	-0.2008
RBX1	-0.2020
NOTCH3	-0.2021
VGLL4	-0.2022
F8	-0.2024
TBPL1	-0.2025
RAB2A	-0.2025
PPP1R11	-0.2026
UBXN6	-0.2027
STEAP2	-0.2029
LCN2	-0.2033
NDUFA2	-0.2035
ST7L	-0.2037
CMTM7	-0.2037
ZC3H7B	-0.2038
ZFP36	-0.2039
PRKCI	-0.2040
SLC22A23	-0.2043
ATP6V1C1	-0.2059
SMC4	-0.2061
MAST3	-0.2063
TM9SF1	-0.2065
FLRT3	-0.2065
PKD2	-0.2068
GPBP1	-0.2076
SUGT1	-0.2083
PDHA1	-0.2084
LXN	-0.2089
SLC33A1	-0.2093
ZFP91	-0.2094
MAP4K5	-0.2095
MRPL4	-0.2095
COX4I2	-0.2099
RBL2	-0.2102
SLC35A1	-0.2107
GOSR2	-0.2109
YTHDF1	-0.2116
MEGF9	-0.2121
STARD8	-0.2122
TNFRSF21	-0.2127
RNASE4	-0.2128
TRMT2A	-0.2128
HS2ST1	-0.2128
RBMS2	-0.2129
PIGU	-0.2130
RAP1A	-0.2132
ATF6	-0.2134
TRAPPC9	-0.2140
JAK1	-0.2140
DCUN1D1	-0.2142
TUBG1	-0.2143
SEMA3C	-0.2143
SLC6A1	-0.2143
OSTC	-0.2151
SRI	-0.2162
NCK2	-0.2162
MTMR9	-0.2165
EOGT	-0.2168
RAB28	-0.2170
CDC40	-0.2170
NFE2L2	-0.2171
TALDO1	-0.2182
GUK1	-0.2184
ATAT1	-0.2188
DNAJC3	-0.2192
ITPRIPL2	-0.2192
OSTF1	-0.2207
NR3C1	-0.2210
ABCF2	-0.2215
SMU1	-0.2223
SPAST	-0.2224
DAPP1	-0.2225
DCAKD	-0.2229
DRG1	-0.2229
FBXO30	-0.2234
GALNT2	-0.2235
ADAMTS1	-0.2240
DAZAP2	-0.2240
NOS3	-0.2242
IFT80	-0.2246
PPIB	-0.2247
IKBKB	-0.2252
MINPP1	-0.2252
RILPL1	-0.2253
JAGN1	-0.2258
RRM1	-0.2259
MNT	-0.2262
RTTN	-0.2265
LRP4	-0.2267
MDH1	-0.2276
TESK1	-0.2276
RBMX	-0.2279
LSM8	-0.2280
PPP2R5E	-0.2281
CNNM3	-0.2281
GNAO1	-0.2286
VOPP1	-0.2294
TLE4	-0.2301
YIPF6	-0.2303
SERTAD4	-0.2311
LIX1L	-0.2312
AP2B1	-0.2315
GLIS2	-0.2318
VMP1	-0.2318
ATP6AP1	-0.2323
RPS6KA3	-0.2330
PKHD1L1	-0.2338
PLCB1	-0.2338
TMEM109	-0.2339
GALNT5	-0.2340
CD164	-0.2341
RNF13	-0.2346
FCGRT	-0.2347
SAR1B	-0.2351
NDUFS7	-0.2352
IDH2	-0.2359
IFT172	-0.2361
RNF114	-0.2363
ZFP800	-0.2370
EDEM1	-0.2375
MCM4	-0.2377
SPARCL1	-0.2380
MKNK2	-0.2386
GNG10	-0.2387
DUSP1	-0.2393
ZBTB1	-0.2394
PBK	-0.2397
TOP2B	-0.2400
KLF10	-0.2401
NCAM1	-0.2405
ADAM9	-0.2406
NSMAF	-0.2409
LSM14A	-0.2417
UBE2A	-0.2426
SENP7	-0.2428
ZFP322A	-0.2435
OSBPL11	-0.2436
DNAJC27	-0.2440
KNTC1	-0.2450
ZFP157	-0.2454
ACP2	-0.2458
ATP6V1D	-0.2459
FANCC	-0.2459
HSPA13	-0.2460
VSTM4	-0.2465
PSMA6	-0.2466
KIF11	-0.2469
SEC61B	-0.2476
SLC11A2	-0.2477
PPP6C	-0.2485
ST7	-0.2489
GOLGA7	-0.2493
RALB	-0.2493
GLTP	-0.2502
NOTCH1	-0.2504
TGFBRAP1	-0.2505
P3H4	-0.2509
COX7A2L	-0.2516
MIS18BP1	-0.2517
SLC25A46	-0.2520
EMC7	-0.2522
RPS21	-0.2523
LRP5	-0.2526
METAP1	-0.2537
BRK1	-0.2540
HECW2	-0.2543
ATP11A	-0.2546
AKIRIN2	-0.2547
ZCCHC2	-0.2548
RYBP	-0.2552
CALD1	-0.2552
GLI2	-0.2557
CCNB1	-0.2567
COX6B1	-0.2567
ACADL	-0.2568
ATP6V1A	-0.2568
EXOC8	-0.2570
PURB	-0.2570
FKTN	-0.2572
PLXND1	-0.2573
TLE1	-0.2575
KDELR1	-0.2577
HMBS	-0.2581
ACAP2	-0.2583
PRKD2	-0.2583
MMP16	-0.2583
CDCA4	-0.2584
SNRPD1	-0.2591
EMC10	-0.2594
SLC44A1	-0.2595
TM2D2	-0.2596
ARHGEF3	-0.2601
CAB39L	-0.2603
SNX13	-0.2604
GNPTG	-0.2604
TRAPPC13	-0.2611
NUDT4	-0.2613
CRIPT	-0.2615
ANKRD46	-0.2617
HADHB	-0.2619
ZFPL1	-0.2635
MPPED2	-0.2636
VPS26B	-0.2639
TMCO1	-0.2639
TRAM1	-0.2640
ECM1	-0.2641
MAN2B1	-0.2644
PARVA	-0.2645
PPP1R9B	-0.2653
R3HDM4	-0.2656
ARF4	-0.2658
SIKE1	-0.2659
UQCRH	-0.2663
SERPINH1	-0.2666
ADM	-0.2667
BCAP31	-0.2667
PBX1	-0.2675
CTCF	-0.2679
RRAGA	-0.2680
RNASEK	-0.2694
PSENEN	-0.2698
CNOT8	-0.2706
TMED3	-0.2706
NDUFS2	-0.2707
FLNA	-0.2713
DDX52	-0.2719
SDF2L1	-0.2720
API5	-0.2725
MEMO1	-0.2728
ADGRL3	-0.2732
LGALSL	-0.2732
FRMD4A	-0.2732
TMPO	-0.2738
DAPK2	-0.2738
PHLDA1	-0.2739
CAT	-0.2744
COL16A1	-0.2751
CDC42SE1	-0.2754
MITF	-0.2755
FOXO3	-0.2760
TOMM22	-0.2761
EXT1	-0.2763
KLHDC2	-0.2765
EIF3E	-0.2770
ATP6V1F	-0.2773
EPOR	-0.2776
LMO7	-0.2778
CLN5	-0.2778
PPP3R1	-0.2786
PLAU	-0.2791
TOP2A	-0.2799
SNAP29	-0.2800
SLC38A1	-0.2805
ECT2	-0.2807
SERP1	-0.2812
TMEM208	-0.2825
TMEM33	-0.2827
PEAK1	-0.2828
TSPAN31	-0.2836
ID1	-0.2840
TCF4	-0.2842
WASL	-0.2847
ACVR2A	-0.2847
ICE2	-0.2849
ST3GAL2	-0.2850
EMC3	-0.2851
XIAP	-0.2851
LAMP2	-0.2853
SP4	-0.2854
LAPTM4A	-0.2856
SHANK3	-0.2866
CHORDC1	-0.2874
STRADB	-0.2875
ARL8B	-0.2878
CLEC11A	-0.2881
CLPTM1L	-0.2882
GPX7	-0.2882
MRPL42	-0.2884
KIF23	-0.2886
DNAJA3	-0.2886
LRRC28	-0.2887
FAM20C	-0.2889
OPA3	-0.2895
SMIM14	-0.2896
RAP2C	-0.2899
TAF6	-0.2913
SYAP1	-0.2914
PTPN4	-0.2920
PRMT3	-0.2922
APRT	-0.2923
CCNY	-0.2925
SUMF1	-0.2936
ECH1	-0.2937
AK3	-0.2937
CCNA2	-0.2948
CAMK2D	-0.2951
NIPA2	-0.2951
NFIX	-0.2958
TMEM47	-0.2966
SLC25A20	-0.2967
AARSD1	-0.2969
GLOD4	-0.2969
CKS1B	-0.2973
PLEKHO1	-0.2976
RNF130	-0.2976
MANBA	-0.2979
CTSB	-0.2983
UQCRFS1	-0.2988
CASKIN2	-0.2989
TSPAN3	-0.2993
RAB10	-0.2998
FIZ1	-0.3000
VPS26A	-0.3004
MAD2L1	-0.3005
MRPL57	-0.3006
ITFG1	-0.3006
LUM	-0.3010
ETS1	-0.3013
ATP1B2	-0.3017
PRKAB1	-0.3021
CDK1	-0.3021
KLHL9	-0.3028
TIMP3	-0.3029
MTSS1	-0.3032
CCDC82	-0.3033
MSL3	-0.3033
NAA60	-0.3035
GCNT1	-0.3036
PRORSD1	-0.3041
ZHX1	-0.3044
RASAL2	-0.3049
MRPL52	-0.3063
SLC36A1	-0.3064
SERINC3	-0.3067
NOP10	-0.3068
PTPRK	-0.3071
DNAJC9	-0.3074
RBM41	-0.3080
B4GALT1	-0.3082
MKRN1	-0.3083
LRCH1	-0.3083
ITGB1BP1	-0.3085
RASSF4	-0.3087
MPND	-0.3093
RBM14	-0.3094
BRCA2	-0.3102
PLS3	-0.3104
ANXA1	-0.3105
SMARCD2	-0.3112
ERAL1	-0.3118
EIF1AX	-0.3143
ADGRL1	-0.3145
GSN	-0.3150
ERMP1	-0.3156
ARF6	-0.3159
SLC39A1	-0.3166
YPEL5	-0.3168
MFSD1	-0.3169
MCL1	-0.3171
KRTCAP2	-0.3173
CDC25B	-0.3181
NT5DC2	-0.3182
AGPAT5	-0.3188
TONSL	-0.3192
UBLCP1	-0.3193
RAP1B	-0.3208
TMOD3	-0.3210
ATG12	-0.3210
ARHGEF2	-0.3212
PEX1	-0.3218
NUF2	-0.3218
ZDHHC7	-0.3219
CCDC127	-0.3221
TCEA1	-0.3221
FBXO8	-0.3230
ZFP672	-0.3238
LIMS1	-0.3241
VEZF1	-0.3244
ANXA8	-0.3245
BMP1	-0.3252
MPV17	-0.3253
SCAMP4	-0.3257
BCAR3	-0.3258
CGREF1	-0.3258
PSMB5	-0.3259
SARAF	-0.3259
TDRD7	-0.3272
ARL5A	-0.3279
SSH2	-0.3287
PAIP1	-0.3290
PDGFRL	-0.3292
PPM1D	-0.3295
CDCA3	-0.3296
MB21D2	-0.3305
ZFP61	-0.3309
IDUA	-0.3310
SOX7	-0.3311
JUN	-0.3316
FBXL17	-0.3318
UNC50	-0.3331
HS6ST1	-0.3336
NDFIP2	-0.3339
TRIM27	-0.3344
MANEA	-0.3346
CCPG1	-0.3350
SCARF2	-0.3351
CTSH	-0.3358
IMPA1	-0.3361
ISCU	-0.3361
TSPAN2	-0.3363
ABCD3	-0.3365
CNPY2	-0.3369
CGGBP1	-0.3372
CERK	-0.3380
DBI	-0.3381
FBLN1	-0.3381
ADAM10	-0.3383
RNF19B	-0.3383
GALNS	-0.3397
LOXL3	-0.3411
SEPHS1	-0.3419
CGNL1	-0.3420
RND3	-0.3425
XPNPEP3	-0.3431
SDHD	-0.3431
PSAT1	-0.3451
SH3BGRL3	-0.3451
RASA3	-0.3453
EHD1	-0.3454
PREP	-0.3471
PREX1	-0.3478
VPS28	-0.3482
PRDX5	-0.3485
MALSU1	-0.3499
SMAP2	-0.3504
AEBP1	-0.3516
CISD2	-0.3521
SFI1	-0.3522
UQCRC2	-0.3525
CORO1C	-0.3530
PSTPIP1	-0.3531
KAZN	-0.3539
UBE2C	-0.3539
SCLT1	-0.3541
PRKCH	-0.3543
F2R	-0.3546
CKAP2	-0.3547
SEC22A	-0.3552
UBE3A	-0.3553
IFNGR1	-0.3560
SNRPB2	-0.3566
FUCA1	-0.3570
ASPM	-0.3571
CTNNB1	-0.3581
ARMC5	-0.3590
VAT1	-0.3598
IFNGR2	-0.3602
STAT1	-0.3604
CD47	-0.3618
PER1	-0.3624
ALDH1A3	-0.3626
MMP14	-0.3631
LRRC8D	-0.3645
LANCL2	-0.3657
SLC30A4	-0.3660
CASP3	-0.3660
RPS6KA2	-0.3662
ABHD12	-0.3676
COX5A	-0.3680
FRMD6	-0.3681
FAM3C	-0.3681
TMBIM4	-0.3684
FECH	-0.3687
ZFP799	-0.3688
CDO1	-0.3698
ECE1	-0.3701
SLC15A4	-0.3708
ZFP703	-0.3711
ACVR1	-0.3712
LYPLA1	-0.3722
PNRC2	-0.3732
CSRP1	-0.3733
SPRED1	-0.3735
IGSF10	-0.3750
RNF215	-0.3754
COL6A2	-0.3763
ABHD2	-0.3765
PPAT	-0.3767
DNAJB9	-0.3778
HTRA3	-0.3783
FOXJ2	-0.3786
SLC31A2	-0.3788
NPC2	-0.3793
LEPROTL1	-0.3806
LPAR1	-0.3815
TMEM39B	-0.3818
UBE2E3	-0.3819
TCP11L2	-0.3831
CYBRD1	-0.3832
SPARC	-0.3865
PLIN2	-0.3865
EED	-0.3872
DSTN	-0.3881
DAB2IP	-0.3886
TMEM59	-0.3887
ZFP111	-0.3890
MCM3	-0.3890
SLC4A2	-0.3891
RCBTB2	-0.3906
UFSP2	-0.3909
ATP6V1B2	-0.3910
METTL9	-0.3915
SLC6A12	-0.3917
MTERF3	-0.3923
ARPC5L	-0.3924
CROT	-0.3942
LRRC40	-0.3943
LRFN4	-0.3946
SYNJ2BP	-0.3970
ROBO1	-0.3971
HERPUD2	-0.3972
DUSP3	-0.3973
UBQLN2	-0.3983
CCNB2	-0.3989
ABCB10	-0.3995
SHC2	-0.3997
TNFRSF1A	-0.4004
MRPS14	-0.4009
AMZ2	-0.4019
FMOD	-0.4024
RHOG	-0.4031
ATP6V1E1	-0.4038
CNIH1	-0.4038
HSD17B10	-0.4039
PEX13	-0.4051
POLR3K	-0.4056
LMBRD1	-0.4064
NEK7	-0.4064
VASN	-0.4072
PLXDC2	-0.4076
FBXO5	-0.4085
PTGES3	-0.4087
CCNG2	-0.4102
RAB31	-0.4103
RPL22L1	-0.4110
ERP44	-0.4117
EMC4	-0.4137
GLRX3	-0.4154
POLR3E	-0.4165
ACSF2	-0.4177
CTSA	-0.4183
PRDX6	-0.4188
PPP1R14B	-0.4202
MAGOH	-0.4208
MSH2	-0.4208
RBP4	-0.4210
LMO4	-0.4211
SLC25A5	-0.4213
ENTPD3	-0.4217
INTS12	-0.4223
GJA1	-0.4223
SGCE	-0.4235
ASF1A	-0.4244
GPR155	-0.4246
IL17RA	-0.4247
RASA1	-0.4252
PDGFRA	-0.4263
RPE	-0.4263
SFXN3	-0.4267
TAF9B	-0.4269
CEPT1	-0.4274
GORASP1	-0.4275
PCNA	-0.4280
GRINA	-0.4294
SLC10A3	-0.4297
FGD6	-0.4299
NOA1	-0.4310
ST3GAL5	-0.4312
CARHSP1	-0.4314
CDC14A	-0.4316
NPR3	-0.4324
TSPAN18	-0.4331
SEC11C	-0.4336
MEF2A	-0.4339
CLCN7	-0.4348
COL5A1	-0.4364
ERLEC1	-0.4366
APOLD1	-0.4374
SCPEP1	-0.4376
CHMP1B	-0.4380
TRIM59	-0.4385
CADM1	-0.4393
IGBP1	-0.4395
RCAN1	-0.4397
RNF115	-0.4399
PTPRG	-0.4406
BTG1	-0.4439
LIPA	-0.4441
CTSF	-0.4442
PTPN13	-0.4443
PALD1	-0.4445
IFRD2	-0.4451
GLMP	-0.4453
NFIB	-0.4453
PINK1	-0.4454
NRP2	-0.4457
PIGC	-0.4457
AP2A2	-0.4484
ZC3H6	-0.4484
SLC25A32	-0.4487
STMN1	-0.4488
SPCS1	-0.4488
PDK2	-0.4525
CIPC	-0.4532
PRICKLE2	-0.4533
NPTN	-0.4536
EFS	-0.4547
DLX5	-0.4556
AMPD3	-0.4570
ID3	-0.4580
FAT3	-0.4593
CD63	-0.4594
ENPP2	-0.4602
SDC1	-0.4605
GAB2	-0.4607
GLUL	-0.4613
NBN	-0.4616
TUBA4A	-0.4616
LIFR	-0.4617
ADAM19	-0.4630
B4GALT4	-0.4631
FKBP5	-0.4632
UBL4A	-0.4643
ZFP422	-0.4643
DPY19L1	-0.4646
SLC17A5	-0.4657
B4GALT6	-0.4659
VKORC1	-0.4673
TMEM50B	-0.4675
FOXP1	-0.4677
S100A4	-0.4680
BGN	-0.4695
ISCA1	-0.4703
CACYBP	-0.4706
PLD3	-0.4721
NDUFV2	-0.4729
FBN1	-0.4731
PDCD4	-0.4741
MOB4	-0.4741
SAT1	-0.4753
CPNE3	-0.4770
RAB11A	-0.4776
POSTN	-0.4781
OGFRL1	-0.4783
ALG12	-0.4799
HK1	-0.4801
JAM2	-0.4804
CNIH4	-0.4806
LDB2	-0.4815
COL4A1	-0.4844
DBNDD2	-0.4873
FOXC1	-0.4878
B3GALT2	-0.4887
MMGT1	-0.4889
EMD	-0.4890
TPP1	-0.4893
ACADM	-0.4907
CD276	-0.4921
NDUFB11	-0.4945
VPS36	-0.4949
RIN2	-0.4972
COX6C	-0.4977
ALDH1L2	-0.4984
TPST2	-0.5007
ARHGAP26	-0.5008
PCDHGC3	-0.5008
SPCS3	-0.5032
LEPROT	-0.5035
CLMP	-0.5055
TSPAN12	-0.5067
ITM2B	-0.5067
GALNT10	-0.5103
PDE3B	-0.5103
HLTF	-0.5106
ZBED3	-0.5110
DUSP7	-0.5112
NDST1	-0.5117
FUT8	-0.5133
ACAA2	-0.5139
RACGAP1	-0.5141
PRR11	-0.5147
DMTN	-0.5150
EPHB2	-0.5169
PTGIS	-0.5173
AMPD2	-0.5176
SERPINB8	-0.5178
PPT1	-0.5184
PDIK1L	-0.5196
XPR1	-0.5196
KLHL21	-0.5204
GPX8	-0.5207
ENPP1	-0.5215
COLEC12	-0.5215
SLC37A4	-0.5216
APLN	-0.5237
IGFBP5	-0.5237
AHCYL2	-0.5251
SERPINE1	-0.5262
ELF1	-0.5278
ANGEL1	-0.5278
SUV39H1	-0.5294
CBFB	-0.5303
KCTD4	-0.5327
BIRC3	-0.5333
ALG14	-0.5341
BPGM	-0.5344
TGFBR2	-0.5357
PSME2	-0.5362
TAGLN2	-0.5371
TIMMDC1	-0.5374
FIGN	-0.5378
ATXN3	-0.5397
ABHD17C	-0.5422
PTN	-0.5431
NFIA	-0.5437
GLB1	-0.5442
HAT1	-0.5500
TGFBR3	-0.5532
MCM6	-0.5570
KIF21B	-0.5586
KIF18A	-0.5600
FBXL7	-0.5600
SIPA1	-0.5609
LRRC61	-0.5614
UNC5C	-0.5625
TCIRG1	-0.5646
HIBADH	-0.5659
BRCC3	-0.5662
GALNT3	-0.5664
OLFML3	-0.5668
RALGDS	-0.5680
SLC8B1	-0.5690
PLEKHB2	-0.5697
GPRC5C	-0.5700
YIPF4	-0.5705
HEXB	-0.5714
ZFP36L1	-0.5718
AURKB	-0.5725
RANBP6	-0.5737
SNAI2	-0.5744
RASGRP3	-0.5761
COX7B	-0.5789
PROS1	-0.5799
TNS1	-0.5816
SOD2	-0.5819
MGP	-0.5835
HP	-0.5843
CPPED1	-0.5844
TMEM65	-0.5848
PIP4K2A	-0.5849
SPTSSA	-0.5866
PPIC	-0.5889
CYP2S1	-0.5900
LY6E	-0.5911
TPBG	-0.5912
MAN2A1	-0.5914
PRDX2	-0.5934
PLEKHF2	-0.5947
ANKRD44	-0.5949
GSAP	-0.5950
NEU1	-0.5953
SEMA4D	-0.5961
TFRC	-0.5964
SH2B3	-0.5969
CITED2	-0.5980
TMED4	-0.5999
RGL1	-0.6024
BMPER	-0.6028
SHROOM4	-0.6036
TSPAN5	-0.6055
MPC2	-0.6066
LPAR4	-0.6067
RPA2	-0.6073
TFDP2	-0.6086
PLCG2	-0.6095
ALDH6A1	-0.6104
PRPS2	-0.6117
MGAT2	-0.6120
PTEN	-0.6143
FAM43A	-0.6155
CCND1	-0.6158
INPP4B	-0.6182
WIPF1	-0.6192
AKAP6	-0.6212
SDC2	-0.6214
TTF2	-0.6216
COMMD3	-0.6234
ADH5	-0.6235
PSME1	-0.6249
PTPRE	-0.6259
AP1S2	-0.6276
SEMA6D	-0.6286
IFITM2	-0.6291
REEP3	-0.6304
SKAP2	-0.6316
HSPA12A	-0.6317
FAM53A	-0.6325
TSPAN6	-0.6347
CLU	-0.6368
KALRN	-0.6375
HEXA	-0.6379
TNC	-0.6381
GUSB	-0.6445
UBE2V2	-0.6448
TMEM106B	-0.6453
CYB561A3	-0.6460
CHST15	-0.6465
MANSC1	-0.6475
PJA1	-0.6485
TRIB2	-0.6494
SNX33	-0.6522
LSP1	-0.6525
NFKBIA	-0.6542
MYZAP	-0.6557
CHMP5	-0.6559
GEM	-0.6573
AFAP1L2	-0.6583
ATP6AP2	-0.6611
FAM111A	-0.6633
GM2A	-0.6650
JAG1	-0.6666
TIMP2	-0.6673
GPR183	-0.6724
ZC3HAV1	-0.6727
DYNLT3	-0.6780
RELN	-0.6788
GDPD2	-0.6790
ABCB7	-0.6828
RAI14	-0.6830
ALG5	-0.6920
DOK4	-0.6952
RAD51D	-0.6970
PODXL	-0.7005
PTER	-0.7006
CPOX	-0.7012
ITM2C	-0.7026
SMPD1	-0.7052
OSTM1	-0.7069
ABCA1	-0.7088
SLC43A3	-0.7099
DGKI	-0.7147
ZCCHC24	-0.7150
SLC30A1	-0.7156
TMEM123	-0.7176
SCARA3	-0.7181
COL5A2	-0.7189
NKD1	-0.7211
CSTB	-0.7234
FUNDC1	-0.7241
SEMA4B	-0.7306
TSC22D3	-0.7316
APBB1IP	-0.7330
GPNMB	-0.7331
GPX1	-0.7335
MDFIC	-0.7338
ANTXR1	-0.7360
FRK	-0.7371
TTK	-0.7387
CYB5A	-0.7397
PXK	-0.7400
SNAPC5	-0.7420
PCED1B	-0.7423
ARSB	-0.7423
LOX	-0.7432
IGFBP3	-0.7454
PEAR1	-0.7495
ADAMTS7	-0.7502
KLF11	-0.7524
PAK1	-0.7555
DYSF	-0.7578
ITGA4	-0.7589
DOCK11	-0.7591
FAM117A	-0.7592
MYD88	-0.7605
SH3BGRL	-0.7629
CREB3L1	-0.7694
PDE3A	-0.7724
JADE1	-0.7757
BET1	-0.7777
CD200	-0.7796
BBS10	-0.7797
RFTN1	-0.7857
EDNRB	-0.7894
ZBTB7B	-0.7902
PPP1R18	-0.7921
MYO1B	-0.7963
STOX2	-0.8008
LHFPL2	-0.8034
SOCS5	-0.8079
NR1D2	-0.8091
EMB	-0.8093
TPGS2	-0.8097
PELI2	-0.8113
ANGPTL4	-0.8120
MXRA8	-0.8223
F5	-0.8232
SLC27A1	-0.8342
KLHL24	-0.8382
SVIL	-0.8393
S1PR1	-0.8395
SLC29A1	-0.8402
TMEM175	-0.8427
FOXA2	-0.8436
RAPGEF3	-0.8451
PARD6G	-0.8458
TMEM204	-0.8475
SSTR2	-0.8522
SLIT3	-0.8561
PTPRJ	-0.8600
RPS27L	-0.8603
HPS3	-0.8628
TNFRSF11B	-0.8643
INIP	-0.8710
PHYH	-0.8713
MAFB	-0.8725
LPAR6	-0.8728
SEMA5A	-0.8742
SLCO2A1	-0.8749
SALL2	-0.8779
GDF10	-0.8810
CNP	-0.8840
GEMIN4	-0.8894
GPR68	-0.8908
CDH11	-0.8948
ALPL	-0.8949
PLAT	-0.8958
TIMP1	-0.9015
TMEM117	-0.9016
EDNRA	-0.9035
KCNK1	-0.9043
PIK3R1	-0.9051
LRRC8B	-0.9056
NAV3	-0.9149
MAN1C1	-0.9216
GLI1	-0.9251
ANKRD6	-0.9290
TNFRSF14	-0.9345
ANK1	-0.9366
SLC37A2	-0.9372
PCDH7	-0.9395
SERPINE2	-0.9413
EPAS1	-0.9466
SLIT2	-0.9489
INPP5D	-0.9493
MYL9	-0.9527
CSF1	-0.9527
SLC4A1	-0.9529
LTBP1	-0.9529
ORAI2	-0.9592
DUSP5	-0.9609
RBM38	-0.9622
ERAP1	-0.9689
RBPMS	-0.9751
MMP2	-0.9752
TJP2	-0.9778
PLXNA2	-0.9780
JUP	-0.9797
PDGFC	-0.9817
SRPX	-0.9827
CBFA2T3	-0.9887
SFT2D3	-0.9913
F13A1	-0.9948
SSPN	-0.9997
SRGAP3	-1.0315
STEAP3	-1.0318
EPHA4	-1.0395
ANPEP	-1.0404
LPAR3	-1.0450
ARHGDIB	-1.0491
LTBP4	-1.0505
AKNA	-1.0516
PRPS1	-1.0576
S1PR3	-1.0583
TCN2	-1.0625
EBF3	-1.0750
SYT8	-1.0756
ABCA8A	-1.0775
IL10RB	-1.0802
OSCAR	-1.0805
CD44	-1.0819
MAF	-1.0871
ADGRB1	-1.0873
TMEM119	-1.0894
CKB	-1.0901
COL18A1	-1.0915
CREG1	-1.0923
ADGRE5	-1.1010
TMSB4X	-1.1046
HYAL1	-1.1197
HYAL2	-1.1225
SPNS2	-1.1226
MARCKS	-1.1291
ARHGAP18	-1.1322
CST3	-1.1553
FZD4	-1.1613
DCN	-1.1689
FLRT2	-1.1716
IGFBP7	-1.1731
NRROS	-1.1765
PCDH18	-1.1769
FAM167A	-1.1776
PIK3CD	-1.1832
HEMGN	-1.1922
PRCP	-1.1949
SLC7A7	-1.1988
CDH2	-1.2068
RHOJ	-1.2146
APOBR	-1.2151
CMTM3	-1.2166
ROBO2	-1.2251
ITPK1	-1.2265
GPR137B	-1.2277
SMPDL3A	-1.2433
TLE2	-1.2436
CRIP2	-1.2587
RHAG	-1.2617
THTPA	-1.2707
SPTA1	-1.2717
APLNR	-1.2729
UCP2	-1.2774
EGR1	-1.2787
DKK3	-1.2790
PRG4	-1.2848
PON2	-1.2882
IRX5	-1.2895
ABCC9	-1.2899
MMP13	-1.2903
SATB2	-1.2949
ELMO1	-1.3002
CACNA1G	-1.3080
CHRDL1	-1.3122
DPYSL3	-1.3389
PDK4	-1.3427
PRKX	-1.3441
SPTB	-1.3460
LAT	-1.3467
SLC9B2	-1.3514
SH2B2	-1.3530
PDGFRB	-1.3752
ANO6	-1.3767
NCF1	-1.3802
UCMA	-1.3843
OSMR	-1.3890
STK17B	-1.4002
SERPINF1	-1.4008
SEMA7A	-1.4012
ARHGAP30	-1.4017
POMK	-1.4032
CD93	-1.4040
TNN	-1.4043
SCRG1	-1.4056
KHDRBS3	-1.4102
LGALS3BP	-1.4106
THY1	-1.4245
PDE5A	-1.4476
PTPRV	-1.4497
MAGI2	-1.4542
EGFR	-1.4551
IFI27	-1.4668
LRRN3	-1.4711
CARD6	-1.4863
SLC16A7	-1.4893
FAP	-1.5084
FAM107B	-1.5098
TFPI	-1.5103
ADGRF5	-1.5259
CD55	-1.5408
SRPX2	-1.5460
LRRC32	-1.5499
SLCO2B1	-1.5625
SLCO3A1	-1.5705
ZEB2	-1.5742
CLEC14A	-1.5892
RAPGEF5	-1.6071
IGFBP4	-1.6100
MICAL2	-1.6216
PCDH12	-1.6326
TAL1	-1.6420
CD22	-1.6457
CFH	-1.6522
PTPN7	-1.6696
LGALS9	-1.6710
CYP4V3	-1.6720
SPP1	-1.6767
SPRY4	-1.6857
CHAD	-1.6982
ITGB3	-1.7148
LPL	-1.7215
BMP3	-1.7271
BCL6B	-1.7313
OLFML2B	-1.7393
CPT1A	-1.7523
HHIP	-1.7538
ELN	-1.7584
TROAP	-1.7625
PTK2B	-1.7633
PPFIBP2	-1.7777
CYFIP2	-1.7846
PRDM1	-1.7910
MME	-1.7982
LCP2	-1.8115
POU2AF1	-1.8253
NOTCH4	-1.8732
HTRA1	-1.8755
SNX10	-1.8799
PARP14	-1.8933
FCNB	-1.9019
PTPRZ1	-1.9425
SLC7A8	-1.9449
IL2RG	-1.9512
TRIM10	-1.9542
CP	-1.9616
COL13A1	-1.9756
IFITM3	-1.9848
SLC39A8	-2.0041
KEL	-2.0077
PLA2G10	-2.0125
BMP4	-2.0159
FAM20A	-2.0223
SPI1	-2.0350
IKZF1	-2.0357
ANGPT1	-2.0568
BMP8A	-2.0588
KCNE3	-2.0795
NKD2	-2.0844
SRGN	-2.0922
LBP	-2.0947
TLR4	-2.1037
THBD	-2.1270
DUSP6	-2.1473
CCL9	-2.1479
NES	-2.2011
GPX3	-2.2018
RAC2	-2.2097
CD53	-2.2163
SLITRK6	-2.2193
ABCG1	-2.2253
IFI30	-2.2265
ATP6V0D2	-2.2424
CMTM5	-2.2513
BLNK	-2.2616
CTSC	-2.2797
CYP1B1	-2.2805
ADAMTS2	-2.2829
RSAD2	-2.3247
STEAP4	-2.3414
FBLIM1	-2.3451
SP110	-2.3918
SPN	-2.4150
MAP3K7CL	-2.4162
CD180	-2.4370
PARVB	-2.4475
MT2	-2.4508
CALCRL	-2.4546
SLFN4	-2.4627
ADGRL4	-2.4665
EBF2	-2.4836
DLL4	-2.4913
CRISPLD2	-2.5288
IL1RN	-2.7157
RCAN2	-2.7319
SELL	-2.7487
LRRN1	-2.7667
RASSF2	-2.7800
CXCL12	-2.9257
HID1	-2.9509
TMEM229B	-2.9555
CECR2	-3.0643
KCNJ8	-3.0769
ARHGAP8	-3.0969
BAALC	-3.1274
KAZALD1	-3.1332
ADAMTS5	-3.1797
GFRA1	-3.2721
XDH	-3.2969
GDA	-3.3566
APOBEC1	-3.5696
CPZ	-3.6775
CHN2	-3.7311
OLFML2A	-3.7500
NPR1	-3.7566
CYYR1	-3.8755
MMP8	-3.9263
SLC36A2	-4.2142
PLA2G7	-4.4545
TMEM176A	-4.4796
SPIB	-4.9750
RAB38	-5.8668
BCL11A	-6.1162
RTN4RL1	-6.1816
