dataset,platform,gene,array,value,percentile_within_array,p95,p99,med
GSE22855,Illumina HumanWG-6 v3,ACAN,L1142 | Growth Plate,9.624,93.3,1,1,1
GSE22855,Illumina HumanWG-6 v3,ACAN,L1234 | Growth Plate,8.91,89.3,1,1,1
GSE22855,Illumina HumanWG-6 v3,COL10A1,L1142 | Growth Plate,14.533,99.9,1,1,1
GSE22855,Illumina HumanWG-6 v3,COL10A1,L1234 | Growth Plate,13.622,99.6,1,1,1
GSE22855,Illumina HumanWG-6 v3,COL2A1,L1142 | Growth Plate,15.068,100.0,1,1,1
GSE22855,Illumina HumanWG-6 v3,COL2A1,L1234 | Growth Plate,14.563,99.9,1,1,1
GSE22855,Illumina HumanWG-6 v3,CYP19A1,L1142 | Growth Plate,7.283,51.7,0,0,1
GSE22855,Illumina HumanWG-6 v3,CYP19A1,L1234 | Growth Plate,7.237,33.7,0,0,0
GSE22855,Illumina HumanWG-6 v3,DIO2,L1142 | Growth Plate,8.607,87.0,1,1,1
GSE22855,Illumina HumanWG-6 v3,DIO2,L1234 | Growth Plate,8.539,86.4,1,1,1
GSE22855,Illumina HumanWG-6 v3,ESR1,L1142 | Growth Plate,8.052,81.2,1,1,1
GSE22855,Illumina HumanWG-6 v3,ESR1,L1234 | Growth Plate,8.213,83.2,1,1,1
GSE22855,Illumina HumanWG-6 v3,ESR2,L1142 | Growth Plate,7.241,35.9,0,0,0
GSE22855,Illumina HumanWG-6 v3,ESR2,L1234 | Growth Plate,7.256,42.5,0,0,0
GSE22855,Illumina HumanWG-6 v3,IHH,L1142 | Growth Plate,8.682,87.6,1,1,1
GSE22855,Illumina HumanWG-6 v3,IHH,L1234 | Growth Plate,7.938,79.7,1,1,1
GSE22855,Illumina HumanWG-6 v3,NPPC,L1142 | Growth Plate,7.324,59.9,0,0,1
GSE22855,Illumina HumanWG-6 v3,NPPC,L1234 | Growth Plate,7.324,59.9,0,0,1
GSE22855,Illumina HumanWG-6 v3,NPR2,L1142 | Growth Plate,8.388,85.0,1,1,1
GSE22855,Illumina HumanWG-6 v3,NPR2,L1234 | Growth Plate,8.289,84.0,1,1,1
GSE22855,Illumina HumanWG-6 v3,NPR3,L1142 | Growth Plate,7.266,46.5,0,0,0
GSE22855,Illumina HumanWG-6 v3,NPR3,L1234 | Growth Plate,7.249,39.5,0,0,0
GSE22855,Illumina HumanWG-6 v3,PDE10A,L1142 | Growth Plate,7.28,51.0,0,0,1
GSE22855,Illumina HumanWG-6 v3,PDE10A,L1234 | Growth Plate,7.262,45.0,0,0,0
GSE22855,Illumina HumanWG-6 v3,PDE11A,L1142 | Growth Plate,7.256,42.4,0,0,0
GSE22855,Illumina HumanWG-6 v3,PDE11A,L1234 | Growth Plate,7.256,42.6,0,0,0
GSE22855,Illumina HumanWG-6 v3,PDE1A,L1142 | Growth Plate,7.732,76.5,1,1,1
GSE22855,Illumina HumanWG-6 v3,PDE1A,L1234 | Growth Plate,7.619,74.2,1,0,1
GSE22855,Illumina HumanWG-6 v3,PDE1B,L1142 | Growth Plate,7.48,70.2,1,0,1
GSE22855,Illumina HumanWG-6 v3,PDE1B,L1234 | Growth Plate,7.447,69.0,1,0,1
GSE22855,Illumina HumanWG-6 v3,PDE1C,L1142 | Growth Plate,7.237,33.7,0,0,0
GSE22855,Illumina HumanWG-6 v3,PDE1C,L1234 | Growth Plate,7.235,32.8,0,0,0
GSE22855,Illumina HumanWG-6 v3,PDE2A,L1142 | Growth Plate,7.999,80.6,1,1,1
GSE22855,Illumina HumanWG-6 v3,PDE2A,L1234 | Growth Plate,7.673,75.3,1,0,1
GSE22855,Illumina HumanWG-6 v3,PDE3A,L1142 | Growth Plate,7.37,64.7,1,0,1
GSE22855,Illumina HumanWG-6 v3,PDE3A,L1234 | Growth Plate,7.312,58.1,0,0,1
GSE22855,Illumina HumanWG-6 v3,PDE3B,L1142 | Growth Plate,7.42,67.7,1,0,1
GSE22855,Illumina HumanWG-6 v3,PDE3B,L1234 | Growth Plate,7.833,78.2,1,1,1
GSE22855,Illumina HumanWG-6 v3,PDE4A,L1142 | Growth Plate,7.269,47.5,0,0,0
GSE22855,Illumina HumanWG-6 v3,PDE4A,L1234 | Growth Plate,7.265,46.2,0,0,0
GSE22855,Illumina HumanWG-6 v3,PDE4B,L1142 | Growth Plate,9.238,91.3,1,1,1
GSE22855,Illumina HumanWG-6 v3,PDE4B,L1234 | Growth Plate,8.958,89.6,1,1,1
GSE22855,Illumina HumanWG-6 v3,PDE4C,L1142 | Growth Plate,13.493,99.6,1,1,1
GSE22855,Illumina HumanWG-6 v3,PDE4C,L1234 | Growth Plate,12.3,99.0,1,1,1
GSE22855,Illumina HumanWG-6 v3,PDE5A,L1142 | Growth Plate,9.329,91.8,1,1,1
GSE22855,Illumina HumanWG-6 v3,PDE5A,L1234 | Growth Plate,9.124,90.7,1,1,1
GSE22855,Illumina HumanWG-6 v3,PDE9A,L1142 | Growth Plate,8.87,89.0,1,1,1
GSE22855,Illumina HumanWG-6 v3,PDE9A,L1234 | Growth Plate,8.476,85.8,1,1,1
GSE22855,Illumina HumanWG-6 v3,SLC16A10,L1142 | Growth Plate,8.291,84.0,1,1,1
GSE22855,Illumina HumanWG-6 v3,SLC16A10,L1234 | Growth Plate,7.939,79.7,1,1,1
GSE22855,Illumina HumanWG-6 v3,SLC16A2,L1142 | Growth Plate,7.668,75.2,1,1,1
GSE22855,Illumina HumanWG-6 v3,SLC16A2,L1234 | Growth Plate,7.634,74.5,1,0,1
GSE22855,Illumina HumanWG-6 v3,SLC7A5,L1142 | Growth Plate,9.679,93.5,1,1,1
GSE22855,Illumina HumanWG-6 v3,SLC7A5,L1234 | Growth Plate,10.446,96.2,1,1,1
GSE22855,Illumina HumanWG-6 v3,SLCO1C1,L1142 | Growth Plate,7.385,65.7,1,0,1
GSE22855,Illumina HumanWG-6 v3,SLCO1C1,L1234 | Growth Plate,7.371,64.8,1,0,1
GSE22855,Illumina HumanWG-6 v3,SOX9,L1142 | Growth Plate,11.705,98.4,1,1,1
GSE22855,Illumina HumanWG-6 v3,SOX9,L1234 | Growth Plate,11.131,97.7,1,1,1
GSE22855,Illumina HumanWG-6 v3,THRA,L1142 | Growth Plate,8.772,88.3,1,1,1
GSE22855,Illumina HumanWG-6 v3,THRA,L1234 | Growth Plate,12.184,98.9,1,1,1
GSE22855,Illumina HumanWG-6 v3,THRB,L1142 | Growth Plate,7.182,8.1,0,0,0
GSE22855,Illumina HumanWG-6 v3,THRB,L1234 | Growth Plate,7.166,4.1,0,0,0
GSE32398,Affymetrix GPL9828,ACAN,Growth plate cartilage sample 1 | Growth pla,13.925,99.9,1,1,1
GSE32398,Affymetrix GPL9828,ACAN,Growth plate cartilage sample 2 | Growth pla,13.871,99.9,1,1,1
GSE32398,Affymetrix GPL9828,ACAN,Growth plate cartilage sample 3 | Growth pla,14.055,99.9,1,1,1
GSE32398,Affymetrix GPL9828,ACAN,Growth plate cartilage sample 4 | Growth pla,11.543,99.5,1,1,1
GSE32398,Affymetrix GPL9828,ACAN,Growth plate cartilage sample 5 | Growth pla,10.05,99.4,1,1,1
GSE32398,Affymetrix GPL9828,COL10A1,Growth plate cartilage sample 1 | Growth pla,13.884,99.9,1,1,1
GSE32398,Affymetrix GPL9828,COL10A1,Growth plate cartilage sample 2 | Growth pla,14.038,99.9,1,1,1
GSE32398,Affymetrix GPL9828,COL10A1,Growth plate cartilage sample 3 | Growth pla,13.849,99.9,1,1,1
GSE32398,Affymetrix GPL9828,COL10A1,Growth plate cartilage sample 4 | Growth pla,12.256,99.8,1,1,1
GSE32398,Affymetrix GPL9828,COL10A1,Growth plate cartilage sample 5 | Growth pla,10.793,99.8,1,1,1
GSE32398,Affymetrix GPL9828,COL2A1,Growth plate cartilage sample 1 | Growth pla,14.741,100.0,1,1,1
GSE32398,Affymetrix GPL9828,COL2A1,Growth plate cartilage sample 2 | Growth pla,14.74,100.0,1,1,1
GSE32398,Affymetrix GPL9828,COL2A1,Growth plate cartilage sample 3 | Growth pla,14.687,100.0,1,1,1
GSE32398,Affymetrix GPL9828,COL2A1,Growth plate cartilage sample 4 | Growth pla,13.259,99.9,1,1,1
GSE32398,Affymetrix GPL9828,COL2A1,Growth plate cartilage sample 5 | Growth pla,11.452,99.9,1,1,1
GSE32398,Affymetrix GPL9828,CYP19A1,Growth plate cartilage sample 1 | Growth pla,6.58,20.4,0,0,0
GSE32398,Affymetrix GPL9828,CYP19A1,Growth plate cartilage sample 2 | Growth pla,6.618,22.8,0,0,0
GSE32398,Affymetrix GPL9828,CYP19A1,Growth plate cartilage sample 3 | Growth pla,6.614,20.2,0,0,0
GSE32398,Affymetrix GPL9828,CYP19A1,Growth plate cartilage sample 4 | Growth pla,6.824,18.7,0,0,0
GSE32398,Affymetrix GPL9828,CYP19A1,Growth plate cartilage sample 5 | Growth pla,6.952,19.4,0,0,0
GSE32398,Affymetrix GPL9828,DIO2,Growth plate cartilage sample 1 | Growth pla,7.392,55.1,1,1,1
GSE32398,Affymetrix GPL9828,DIO2,Growth plate cartilage sample 2 | Growth pla,6.987,40.6,0,0,0
GSE32398,Affymetrix GPL9828,DIO2,Growth plate cartilage sample 3 | Growth pla,7.204,48.6,1,0,0
GSE32398,Affymetrix GPL9828,DIO2,Growth plate cartilage sample 4 | Growth pla,9.173,94.5,1,1,1
GSE32398,Affymetrix GPL9828,DIO2,Growth plate cartilage sample 5 | Growth pla,8.236,84.5,1,1,1
GSE32398,Affymetrix GPL9828,ESR1,Growth plate cartilage sample 1 | Growth pla,7.41,55.5,1,1,1
GSE32398,Affymetrix GPL9828,ESR1,Growth plate cartilage sample 2 | Growth pla,7.228,49.6,1,1,0
GSE32398,Affymetrix GPL9828,ESR1,Growth plate cartilage sample 3 | Growth pla,7.309,52.6,1,1,1
GSE32398,Affymetrix GPL9828,ESR1,Growth plate cartilage sample 4 | Growth pla,7.779,69.9,1,1,1
GSE32398,Affymetrix GPL9828,ESR1,Growth plate cartilage sample 5 | Growth pla,7.634,58.7,0,0,1
GSE32398,Affymetrix GPL9828,ESR2,Growth plate cartilage sample 1 | Growth pla,6.618,22.6,0,0,0
GSE32398,Affymetrix GPL9828,ESR2,Growth plate cartilage sample 2 | Growth pla,6.612,22.4,0,0,0
GSE32398,Affymetrix GPL9828,ESR2,Growth plate cartilage sample 3 | Growth pla,6.721,26.2,0,0,0
GSE32398,Affymetrix GPL9828,ESR2,Growth plate cartilage sample 4 | Growth pla,6.833,19.1,0,0,0
GSE32398,Affymetrix GPL9828,ESR2,Growth plate cartilage sample 5 | Growth pla,6.871,15.8,0,0,0
GSE32398,Affymetrix GPL9828,NPPC,Growth plate cartilage sample 1 | Growth pla,7.869,69.0,1,1,1
GSE32398,Affymetrix GPL9828,NPPC,Growth plate cartilage sample 2 | Growth pla,7.816,67.3,1,1,1
GSE32398,Affymetrix GPL9828,NPPC,Growth plate cartilage sample 3 | Growth pla,7.881,69.8,1,1,1
GSE32398,Affymetrix GPL9828,NPPC,Growth plate cartilage sample 4 | Growth pla,8.016,77.7,1,1,1
GSE32398,Affymetrix GPL9828,NPPC,Growth plate cartilage sample 5 | Growth pla,8.216,83.8,1,0,1
GSE32398,Affymetrix GPL9828,NPR2,Growth plate cartilage sample 1 | Growth pla,8.05,73.3,1,1,1
GSE32398,Affymetrix GPL9828,NPR2,Growth plate cartilage sample 2 | Growth pla,8.02,72.4,1,1,1
GSE32398,Affymetrix GPL9828,NPR2,Growth plate cartilage sample 3 | Growth pla,8.074,74.6,1,1,1
GSE32398,Affymetrix GPL9828,NPR2,Growth plate cartilage sample 4 | Growth pla,7.531,59.6,0,0,1
GSE32398,Affymetrix GPL9828,NPR2,Growth plate cartilage sample 5 | Growth pla,7.795,67.2,0,0,1
GSE32398,Affymetrix GPL9828,NPR3,Growth plate cartilage sample 1 | Growth pla,6.772,31.0,0,0,0
GSE32398,Affymetrix GPL9828,NPR3,Growth plate cartilage sample 2 | Growth pla,6.998,41.0,0,0,0
GSE32398,Affymetrix GPL9828,NPR3,Growth plate cartilage sample 3 | Growth pla,6.593,19.0,0,0,0
GSE32398,Affymetrix GPL9828,NPR3,Growth plate cartilage sample 4 | Growth pla,6.885,22.0,0,0,0
GSE32398,Affymetrix GPL9828,NPR3,Growth plate cartilage sample 5 | Growth pla,7.136,29.2,0,0,0
GSE32398,Affymetrix GPL9828,PDE10A,Growth plate cartilage sample 1 | Growth pla,6.399,11.1,0,0,0
GSE32398,Affymetrix GPL9828,PDE10A,Growth plate cartilage sample 2 | Growth pla,6.456,14.0,0,0,0
GSE32398,Affymetrix GPL9828,PDE10A,Growth plate cartilage sample 3 | Growth pla,6.47,12.7,0,0,0
GSE32398,Affymetrix GPL9828,PDE10A,Growth plate cartilage sample 4 | Growth pla,6.625,9.8,0,0,0
GSE32398,Affymetrix GPL9828,PDE10A,Growth plate cartilage sample 5 | Growth pla,7.007,22.2,0,0,0
GSE32398,Affymetrix GPL9828,PDE11A,Growth plate cartilage sample 1 | Growth pla,6.686,26.2,0,0,0
GSE32398,Affymetrix GPL9828,PDE11A,Growth plate cartilage sample 2 | Growth pla,6.63,23.4,0,0,0
GSE32398,Affymetrix GPL9828,PDE11A,Growth plate cartilage sample 3 | Growth pla,6.683,24.0,0,0,0
GSE32398,Affymetrix GPL9828,PDE11A,Growth plate cartilage sample 4 | Growth pla,6.846,19.8,0,0,0
GSE32398,Affymetrix GPL9828,PDE11A,Growth plate cartilage sample 5 | Growth pla,7.033,23.7,0,0,0
GSE32398,Affymetrix GPL9828,PDE1A,Growth plate cartilage sample 1 | Growth pla,6.383,10.4,0,0,0
GSE32398,Affymetrix GPL9828,PDE1A,Growth plate cartilage sample 2 | Growth pla,6.377,10.2,0,0,0
GSE32398,Affymetrix GPL9828,PDE1A,Growth plate cartilage sample 3 | Growth pla,6.422,10.4,0,0,0
GSE32398,Affymetrix GPL9828,PDE1A,Growth plate cartilage sample 4 | Growth pla,6.435,4.4,0,0,0
GSE32398,Affymetrix GPL9828,PDE1A,Growth plate cartilage sample 5 | Growth pla,6.55,5.8,0,0,0
GSE32398,Affymetrix GPL9828,PDE1B,Growth plate cartilage sample 1 | Growth pla,6.929,38.3,0,0,0
GSE32398,Affymetrix GPL9828,PDE1B,Growth plate cartilage sample 2 | Growth pla,6.826,33.7,0,0,0
GSE32398,Affymetrix GPL9828,PDE1B,Growth plate cartilage sample 3 | Growth pla,6.967,38.8,0,0,0
GSE32398,Affymetrix GPL9828,PDE1B,Growth plate cartilage sample 4 | Growth pla,7.507,58.3,0,0,1
GSE32398,Affymetrix GPL9828,PDE1B,Growth plate cartilage sample 5 | Growth pla,7.811,68.1,0,0,1
GSE32398,Affymetrix GPL9828,PDE1C,Growth plate cartilage sample 1 | Growth pla,6.432,12.7,0,0,0
GSE32398,Affymetrix GPL9828,PDE1C,Growth plate cartilage sample 2 | Growth pla,6.376,10.1,0,0,0
GSE32398,Affymetrix GPL9828,PDE1C,Growth plate cartilage sample 3 | Growth pla,6.349,7.6,0,0,0
GSE32398,Affymetrix GPL9828,PDE1C,Growth plate cartilage sample 4 | Growth pla,6.841,19.5,0,0,0
GSE32398,Affymetrix GPL9828,PDE1C,Growth plate cartilage sample 5 | Growth pla,6.807,13.5,0,0,0
GSE32398,Affymetrix GPL9828,PDE2A,Growth plate cartilage sample 1 | Growth pla,6.972,40.0,0,0,0
GSE32398,Affymetrix GPL9828,PDE2A,Growth plate cartilage sample 2 | Growth pla,7.117,45.5,1,0,0
GSE32398,Affymetrix GPL9828,PDE2A,Growth plate cartilage sample 3 | Growth pla,6.973,39.1,0,0,0
GSE32398,Affymetrix GPL9828,PDE2A,Growth plate cartilage sample 4 | Growth pla,7.69,66.3,1,1,1
GSE32398,Affymetrix GPL9828,PDE2A,Growth plate cartilage sample 5 | Growth pla,7.584,56.1,0,0,1
GSE32398,Affymetrix GPL9828,PDE3A,Growth plate cartilage sample 1 | Growth pla,6.62,22.7,0,0,0
GSE32398,Affymetrix GPL9828,PDE3A,Growth plate cartilage sample 2 | Growth pla,6.605,22.0,0,0,0
GSE32398,Affymetrix GPL9828,PDE3A,Growth plate cartilage sample 3 | Growth pla,6.542,16.3,0,0,0
GSE32398,Affymetrix GPL9828,PDE3A,Growth plate cartilage sample 4 | Growth pla,6.677,11.9,0,0,0
GSE32398,Affymetrix GPL9828,PDE3A,Growth plate cartilage sample 5 | Growth pla,7.211,33.5,0,0,0
GSE32398,Affymetrix GPL9828,PDE3B,Growth plate cartilage sample 1 | Growth pla,7.17,47.7,1,0,0
GSE32398,Affymetrix GPL9828,PDE3B,Growth plate cartilage sample 2 | Growth pla,7.138,46.4,1,0,0
GSE32398,Affymetrix GPL9828,PDE3B,Growth plate cartilage sample 3 | Growth pla,7.337,53.5,1,1,1
GSE32398,Affymetrix GPL9828,PDE3B,Growth plate cartilage sample 4 | Growth pla,7.535,59.7,0,0,1
GSE32398,Affymetrix GPL9828,PDE3B,Growth plate cartilage sample 5 | Growth pla,7.866,70.7,0,0,1
GSE32398,Affymetrix GPL9828,PDE4A,Growth plate cartilage sample 1 | Growth pla,7.21,49.1,1,0,0
GSE32398,Affymetrix GPL9828,PDE4A,Growth plate cartilage sample 2 | Growth pla,7.21,49.0,1,1,0
GSE32398,Affymetrix GPL9828,PDE4A,Growth plate cartilage sample 3 | Growth pla,7.246,50.2,1,1,1
GSE32398,Affymetrix GPL9828,PDE4A,Growth plate cartilage sample 4 | Growth pla,7.387,51.9,0,0,1
GSE32398,Affymetrix GPL9828,PDE4A,Growth plate cartilage sample 5 | Growth pla,7.402,45.3,0,0,0
GSE32398,Affymetrix GPL9828,PDE4B,Growth plate cartilage sample 1 | Growth pla,8.835,86.5,1,1,1
GSE32398,Affymetrix GPL9828,PDE4B,Growth plate cartilage sample 2 | Growth pla,8.685,84.5,1,1,1
GSE32398,Affymetrix GPL9828,PDE4B,Growth plate cartilage sample 3 | Growth pla,8.473,82.2,1,1,1
GSE32398,Affymetrix GPL9828,PDE4B,Growth plate cartilage sample 4 | Growth pla,7.977,76.5,1,1,1
GSE32398,Affymetrix GPL9828,PDE4B,Growth plate cartilage sample 5 | Growth pla,7.918,73.0,0,0,1
GSE32398,Affymetrix GPL9828,PDE5A,Growth plate cartilage sample 1 | Growth pla,6.708,27.3,0,0,0
GSE32398,Affymetrix GPL9828,PDE5A,Growth plate cartilage sample 2 | Growth pla,6.685,26.5,0,0,0
GSE32398,Affymetrix GPL9828,PDE5A,Growth plate cartilage sample 3 | Growth pla,6.759,28.4,0,0,0
GSE32398,Affymetrix GPL9828,PDE5A,Growth plate cartilage sample 4 | Growth pla,7.135,36.9,0,0,0
GSE32398,Affymetrix GPL9828,PDE5A,Growth plate cartilage sample 5 | Growth pla,7.405,45.5,0,0,0
GSE32398,Affymetrix GPL9828,PDE9A,Growth plate cartilage sample 1 | Growth pla,6.62,22.7,0,0,0
GSE32398,Affymetrix GPL9828,PDE9A,Growth plate cartilage sample 2 | Growth pla,6.647,24.4,0,0,0
GSE32398,Affymetrix GPL9828,PDE9A,Growth plate cartilage sample 3 | Growth pla,6.774,29.1,0,0,0
GSE32398,Affymetrix GPL9828,PDE9A,Growth plate cartilage sample 4 | Growth pla,7.147,37.7,0,0,0
GSE32398,Affymetrix GPL9828,PDE9A,Growth plate cartilage sample 5 | Growth pla,6.926,18.2,0,0,0
GSE32398,Affymetrix GPL9828,SLC16A10,Growth plate cartilage sample 1 | Growth pla,7.175,47.9,1,0,0
GSE32398,Affymetrix GPL9828,SLC16A10,Growth plate cartilage sample 2 | Growth pla,7.531,59.1,1,1,1
GSE32398,Affymetrix GPL9828,SLC16A10,Growth plate cartilage sample 3 | Growth pla,7.686,64.5,1,1,1
GSE32398,Affymetrix GPL9828,SLC16A10,Growth plate cartilage sample 4 | Growth pla,6.98,27.4,0,0,0
GSE32398,Affymetrix GPL9828,SLC16A10,Growth plate cartilage sample 5 | Growth pla,7.155,30.3,0,0,0
GSE32398,Affymetrix GPL9828,SLC16A2,Growth plate cartilage sample 1 | Growth pla,7.724,64.9,1,1,1
GSE32398,Affymetrix GPL9828,SLC16A2,Growth plate cartilage sample 2 | Growth pla,7.643,62.3,1,1,1
GSE32398,Affymetrix GPL9828,SLC16A2,Growth plate cartilage sample 3 | Growth pla,7.807,68.1,1,1,1
GSE32398,Affymetrix GPL9828,SLC16A2,Growth plate cartilage sample 4 | Growth pla,7.21,41.7,0,0,0
GSE32398,Affymetrix GPL9828,SLC16A2,Growth plate cartilage sample 5 | Growth pla,7.712,63.1,0,0,1
GSE32398,Affymetrix GPL9828,SLC7A5,Growth plate cartilage sample 1 | Growth pla,8.544,82.6,1,1,1
GSE32398,Affymetrix GPL9828,SLC7A5,Growth plate cartilage sample 2 | Growth pla,8.435,80.8,1,1,1
GSE32398,Affymetrix GPL9828,SLC7A5,Growth plate cartilage sample 3 | Growth pla,8.01,73.1,1,1,1
GSE32398,Affymetrix GPL9828,SLC7A5,Growth plate cartilage sample 4 | Growth pla,7.998,77.2,1,1,1
GSE32398,Affymetrix GPL9828,SLC7A5,Growth plate cartilage sample 5 | Growth pla,8.01,76.6,0,0,1
GSE32398,Affymetrix GPL9828,SLCO1C1,Growth plate cartilage sample 1 | Growth pla,6.885,36.2,0,0,0
GSE32398,Affymetrix GPL9828,SLCO1C1,Growth plate cartilage sample 2 | Growth pla,6.68,26.2,0,0,0
GSE32398,Affymetrix GPL9828,SLCO1C1,Growth plate cartilage sample 3 | Growth pla,6.763,28.6,0,0,0
GSE32398,Affymetrix GPL9828,SLCO1C1,Growth plate cartilage sample 4 | Growth pla,7.081,33.7,0,0,0
GSE32398,Affymetrix GPL9828,SLCO1C1,Growth plate cartilage sample 5 | Growth pla,8.302,86.1,1,1,1
GSE32398,Affymetrix GPL9828,SOX9,Growth plate cartilage sample 1 | Growth pla,11.514,98.7,1,1,1
GSE32398,Affymetrix GPL9828,SOX9,Growth plate cartilage sample 2 | Growth pla,11.384,98.5,1,1,1
GSE32398,Affymetrix GPL9828,SOX9,Growth plate cartilage sample 3 | Growth pla,11.273,98.4,1,1,1
GSE32398,Affymetrix GPL9828,SOX9,Growth plate cartilage sample 4 | Growth pla,11.811,99.6,1,1,1
GSE32398,Affymetrix GPL9828,SOX9,Growth plate cartilage sample 5 | Growth pla,10.343,99.6,1,1,1
GSE32398,Affymetrix GPL9828,THRA,Growth plate cartilage sample 1 | Growth pla,7.251,50.5,1,0,1
GSE32398,Affymetrix GPL9828,THRA,Growth plate cartilage sample 2 | Growth pla,7.219,49.3,1,1,0
GSE32398,Affymetrix GPL9828,THRA,Growth plate cartilage sample 3 | Growth pla,7.249,50.3,1,1,1
GSE32398,Affymetrix GPL9828,THRA,Growth plate cartilage sample 4 | Growth pla,7.253,44.1,0,0,0
GSE32398,Affymetrix GPL9828,THRA,Growth plate cartilage sample 5 | Growth pla,7.358,42.6,0,0,0
GSE32398,Affymetrix GPL9828,THRB,Growth plate cartilage sample 1 | Growth pla,9.143,89.7,1,1,1
GSE32398,Affymetrix GPL9828,THRB,Growth plate cartilage sample 2 | Growth pla,9.129,89.5,1,1,1
GSE32398,Affymetrix GPL9828,THRB,Growth plate cartilage sample 3 | Growth pla,9.112,89.7,1,1,1
GSE32398,Affymetrix GPL9828,THRB,Growth plate cartilage sample 4 | Growth pla,8.605,89.0,1,1,1
GSE32398,Affymetrix GPL9828,THRB,Growth plate cartilage sample 5 | Growth pla,8.637,92.5,1,1,1
GSE18338,Agilent GPL9324,ACAN,Early puberty 1 | epiphyseal growth plate sa,13.522,99.9,1,1,1
GSE18338,Agilent GPL9324,ACAN,Early puberty 2 | epiphyseal growth plate sa,13.462,99.9,1,1,1
GSE18338,Agilent GPL9324,ACAN,Late puberty 1 | epiphyseal growth plate sam,11.901,99.2,1,1,1
GSE18338,Agilent GPL9324,ACAN,Late puberty 2 | epiphyseal growth plate sam,12.667,99.7,1,1,1
GSE18338,Agilent GPL9324,ACAN,Pre-puberty 1 | epiphyseal growth plate samp,14.02,99.9,1,1,1
GSE18338,Agilent GPL9324,ACAN,Pre-puberty 2 | epiphyseal growth plate samp,13.424,99.9,1,1,1
GSE18338,Agilent GPL9324,COL10A1,Early puberty 1 | epiphyseal growth plate sa,13.901,100.0,1,1,1
GSE18338,Agilent GPL9324,COL10A1,Early puberty 2 | epiphyseal growth plate sa,14.005,100.0,1,1,1
GSE18338,Agilent GPL9324,COL10A1,Late puberty 1 | epiphyseal growth plate sam,13.069,99.8,1,1,1
GSE18338,Agilent GPL9324,COL10A1,Late puberty 2 | epiphyseal growth plate sam,12.507,99.6,1,1,1
GSE18338,Agilent GPL9324,COL10A1,Pre-puberty 1 | epiphyseal growth plate samp,13.754,99.9,1,1,1
GSE18338,Agilent GPL9324,COL10A1,Pre-puberty 2 | epiphyseal growth plate samp,13.392,99.9,1,1,1
GSE18338,Agilent GPL9324,COL2A1,Early puberty 1 | epiphyseal growth plate sa,14.509,100.0,1,1,1
GSE18338,Agilent GPL9324,COL2A1,Early puberty 2 | epiphyseal growth plate sa,14.544,100.0,1,1,1
GSE18338,Agilent GPL9324,COL2A1,Late puberty 1 | epiphyseal growth plate sam,14.172,100.0,1,1,1
GSE18338,Agilent GPL9324,COL2A1,Late puberty 2 | epiphyseal growth plate sam,14.441,100.0,1,1,1
GSE18338,Agilent GPL9324,COL2A1,Pre-puberty 1 | epiphyseal growth plate samp,14.622,100.0,1,1,1
GSE18338,Agilent GPL9324,COL2A1,Pre-puberty 2 | epiphyseal growth plate samp,14.402,100.0,1,1,1
GSE18338,Agilent GPL9324,CYP19A1,Early puberty 1 | epiphyseal growth plate sa,6.864,23.4,0,0,0
GSE18338,Agilent GPL9324,CYP19A1,Early puberty 2 | epiphyseal growth plate sa,6.934,24.7,0,0,0
GSE18338,Agilent GPL9324,CYP19A1,Late puberty 1 | epiphyseal growth plate sam,7.193,36.0,0,0,0
GSE18338,Agilent GPL9324,CYP19A1,Late puberty 2 | epiphyseal growth plate sam,7.004,28.8,0,0,0
GSE18338,Agilent GPL9324,CYP19A1,Pre-puberty 1 | epiphyseal growth plate samp,7.004,27.1,0,0,0
GSE18338,Agilent GPL9324,CYP19A1,Pre-puberty 2 | epiphyseal growth plate samp,6.826,18.2,0,0,0
GSE18338,Agilent GPL9324,DIO2,Early puberty 1 | epiphyseal growth plate sa,8.458,76.1,1,1,1
GSE18338,Agilent GPL9324,DIO2,Early puberty 2 | epiphyseal growth plate sa,8.377,74.9,1,1,1
GSE18338,Agilent GPL9324,DIO2,Late puberty 1 | epiphyseal growth plate sam,8.12,67.9,1,1,1
GSE18338,Agilent GPL9324,DIO2,Late puberty 2 | epiphyseal growth plate sam,8.337,73.3,1,1,1
GSE18338,Agilent GPL9324,DIO2,Pre-puberty 1 | epiphyseal growth plate samp,7.641,54.2,1,0,1
GSE18338,Agilent GPL9324,DIO2,Pre-puberty 2 | epiphyseal growth plate samp,8.565,79.4,1,1,1
GSE18338,Agilent GPL9324,ESR1,Early puberty 1 | epiphyseal growth plate sa,7.649,54.9,1,1,1
GSE18338,Agilent GPL9324,ESR1,Early puberty 2 | epiphyseal growth plate sa,7.58,51.1,1,1,1
GSE18338,Agilent GPL9324,ESR1,Late puberty 1 | epiphyseal growth plate sam,7.323,41.1,1,0,0
GSE18338,Agilent GPL9324,ESR1,Late puberty 2 | epiphyseal growth plate sam,7.713,55.5,1,1,1
GSE18338,Agilent GPL9324,ESR1,Pre-puberty 1 | epiphyseal growth plate samp,7.627,53.7,1,0,1
GSE18338,Agilent GPL9324,ESR1,Pre-puberty 2 | epiphyseal growth plate samp,7.946,63.1,1,1,1
GSE18338,Agilent GPL9324,ESR2,Early puberty 1 | epiphyseal growth plate sa,6.834,21.9,0,0,0
GSE18338,Agilent GPL9324,ESR2,Early puberty 2 | epiphyseal growth plate sa,6.902,23.3,0,0,0
GSE18338,Agilent GPL9324,ESR2,Late puberty 1 | epiphyseal growth plate sam,6.859,21.6,0,0,0
GSE18338,Agilent GPL9324,ESR2,Late puberty 2 | epiphyseal growth plate sam,6.741,16.8,0,0,0
GSE18338,Agilent GPL9324,ESR2,Pre-puberty 1 | epiphyseal growth plate samp,6.992,26.5,0,0,0
GSE18338,Agilent GPL9324,ESR2,Pre-puberty 2 | epiphyseal growth plate samp,6.868,19.9,0,0,0
GSE18338,Agilent GPL9324,IHH,Early puberty 1 | epiphyseal growth plate sa,9.792,92.9,1,1,1
GSE18338,Agilent GPL9324,IHH,Early puberty 2 | epiphyseal growth plate sa,9.846,94.0,1,1,1
GSE18338,Agilent GPL9324,IHH,Late puberty 1 | epiphyseal growth plate sam,8.144,68.5,1,1,1
GSE18338,Agilent GPL9324,IHH,Late puberty 2 | epiphyseal growth plate sam,7.657,53.7,1,1,1
GSE18338,Agilent GPL9324,IHH,Pre-puberty 1 | epiphyseal growth plate samp,9.983,94.3,1,1,1
GSE18338,Agilent GPL9324,IHH,Pre-puberty 2 | epiphyseal growth plate samp,8.847,84.7,1,1,1
GSE18338,Agilent GPL9324,NPPC,Early puberty 1 | epiphyseal growth plate sa,8.081,67.3,1,1,1
GSE18338,Agilent GPL9324,NPPC,Early puberty 2 | epiphyseal growth plate sa,8.15,69.3,1,1,1
GSE18338,Agilent GPL9324,NPPC,Late puberty 1 | epiphyseal growth plate sam,8.105,67.5,1,1,1
GSE18338,Agilent GPL9324,NPPC,Late puberty 2 | epiphyseal growth plate sam,8.062,66.3,1,1,1
GSE18338,Agilent GPL9324,NPPC,Pre-puberty 1 | epiphyseal growth plate samp,8.165,70.1,1,1,1
GSE18338,Agilent GPL9324,NPPC,Pre-puberty 2 | epiphyseal growth plate samp,8.111,68.1,1,1,1
GSE18338,Agilent GPL9324,NPR2,Early puberty 1 | epiphyseal growth plate sa,8.335,73.4,1,1,1
GSE18338,Agilent GPL9324,NPR2,Early puberty 2 | epiphyseal growth plate sa,8.085,67.6,1,1,1
GSE18338,Agilent GPL9324,NPR2,Late puberty 1 | epiphyseal growth plate sam,7.825,58.9,1,1,1
GSE18338,Agilent GPL9324,NPR2,Late puberty 2 | epiphyseal growth plate sam,8.232,70.7,1,1,1
GSE18338,Agilent GPL9324,NPR2,Pre-puberty 1 | epiphyseal growth plate samp,8.351,74.6,1,1,1
GSE18338,Agilent GPL9324,NPR2,Pre-puberty 2 | epiphyseal growth plate samp,8.539,78.9,1,1,1
GSE18338,Agilent GPL9324,NPR3,Early puberty 1 | epiphyseal growth plate sa,6.753,17.9,0,0,0
GSE18338,Agilent GPL9324,NPR3,Early puberty 2 | epiphyseal growth plate sa,6.714,14.8,0,0,0
GSE18338,Agilent GPL9324,NPR3,Late puberty 1 | epiphyseal growth plate sam,6.634,11.8,0,0,0
GSE18338,Agilent GPL9324,NPR3,Late puberty 2 | epiphyseal growth plate sam,6.644,12.7,0,0,0
GSE18338,Agilent GPL9324,NPR3,Pre-puberty 1 | epiphyseal growth plate samp,6.86,20.1,0,0,0
GSE18338,Agilent GPL9324,NPR3,Pre-puberty 2 | epiphyseal growth plate samp,6.621,10.0,0,0,0
GSE18338,Agilent GPL9324,PDE10A,Early puberty 1 | epiphyseal growth plate sa,6.615,11.8,0,0,0
GSE18338,Agilent GPL9324,PDE10A,Early puberty 2 | epiphyseal growth plate sa,6.511,7.6,0,0,0
GSE18338,Agilent GPL9324,PDE10A,Late puberty 1 | epiphyseal growth plate sam,6.539,8.7,0,0,0
GSE18338,Agilent GPL9324,PDE10A,Late puberty 2 | epiphyseal growth plate sam,6.392,4.8,0,0,0
GSE18338,Agilent GPL9324,PDE10A,Pre-puberty 1 | epiphyseal growth plate samp,6.603,9.6,0,0,0
GSE18338,Agilent GPL9324,PDE10A,Pre-puberty 2 | epiphyseal growth plate samp,6.581,8.7,0,0,0
GSE18338,Agilent GPL9324,PDE11A,Early puberty 1 | epiphyseal growth plate sa,7.085,33.9,0,0,0
GSE18338,Agilent GPL9324,PDE11A,Early puberty 2 | epiphyseal growth plate sa,6.995,27.6,0,0,0
GSE18338,Agilent GPL9324,PDE11A,Late puberty 1 | epiphyseal growth plate sam,6.777,17.9,0,0,0
GSE18338,Agilent GPL9324,PDE11A,Late puberty 2 | epiphyseal growth plate sam,6.801,19.7,0,0,0
GSE18338,Agilent GPL9324,PDE11A,Pre-puberty 1 | epiphyseal growth plate samp,7.042,29.0,0,0,0
GSE18338,Agilent GPL9324,PDE11A,Pre-puberty 2 | epiphyseal growth plate samp,6.892,21.0,0,0,0
GSE18338,Agilent GPL9324,PDE1A,Early puberty 1 | epiphyseal growth plate sa,6.691,15.2,0,0,0
GSE18338,Agilent GPL9324,PDE1A,Early puberty 2 | epiphyseal growth plate sa,6.618,11.2,0,0,0
GSE18338,Agilent GPL9324,PDE1A,Late puberty 1 | epiphyseal growth plate sam,6.681,13.7,0,0,0
GSE18338,Agilent GPL9324,PDE1A,Late puberty 2 | epiphyseal growth plate sam,7.017,29.4,0,0,0
GSE18338,Agilent GPL9324,PDE1A,Pre-puberty 1 | epiphyseal growth plate samp,6.532,7.5,0,0,0
GSE18338,Agilent GPL9324,PDE1A,Pre-puberty 2 | epiphyseal growth plate samp,6.608,9.5,0,0,0
GSE18338,Agilent GPL9324,PDE1B,Early puberty 1 | epiphyseal growth plate sa,7.187,38.4,0,0,0
GSE18338,Agilent GPL9324,PDE1B,Early puberty 2 | epiphyseal growth plate sa,7.277,39.3,0,0,0
GSE18338,Agilent GPL9324,PDE1B,Late puberty 1 | epiphyseal growth plate sam,7.267,38.9,0,0,0
GSE18338,Agilent GPL9324,PDE1B,Late puberty 2 | epiphyseal growth plate sam,6.992,28.4,0,0,0
GSE18338,Agilent GPL9324,PDE1B,Pre-puberty 1 | epiphyseal growth plate samp,7.422,45.9,0,0,0
GSE18338,Agilent GPL9324,PDE1B,Pre-puberty 2 | epiphyseal growth plate samp,7.35,41.3,1,0,0
GSE18338,Agilent GPL9324,PDE1C,Early puberty 1 | epiphyseal growth plate sa,6.598,11.2,0,0,0
GSE18338,Agilent GPL9324,PDE1C,Early puberty 2 | epiphyseal growth plate sa,6.644,12.0,0,0,0
GSE18338,Agilent GPL9324,PDE1C,Late puberty 1 | epiphyseal growth plate sam,6.703,14.6,0,0,0
GSE18338,Agilent GPL9324,PDE1C,Late puberty 2 | epiphyseal growth plate sam,6.667,13.6,0,0,0
GSE18338,Agilent GPL9324,PDE1C,Pre-puberty 1 | epiphyseal growth plate samp,6.656,11.4,0,0,0
GSE18338,Agilent GPL9324,PDE1C,Pre-puberty 2 | epiphyseal growth plate samp,6.728,13.9,0,0,0
GSE18338,Agilent GPL9324,PDE2A,Early puberty 1 | epiphyseal growth plate sa,7.699,56.6,1,1,1
GSE18338,Agilent GPL9324,PDE2A,Early puberty 2 | epiphyseal growth plate sa,8.394,75.2,1,1,1
GSE18338,Agilent GPL9324,PDE2A,Late puberty 1 | epiphyseal growth plate sam,8.68,80.8,1,1,1
GSE18338,Agilent GPL9324,PDE2A,Late puberty 2 | epiphyseal growth plate sam,8.659,80.2,1,1,1
GSE18338,Agilent GPL9324,PDE2A,Pre-puberty 1 | epiphyseal growth plate samp,7.313,41.4,0,0,0
GSE18338,Agilent GPL9324,PDE2A,Pre-puberty 2 | epiphyseal growth plate samp,8.207,70.6,1,1,1
GSE18338,Agilent GPL9324,PDE3A,Early puberty 1 | epiphyseal growth plate sa,6.677,14.5,0,0,0
GSE18338,Agilent GPL9324,PDE3A,Early puberty 2 | epiphyseal growth plate sa,6.568,9.5,0,0,0
GSE18338,Agilent GPL9324,PDE3A,Late puberty 1 | epiphyseal growth plate sam,6.603,10.8,0,0,0
GSE18338,Agilent GPL9324,PDE3A,Late puberty 2 | epiphyseal growth plate sam,6.602,11.1,0,0,0
GSE18338,Agilent GPL9324,PDE3A,Pre-puberty 1 | epiphyseal growth plate samp,6.758,15.4,0,0,0
GSE18338,Agilent GPL9324,PDE3A,Pre-puberty 2 | epiphyseal growth plate samp,6.786,16.2,0,0,0
GSE18338,Agilent GPL9324,PDE3B,Early puberty 1 | epiphyseal growth plate sa,7.412,47.1,1,1,0
GSE18338,Agilent GPL9324,PDE3B,Early puberty 2 | epiphyseal growth plate sa,7.601,51.8,1,1,1
GSE18338,Agilent GPL9324,PDE3B,Late puberty 1 | epiphyseal growth plate sam,7.498,47.9,1,0,0
GSE18338,Agilent GPL9324,PDE3B,Late puberty 2 | epiphyseal growth plate sam,7.756,56.9,1,1,1
GSE18338,Agilent GPL9324,PDE3B,Pre-puberty 1 | epiphyseal growth plate samp,7.762,58.2,1,1,1
GSE18338,Agilent GPL9324,PDE3B,Pre-puberty 2 | epiphyseal growth plate samp,7.595,50.8,1,1,1
GSE18338,Agilent GPL9324,PDE4A,Early puberty 1 | epiphyseal growth plate sa,7.338,44.4,1,0,0
GSE18338,Agilent GPL9324,PDE4A,Early puberty 2 | epiphyseal growth plate sa,7.194,36.1,0,0,0
GSE18338,Agilent GPL9324,PDE4A,Late puberty 1 | epiphyseal growth plate sam,7.222,37.1,0,0,0
GSE18338,Agilent GPL9324,PDE4A,Late puberty 2 | epiphyseal growth plate sam,7.244,39.0,0,0,0
GSE18338,Agilent GPL9324,PDE4A,Pre-puberty 1 | epiphyseal growth plate samp,7.454,47.2,0,0,0
GSE18338,Agilent GPL9324,PDE4A,Pre-puberty 2 | epiphyseal growth plate samp,7.426,44.4,1,0,0
GSE18338,Agilent GPL9324,PDE4B,Early puberty 1 | epiphyseal growth plate sa,8.584,78.5,1,1,1
GSE18338,Agilent GPL9324,PDE4B,Early puberty 2 | epiphyseal growth plate sa,8.361,74.6,1,1,1
GSE18338,Agilent GPL9324,PDE4B,Late puberty 1 | epiphyseal growth plate sam,7.659,53.6,1,1,1
GSE18338,Agilent GPL9324,PDE4B,Late puberty 2 | epiphyseal growth plate sam,7.921,62.3,1,1,1
GSE18338,Agilent GPL9324,PDE4B,Pre-puberty 1 | epiphyseal growth plate samp,9.016,86.0,1,1,1
GSE18338,Agilent GPL9324,PDE4B,Pre-puberty 2 | epiphyseal growth plate samp,8.166,69.6,1,1,1
GSE18338,Agilent GPL9324,PDE4C,Early puberty 1 | epiphyseal growth plate sa,7.211,39.4,1,0,0
GSE18338,Agilent GPL9324,PDE4C,Early puberty 2 | epiphyseal growth plate sa,7.282,39.5,0,0,0
GSE18338,Agilent GPL9324,PDE4C,Late puberty 1 | epiphyseal growth plate sam,7.386,43.7,1,0,0
GSE18338,Agilent GPL9324,PDE4C,Late puberty 2 | epiphyseal growth plate sam,7.275,40.2,0,0,0
GSE18338,Agilent GPL9324,PDE4C,Pre-puberty 1 | epiphyseal growth plate samp,7.329,42.1,0,0,0
GSE18338,Agilent GPL9324,PDE4C,Pre-puberty 2 | epiphyseal growth plate samp,7.333,40.5,1,0,0
GSE18338,Agilent GPL9324,PDE5A,Early puberty 1 | epiphyseal growth plate sa,7.101,34.5,0,0,0
GSE18338,Agilent GPL9324,PDE5A,Early puberty 2 | epiphyseal growth plate sa,7.332,41.6,0,0,0
GSE18338,Agilent GPL9324,PDE5A,Late puberty 1 | epiphyseal growth plate sam,7.207,36.6,0,0,0
GSE18338,Agilent GPL9324,PDE5A,Late puberty 2 | epiphyseal growth plate sam,7.262,39.6,0,0,0
GSE18338,Agilent GPL9324,PDE5A,Pre-puberty 1 | epiphyseal growth plate samp,7.076,30.5,0,0,0
GSE18338,Agilent GPL9324,PDE5A,Pre-puberty 2 | epiphyseal growth plate samp,7.277,37.9,0,0,0
GSE18338,Agilent GPL9324,PDE9A,Early puberty 1 | epiphyseal growth plate sa,7.152,36.9,0,0,0
GSE18338,Agilent GPL9324,PDE9A,Early puberty 2 | epiphyseal growth plate sa,7.81,58.8,1,1,1
GSE18338,Agilent GPL9324,PDE9A,Late puberty 1 | epiphyseal growth plate sam,7.626,52.3,1,1,1
GSE18338,Agilent GPL9324,PDE9A,Late puberty 2 | epiphyseal growth plate sam,8.088,67.0,1,1,1
GSE18338,Agilent GPL9324,PDE9A,Pre-puberty 1 | epiphyseal growth plate samp,7.01,27.4,0,0,0
GSE18338,Agilent GPL9324,PDE9A,Pre-puberty 2 | epiphyseal growth plate samp,7.917,62.2,1,1,1
GSE18338,Agilent GPL9324,SLC16A10,Early puberty 1 | epiphyseal growth plate sa,8.447,75.8,1,1,1
GSE18338,Agilent GPL9324,SLC16A10,Early puberty 2 | epiphyseal growth plate sa,8.242,71.8,1,1,1
GSE18338,Agilent GPL9324,SLC16A10,Late puberty 1 | epiphyseal growth plate sam,7.922,61.9,1,1,1
GSE18338,Agilent GPL9324,SLC16A10,Late puberty 2 | epiphyseal growth plate sam,8.237,70.9,1,1,1
GSE18338,Agilent GPL9324,SLC16A10,Pre-puberty 1 | epiphyseal growth plate samp,8.067,67.5,1,1,1
GSE18338,Agilent GPL9324,SLC16A10,Pre-puberty 2 | epiphyseal growth plate samp,7.349,41.2,1,0,0
GSE18338,Agilent GPL9324,SLC16A2,Early puberty 1 | epiphyseal growth plate sa,7.945,63.8,1,1,1
GSE18338,Agilent GPL9324,SLC16A2,Early puberty 2 | epiphyseal growth plate sa,7.837,59.7,1,1,1
GSE18338,Agilent GPL9324,SLC16A2,Late puberty 1 | epiphyseal growth plate sam,7.432,45.5,1,0,0
GSE18338,Agilent GPL9324,SLC16A2,Late puberty 2 | epiphyseal growth plate sam,7.496,48.1,1,1,0
GSE18338,Agilent GPL9324,SLC16A2,Pre-puberty 1 | epiphyseal growth plate samp,8.421,76.2,1,1,1
GSE18338,Agilent GPL9324,SLC16A2,Pre-puberty 2 | epiphyseal growth plate samp,7.853,60.0,1,1,1
GSE18338,Agilent GPL9324,SLC7A5,Early puberty 1 | epiphyseal growth plate sa,8.493,76.8,1,1,1
GSE18338,Agilent GPL9324,SLC7A5,Early puberty 2 | epiphyseal growth plate sa,8.677,80.9,1,1,1
GSE18338,Agilent GPL9324,SLC7A5,Late puberty 1 | epiphyseal growth plate sam,8.677,80.7,1,1,1
GSE18338,Agilent GPL9324,SLC7A5,Late puberty 2 | epiphyseal growth plate sam,8.207,70.2,1,1,1
GSE18338,Agilent GPL9324,SLC7A5,Pre-puberty 1 | epiphyseal growth plate samp,8.313,73.7,1,1,1
GSE18338,Agilent GPL9324,SLC7A5,Pre-puberty 2 | epiphyseal growth plate samp,8.671,81.5,1,1,1
GSE18338,Agilent GPL9324,SLCO1C1,Early puberty 1 | epiphyseal growth plate sa,7.0,29.9,0,0,0
GSE18338,Agilent GPL9324,SLCO1C1,Early puberty 2 | epiphyseal growth plate sa,7.377,43.6,1,0,0
GSE18338,Agilent GPL9324,SLCO1C1,Late puberty 1 | epiphyseal growth plate sam,7.892,60.9,1,1,1
GSE18338,Agilent GPL9324,SLCO1C1,Late puberty 2 | epiphyseal growth plate sam,8.037,65.5,1,1,1
GSE18338,Agilent GPL9324,SLCO1C1,Pre-puberty 1 | epiphyseal growth plate samp,6.95,24.5,0,0,0
GSE18338,Agilent GPL9324,SLCO1C1,Pre-puberty 2 | epiphyseal growth plate samp,7.339,40.7,1,0,0
GSE18338,Agilent GPL9324,SOX9,Early puberty 1 | epiphyseal growth plate sa,10.985,97.8,1,1,1
GSE18338,Agilent GPL9324,SOX9,Early puberty 2 | epiphyseal growth plate sa,10.204,95.8,1,1,1
GSE18338,Agilent GPL9324,SOX9,Late puberty 1 | epiphyseal growth plate sam,8.728,81.6,1,1,1
GSE18338,Agilent GPL9324,SOX9,Late puberty 2 | epiphyseal growth plate sam,9.462,91.0,1,1,1
GSE18338,Agilent GPL9324,SOX9,Pre-puberty 1 | epiphyseal growth plate samp,11.348,98.5,1,1,1
GSE18338,Agilent GPL9324,SOX9,Pre-puberty 2 | epiphyseal growth plate samp,11.41,98.9,1,1,1
GSE18338,Agilent GPL9324,THRA,Early puberty 1 | epiphyseal growth plate sa,7.459,48.6,1,1,0
GSE18338,Agilent GPL9324,THRA,Early puberty 2 | epiphyseal growth plate sa,7.435,45.8,1,0,0
GSE18338,Agilent GPL9324,THRA,Late puberty 1 | epiphyseal growth plate sam,7.337,41.8,1,0,0
GSE18338,Agilent GPL9324,THRA,Late puberty 2 | epiphyseal growth plate sam,7.351,43.0,1,0,0
GSE18338,Agilent GPL9324,THRA,Pre-puberty 1 | epiphyseal growth plate samp,7.601,52.9,1,0,1
GSE18338,Agilent GPL9324,THRA,Pre-puberty 2 | epiphyseal growth plate samp,7.707,54.9,1,1,1
GSE18338,Agilent GPL9324,THRB,Early puberty 1 | epiphyseal growth plate sa,9.679,92.1,1,1,1
GSE18338,Agilent GPL9324,THRB,Early puberty 2 | epiphyseal growth plate sa,8.848,83.8,1,1,1
GSE18338,Agilent GPL9324,THRB,Late puberty 1 | epiphyseal growth plate sam,8.573,78.7,1,1,1
GSE18338,Agilent GPL9324,THRB,Late puberty 2 | epiphyseal growth plate sam,8.837,83.3,1,1,1
GSE18338,Agilent GPL9324,THRB,Pre-puberty 1 | epiphyseal growth plate samp,9.496,91.1,1,1,1
GSE18338,Agilent GPL9324,THRB,Pre-puberty 2 | epiphyseal growth plate samp,9.2,89.6,1,1,1
