group,gene,n_probe_sets,n_probe_sets_detected,gene_detected,compartments_detected,one_donor_only,representative_probe,d1_max_zone,d2_max_zone,concordant,d1_fold_range,d2_fold_range,probe_sets_disagree_on_detection
A:g_l11path_023,DIO1,1,0,0,none,,206457_s_at,PHZ,PZ,1,1.26,1.84,0
A:g_l11path_023,DIO2,5,1,1,RZ;PZ;PC,PHZ;HZ,203700_s_at,RZ,RZ,1,4.61,1.72,1
A:g_l11path_023,DIO3,1,0,0,none,,207154_at,RZ,PZ,1,6.17,4.87,0
A:g_l11path_023,SLC16A10,3,0,0,none,HZ,222939_s_at,HZ,HZ,1,1.88,26.55,0
A:g_l11path_023,SLC16A2,1,0,0,none,PZ,204462_s_at,HZ,PZ,0,2.74,1.42,0
A:g_l11path_023,SLC7A5,1,1,1,RZ;PZ;PHZ;HZ,,201195_s_at,PHZ,PHZ,1,2.53,1.46,0
A:g_l11path_023,SLC7A8,5,2,1,RZ;PZ;PC,PHZ;HZ,216092_s_at,PZ,PHZ,1,1.52,1.4,1
A:g_l11path_023,SLCO1C1,2,0,0,none,PZ;HZ,220460_at,RZ,PZ,1,3.96,1.33,0
A:g_l11path_023,THRA,7,3,1,RZ;PZ;PHZ;HZ;PC,,31637_s_at,PZ,RZ,1,8.5,3.65,1
A:g_l11path_023,THRB,3,2,1,RZ;PZ;PHZ;HZ;PC,,228716_at,HZ,HZ,1,10.83,2.24,1
A:g_l3core_006,PDE10A,3,0,0,none,RZ,205501_at,PHZ,RZ,0,4.33,3.76,0
A:g_l3core_006,PDE11A,4,0,0,none,,224224_s_at,HZ,PHZ,1,4.27,2.87,0
A:g_l3core_006,PDE1A,7,0,0,none,PC,208396_s_at,RZ,PZ,1,7.29,3.68,0
A:g_l3core_006,PDE1B,1,0,0,none,,206444_at,PZ,PHZ,1,6.94,9.74,0
A:g_l3core_006,PDE1C,6,0,0,none,PHZ;HZ;PC,216869_at,HZ,HZ,1,47.98,4.22,0
A:g_l3core_006,PDE2A,1,1,1,RZ;PC,PZ;PHZ;HZ,204134_at,RZ,HZ,0,55.61,2.27,0
A:g_l3core_006,PDE3A,4,1,1,PC,RZ,228507_at,RZ,RZ,1,5.81,2.73,1
A:g_l3core_006,PDE3B,3,0,0,none,PHZ,214582_at,PHZ,PHZ,1,2.18,1.61,0
A:g_l3core_006,PDE4A,5,1,1,RZ;PZ;PHZ;HZ;PC,,204735_at,PZ,PZ,1,1.79,1.56,1
A:g_l3core_006,PDE4B,3,1,1,RZ;PZ;PHZ;HZ,PC,203708_at,PZ,PZ,1,2.41,3.44,1
A:g_l3core_006,PDE4C,4,2,1,RZ;PZ;PHZ;HZ;PC,,206792_x_at,PZ,HZ,0,1.29,1.91,1
A:g_l3core_006,PDE4D,6,1,1,HZ,PZ;PHZ,204491_at,HZ,HZ,1,3.03,2.15,1
A:g_l3core_006,PDE5A,8,0,0,none,PHZ;PC,227088_at,RZ,HZ,0,18.41,21.73,0
A:g_l3core_006,PDE7A,6,1,1,HZ;PC,RZ;PZ;PHZ,1552343_s_at,HZ,HZ,1,22.47,5.81,1
A:g_l3core_006,PDE7B,3,0,0,none,PZ;PHZ;HZ;PC,243438_at,PZ,PZ,1,41.33,3.56,0
A:g_l3core_006,PDE8A,4,2,1,PZ;PHZ;PC,RZ;HZ,212522_at,PHZ,PZ,1,2.8,2.29,1
A:g_l3core_006,PDE8B,3,0,0,none,PHZ;HZ;PC,213228_at,HZ,PHZ,1,7.56,2.01,0
A:g_l3core_006,PDE9A,2,0,0,none,PHZ;HZ;PC,205593_s_at,RZ,PHZ,0,3.37,2.95,0
A:g_l3rest_007,DKK1,1,1,1,PZ;PHZ;HZ,RZ;PC,204602_at,HZ,RZ,0,30.65,2.48,0
A:g_l3rest_007,DKK2,2,0,0,none,,224199_at,PZ,PHZ,1,5.12,1.71,0
A:g_l3rest_007,FRZB,4,2,1,RZ;PZ;PC,PHZ;HZ,203697_at,RZ,RZ,1,4.02,21.21,1
A:g_l3rest_007,LRP5,2,0,0,none,PZ,229591_at,RZ,RZ,1,2.45,3.08,0
A:g_l3rest_007,LRP6,3,1,1,PHZ;HZ;PC,RZ;PZ,225745_at,HZ,HZ,1,3.86,1.75,1
A:g_l3rest_007,SFRP1,4,1,1,RZ,PZ;PHZ;HZ;PC,202037_s_at,RZ,RZ,1,4.33,2.84,1
A:g_l3rest_007,SFRP2,2,1,1,PC,RZ,223122_s_at,RZ,PZ,1,4.04,19.01,1
A:g_l3rest_007,SFRP4,2,1,1,RZ;HZ,PZ;PHZ;PC,204051_s_at,HZ,PHZ,1,4.26,1.44,1
A:g_l3rest_007,SOST,1,0,0,none,RZ;PZ;PHZ;HZ,223869_at,HZ,PHZ,1,5.94,2.65,0
A:g_l3rest_007,WIF1,1,0,0,none,RZ;PZ;PHZ;HZ,204712_at,PZ,HZ,0,6.38,1.47,0
A:g_l3rest_009,DLL1,2,1,1,RZ;PHZ,PZ;HZ;PC,224215_s_at,PHZ,PZ,1,24.93,2.25,1
A:g_l3rest_009,DLL3,4,0,0,none,,222898_s_at,HZ,RZ,0,2.92,2.14,0
A:g_l3rest_009,DLL4,1,0,0,none,,223525_at,RZ,PZ,1,1.83,4.52,0
A:g_l3rest_009,HES1,3,2,1,RZ,PZ;PHZ;HZ;PC,203395_s_at,RZ,HZ,0,4.99,1.78,1
A:g_l3rest_009,HES5,1,0,0,none,RZ;PZ;PHZ;HZ;PC,239230_at,HZ,RZ,0,14.86,1.58,0
A:g_l3rest_009,HEY1,2,2,1,RZ;PZ;PC,PHZ;HZ,44783_s_at,RZ,PHZ,0,15.34,1.62,0
A:g_l3rest_009,HEY2,2,2,1,RZ;PZ;PHZ;HZ;PC,,222921_s_at,PZ,HZ,0,2.25,1.76,0
A:g_l3rest_009,JAG1,5,2,1,RZ;PC,PZ;PHZ;HZ,216268_s_at,RZ,PHZ,0,25.84,1.18,1
A:g_l3rest_009,JAG2,2,2,1,RZ;PZ;PHZ;HZ;PC,,32137_at,RZ,PHZ,0,5.2,1.33,0
A:g_l3rest_009,NOTCH1,2,1,1,RZ;PC,PZ;PHZ;HZ,218902_at,RZ,HZ,0,9.62,2.3,1
A:g_l3rest_009,NOTCH2,5,2,1,RZ;PZ;PHZ;HZ;PC,,202443_x_at,RZ,RZ,1,2.52,1.15,1
A:g_l3rest_009,NOTCH3,2,1,1,RZ;PC,PZ;PHZ;HZ,203238_s_at,RZ,PHZ,0,109.65,1.19,1
A:g_l3rest_009,NOTCH4,2,0,0,none,RZ;PZ;PHZ;HZ;PC,205247_at,RZ,PZ,1,3.81,1.29,0
A:g_l3rest_009,PSEN1,7,2,1,RZ;PZ;PHZ;HZ;PC,,203460_s_at,RZ,HZ,0,7.16,1.4,1
A:g_l3rest_009,RBPJ,3,2,1,RZ;PZ;PHZ;HZ;PC,,211974_x_at,RZ,PZ,1,1.8,1.11,1
A:g_l4endo_003,HSD11B1,1,0,0,none,PC,205404_at,RZ,RZ,1,1.68,9.45,0
A:g_l4endo_003,HSD11B2,1,0,0,none,RZ;PC,204130_at,PZ,RZ,1,3.06,2.57,0
A:g_l4endo_003,NR3C1,5,4,1,RZ;PZ;PHZ;HZ;PC,,201865_x_at,HZ,HZ,1,2.9,4.22,1
A:g_l4endo_003,NR3C2,1,0,0,none,PC,205259_at,HZ,PHZ,1,8.41,11.59,0
A:g_l4endo_009,IGF1,5,0,0,none,RZ;PZ;PHZ;HZ;PC,209540_at,PHZ,PHZ,1,8.32,2.34,0
A:g_l4endo_009,IGF1R,5,2,1,RZ;PZ;PHZ;HZ;PC,,225330_at,PZ,PZ,1,2.64,1.67,1
A:g_l4endo_009,IGF2,3,1,1,RZ;PZ;PHZ;HZ;PC,,202409_at,PHZ,PZ,1,3.53,1.4,1
A:g_l4endo_009,IGF2R,2,1,1,HZ;PC,RZ;PZ;PHZ,201393_s_at,HZ,HZ,1,15.1,1.61,1
A:g_l4endo_009,IGFBP1,2,0,0,none,,205302_at,RZ,RZ,1,4.57,3.04,0
A:g_l4endo_009,IGFBP2,1,0,0,none,RZ;PZ;PHZ;HZ,202718_at,RZ,PHZ,0,10.42,1.4,0
A:g_l4endo_009,IGFBP3,2,1,1,RZ;PHZ;HZ;PC,PZ,210095_s_at,HZ,RZ,0,266.47,1.93,1
A:g_l4endo_009,IGFBP4,1,1,1,RZ;HZ;PC,PZ;PHZ,201508_at,RZ,HZ,0,131.38,1.33,0
A:g_l4endo_009,IGFBP5,6,3,1,RZ;HZ;PC,PZ;PHZ,211959_at,RZ,PZ,1,677.31,1.58,1
A:g_l4endo_009,IGFBP6,1,1,1,RZ;PC,PZ;PHZ;HZ,203851_at,RZ,PZ,1,5.87,1.22,0
A:g_l4endo_009,IGFBP7,3,2,1,RZ;HZ;PC,PZ;PHZ,201162_at,RZ,RZ,1,585.75,1.4,1
A:g_l4endo_009,PAPPA,11,1,1,RZ,PZ;PHZ;HZ,228128_x_at,HZ,PZ,0,4.67,2.32,1
A:g_l4endo_009,PAPPA2,4,1,1,PHZ;HZ;PC,RZ;PZ,228237_at,PHZ,PHZ,1,2.89,6.48,1
A:g_l4endo_009,STC1,3,1,1,RZ;PHZ;HZ;PC,PZ,204595_s_at,RZ,RZ,1,3.75,1.31,1
A:g_l4endo_009,STC2,2,2,1,PZ;PHZ;HZ,RZ;PC,203439_s_at,HZ,HZ,1,23.32,12.45,0
A:g_l6mech_007,PIEZO1,3,1,1,RZ;PZ;PHZ;HZ;PC,,202771_at,HZ,RZ,0,3.1,1.91,1
A:g_l6mech_007,PIEZO2,6,0,0,none,RZ;PZ;PHZ,1562488_at,HZ,PHZ,1,1.89,1.57,0
A:g_l6mech_007,TRPV4,1,1,1,PZ;PHZ;HZ,RZ,219516_at,PZ,PZ,1,3.12,1.78,0
B:ANKH_vs_ENPP1,ALPL,2,1,1,PHZ;HZ,RZ;PZ,215783_s_at,HZ,HZ,1,28.5,1.99,1
B:ANKH_vs_ENPP1,ANKH,7,3,1,RZ;PZ;PHZ;PC,HZ,223092_at,PZ,RZ,1,15.12,1.27,1
B:ANKH_vs_ENPP1,ENPP1,4,3,1,RZ;PZ;PHZ;HZ;PC,,229088_at,PZ,PZ,1,7.72,2.11,1
B:ANKH_vs_ENPP1,ENPP2,2,1,1,RZ;PZ;PHZ;HZ;PC,,209392_at,PHZ,PZ,1,2.38,1.42,1
B:ANKH_vs_ENPP1,ENPP3,2,0,0,none,PZ,232737_s_at,PZ,RZ,1,16.33,2.28,0
B:ANKH_vs_ENPP1,PHOSPHO1,1,0,0,none,,236218_at,PZ,PZ,1,1.96,3.35,0
B:FGFR_family,FGF18,6,0,0,none,RZ,231382_at,RZ,RZ,1,8.68,11.93,0
B:FGFR_family,FGF2,2,0,0,none,,204421_s_at,PZ,RZ,1,2.24,3.99,0
B:FGFR_family,FGF9,2,1,1,PC,RZ,206404_at,RZ,PHZ,0,8.24,7.32,1
B:FGFR_family,FGFR1,7,5,1,RZ;PZ;PHZ;HZ;PC,,211535_s_at,PZ,HZ,0,3.21,2.13,1
B:FGFR_family,FGFR2,11,2,1,PZ;HZ,RZ;PHZ;PC,208228_s_at,HZ,HZ,1,7.54,1.51,1
B:FGFR_family,FGFR3,2,1,1,RZ;PZ;PHZ;HZ;PC,,204379_s_at,HZ,PZ,0,9.2,1.24,1
B:FGFR_family,FGFR4,4,1,1,RZ;PZ;PHZ;HZ,,204579_at,PHZ,RZ,0,3.82,10.28,1
B:IGF1R_vs_INSR,IGF1R,5,2,1,RZ;PZ;PHZ;HZ;PC,,225330_at,PZ,PZ,1,2.64,1.67,1
B:IGF1R_vs_INSR,INSR,5,2,1,RZ;PZ;PHZ;HZ;PC,,213792_s_at,PZ,HZ,0,1.79,2.95,1
B:IGF1R_vs_INSR,IRS1,3,1,1,PZ;PHZ;HZ,RZ;PC,204686_at,PHZ,PZ,1,7.54,2.43,1
B:IGF1R_vs_INSR,IRS2,2,2,1,RZ;PZ;PHZ;HZ;PC,,209184_s_at,PZ,RZ,1,2.18,1.62,0
B:NPR_family,NPPB,1,0,0,none,,206801_at,RZ,PHZ,0,7.79,11.22,0
B:NPR_family,NPPC,1,0,0,none,,221348_at,HZ,PHZ,1,2.44,2.0,0
B:NPR_family,NPR1,2,1,1,RZ,PZ;HZ;PC,32625_at,RZ,RZ,1,23.42,1.79,1
B:NPR_family,NPR2,2,2,1,PZ;PHZ;HZ,RZ;PC,214066_x_at,PHZ,HZ,1,4.6,2.09,0
B:NPR_family,NPR3,3,1,1,HZ,PHZ,219054_at,HZ,HZ,1,27.41,10.14,1
B:PRKG1_vs_PRKG2,PRKG1,3,1,1,RZ;PHZ;HZ;PC,PZ,228396_at,HZ,HZ,1,17.55,2.71,1
B:PRKG1_vs_PRKG2,PRKG2,1,1,1,PHZ;HZ,PZ,207505_at,HZ,PHZ,1,3.04,69.33,0
B:PTH_IHH_axis,GLI1,1,1,1,RZ;PZ;PHZ;HZ;PC,,206646_at,PZ,RZ,1,2.58,1.4,0
B:PTH_IHH_axis,GLI2,3,1,1,RZ;PZ;PHZ;HZ;PC,,228537_at,RZ,RZ,1,2.51,3.02,1
B:PTH_IHH_axis,GLI3,3,2,1,RZ;PHZ;HZ;PC,PZ,227376_at,PHZ,PZ,1,3.61,1.3,1
B:PTH_IHH_axis,IHH,2,2,1,PHZ;HZ,RZ;PZ,229358_at,HZ,HZ,1,148.2,35.94,0
B:PTH_IHH_axis,PTCH1,4,3,1,PZ;PHZ;HZ;PC,RZ,209815_at,PZ,PZ,1,12.71,3.3,1
B:PTH_IHH_axis,PTH1R,1,1,1,RZ;PZ;PHZ;HZ;PC,,205911_at,HZ,PHZ,1,16.64,1.73,0
B:PTH_IHH_axis,PTH2R,1,0,0,none,,206772_at,HZ,PZ,0,7.94,13.35,0
B:PTH_IHH_axis,PTHLH,3,0,0,none,,210355_at,HZ,RZ,0,21.1,9.0,0
B:PTH_IHH_axis,SMO,1,1,1,RZ;PHZ;HZ;PC,PZ,218629_at,RZ,PHZ,0,1.76,2.13,0
B:SOX_trio,SOX5,4,1,1,PZ;HZ,RZ;PHZ,238009_at,PZ,PZ,1,2.77,2.18,1
B:SOX_trio,SOX6,8,3,1,PZ;PHZ;HZ;PC,RZ,227497_at,HZ,HZ,1,7.22,1.7,1
B:SOX_trio,SOX9,2,2,1,RZ;PZ;PHZ;HZ;PC,,202936_s_at,HZ,PZ,0,2.0,2.29,0
B:steroid_receptors,AR,4,3,1,RZ;PHZ;PC,PZ;HZ,226192_at,RZ,RZ,1,145.21,6.78,1
B:steroid_receptors,CYP19A1,7,0,0,none,PC,240705_at,RZ,HZ,0,2.63,3.46,0
B:steroid_receptors,ESR1,9,1,1,RZ;PZ;PHZ;PC,HZ,205225_at,PZ,PZ,1,3.45,1.98,1
B:steroid_receptors,ESR2,6,0,0,none,PZ,210780_at,PZ,HZ,0,2.69,1.42,0
B:steroid_receptors,GPER1,2,1,1,PHZ,RZ;PZ;HZ;PC,210640_s_at,PHZ,RZ,0,15.65,1.25,1
