group,gene,probe_set,d1_RZ,d1_RZ_rel,d1_RZ_det,d1_PZ,d1_PZ_rel,d1_PZ_det,d1_PHZ,d1_PHZ_rel,d1_PHZ_det,d1_HZ,d1_HZ_rel,d1_HZ_det,d1_PC,d1_PC_rel,d1_PC_det,d1_max_zone,d1_fold_range,d2_RZ,d2_RZ_rel,d2_RZ_det,d2_PZ,d2_PZ_rel,d2_PZ_det,d2_PHZ,d2_PHZ_rel,d2_PHZ_det,d2_HZ,d2_HZ_rel,d2_HZ_det,d2_PC,d2_PC_rel,d2_PC_det,d2_max_zone,d2_fold_range,concordant_max_zone,same_max_zone,RZ_verdict,PZ_verdict,PHZ_verdict,HZ_verdict,PC_verdict,detected_any_compartment
A:g_l3core_006,PDE1A,1558680_s_at,38.2,0.461,0,52.1,0.629,0,51.3,0.619,0,128.5,1.55,0,144.4,1.742,0,HZ,3.36,37.9,1.45,0,10.1,0.387,0,56.0,2.141,0,16.3,0.625,0,10.4,0.397,0,PHZ,5.53,1,0,not_detected,not_detected,not_detected,not_detected,not_detected,0
A:g_l3core_006,PDE1A,208396_s_at,578.8,2.097,0,110.2,0.399,0,79.3,0.287,0,170.2,0.617,0,441.6,1.6,0,RZ,7.29,102.0,0.253,0,147.4,0.365,0,80.1,0.198,0,40.0,0.099,0,1648.2,4.084,1,PZ,3.68,1,0,not_detected,not_detected,not_detected,not_detected,one_donor_only,0
A:g_l3core_006,PDE1A,231213_at,501.3,1.32,0,76.0,0.2,0,143.9,0.379,0,31.2,0.082,0,1145.9,3.018,1,RZ,16.09,69.7,0.627,0,118.1,1.064,0,106.3,0.958,0,101.5,0.914,0,159.5,1.436,0,PZ,1.7,1,0,not_detected,not_detected,not_detected,not_detected,one_donor_only,0
A:g_l3core_006,PDE1A,233547_x_at,305.6,1.542,0,139.2,0.702,0,89.5,0.452,0,240.6,1.214,0,216.1,1.09,0,RZ,3.41,27.7,0.223,0,35.9,0.289,0,103.8,0.835,0,114.4,0.921,0,339.2,2.731,0,HZ,4.13,0,0,not_detected,not_detected,not_detected,not_detected,not_detected,0
A:g_l3core_006,PDE1A,233549_at,243.1,0.924,0,92.0,0.349,0,464.1,1.763,0,285.4,1.084,0,231.6,0.88,0,PHZ,5.05,112.1,1.247,0,7.9,0.088,0,119.3,1.327,0,184.2,2.05,0,25.9,0.288,0,HZ,23.24,1,0,not_detected,not_detected,not_detected,not_detected,not_detected,0
A:g_l3core_006,PDE1A,236234_at,26.3,0.359,0,102.3,1.399,0,89.6,1.226,0,99.3,1.358,0,48.1,0.658,0,PZ,3.9,68.5,0.972,0,33.5,0.475,0,18.0,0.256,0,11.0,0.156,0,221.2,3.141,0,RZ,6.22,1,0,not_detected,not_detected,not_detected,not_detected,not_detected,0
A:g_l3core_006,PDE1A,242789_at,316.0,1.816,0,102.1,0.587,0,220.1,1.264,0,151.8,0.872,0,80.2,0.461,0,RZ,3.1,97.3,0.927,0,48.9,0.466,0,147.9,1.409,0,107.1,1.02,0,123.6,1.178,0,PHZ,3.02,0,0,not_detected,not_detected,not_detected,not_detected,not_detected,0
A:g_l3core_006,PDE1B,206444_at,57.5,0.397,0,399.7,2.756,0,80.3,0.553,0,125.0,0.862,0,62.5,0.431,0,PZ,6.94,57.0,0.598,0,118.5,1.243,0,205.7,2.158,0,21.1,0.222,0,74.3,0.78,0,PHZ,9.74,1,0,not_detected,not_detected,not_detected,not_detected,not_detected,0
A:g_l3core_006,PDE1C,1554378_a_at,77.7,1.306,0,133.4,2.243,0,20.2,0.339,0,40.4,0.679,0,25.7,0.432,0,PZ,6.61,19.2,0.592,0,52.9,1.631,0,11.1,0.341,0,61.0,1.88,0,18.0,0.556,0,HZ,5.51,0,0,not_detected,not_detected,not_detected,not_detected,not_detected,0
A:g_l3core_006,PDE1C,207303_at,82.9,0.169,0,529.9,1.083,0,560.5,1.145,0,393.3,0.804,0,880.6,1.799,1,PHZ,6.76,82.9,0.622,0,132.7,0.995,0,241.5,1.81,0,136.3,1.022,0,73.5,0.551,0,PHZ,2.91,1,1,not_detected,not_detected,not_detected,not_detected,one_donor_only,0
A:g_l3core_006,PDE1C,216869_at,421.9,0.697,0,29.8,0.049,0,568.4,0.938,0,1432.0,2.364,1,576.4,0.952,0,HZ,47.98,66.3,1.243,0,25.1,0.471,0,41.5,0.777,0,106.0,1.987,0,27.8,0.521,0,HZ,4.22,1,1,not_detected,not_detected,not_detected,one_donor_only,not_detected,0
A:g_l3core_006,PDE1C,236344_at,486.7,0.804,0,236.7,0.391,0,1189.0,1.965,1,532.6,0.88,0,581.0,0.96,0,PHZ,5.02,324.5,1.142,0,160.9,0.566,0,330.7,1.163,0,191.7,0.674,0,413.4,1.454,0,PHZ,2.06,1,1,not_detected,not_detected,one_donor_only,not_detected,not_detected,0
A:g_l3core_006,PDE1C,239218_at,302.2,2.652,0,42.9,0.377,0,35.3,0.31,0,109.3,0.959,0,80.0,0.702,0,RZ,8.56,8.9,0.039,0,111.1,0.489,0,97.5,0.43,0,155.4,0.685,0,761.8,3.357,1,HZ,17.49,0,0,not_detected,not_detected,not_detected,not_detected,one_donor_only,0
A:g_l3core_006,PDE1C,243564_at,195.4,1.359,0,161.3,1.121,0,193.7,1.347,0,77.4,0.538,0,91.3,0.635,0,RZ,2.53,9.3,0.306,0,24.9,0.823,0,22.6,0.747,0,27.4,0.907,0,67.1,2.217,0,HZ,2.96,0,0,not_detected,not_detected,not_detected,not_detected,not_detected,0
A:g_l3core_006,PDE2A,204134_at,3945.7,2.627,1,71.0,0.047,0,462.8,0.308,0,521.2,0.347,0,2507.9,1.67,1,RZ,55.61,598.8,0.33,1,747.9,0.412,1,1190.8,0.656,1,1358.6,0.748,1,5185.1,2.855,1,HZ,2.27,0,0,detected,one_donor_only,one_donor_only,one_donor_only,detected,1
A:g_l3core_006,PDE3A,206388_at,224.3,0.904,0,276.7,1.115,0,142.9,0.576,0,184.9,0.745,0,412.5,1.661,0,PZ,1.94,104.0,1.602,0,38.8,0.598,0,46.8,0.72,0,38.4,0.592,0,96.7,1.488,0,RZ,2.71,1,0,not_detected,not_detected,not_detected,not_detected,not_detected,0
A:g_l3core_006,PDE3A,206389_s_at,271.5,1.912,0,17.3,0.122,0,23.5,0.166,0,25.1,0.177,0,372.7,2.624,0,RZ,15.73,19.2,0.55,0,12.1,0.348,0,53.3,1.528,0,9.3,0.266,0,80.5,2.307,0,PHZ,5.74,0,0,not_detected,not_detected,not_detected,not_detected,not_detected,0
A:g_l3core_006,PDE3A,228507_at,562.6,1.287,0,96.8,0.221,0,531.7,1.216,0,151.2,0.346,0,844.2,1.93,1,RZ,5.81,342.1,1.253,1,189.8,0.695,0,175.4,0.643,0,125.3,0.459,0,532.2,1.95,1,RZ,2.73,1,1,one_donor_only,not_detected,not_detected,not_detected,detected,1
A:g_l3core_006,PDE3A,236300_at,328.2,0.967,0,269.9,0.795,0,548.2,1.615,0,289.8,0.854,0,260.8,0.768,0,PHZ,2.03,267.6,1.187,0,251.3,1.115,0,85.6,0.38,0,172.9,0.767,0,349.8,1.551,0,RZ,3.13,0,0,not_detected,not_detected,not_detected,not_detected,not_detected,0
A:g_l3core_006,PDE3B,208591_s_at,299.7,0.663,0,386.9,0.855,0,566.0,1.251,0,576.4,1.274,0,432.9,0.957,0,HZ,1.92,174.5,0.864,0,121.4,0.601,0,205.7,1.019,0,178.1,0.882,0,329.7,1.633,0,PHZ,1.69,1,0,not_detected,not_detected,not_detected,not_detected,not_detected,0
A:g_l3core_006,PDE3B,214582_at,392.7,0.8,0,363.8,0.741,0,793.8,1.617,1,404.3,0.823,0,500.6,1.019,0,PHZ,2.18,201.6,1.17,0,142.6,0.827,0,217.2,1.26,0,135.0,0.783,0,165.5,0.96,0,PHZ,1.61,1,1,not_detected,not_detected,one_donor_only,not_detected,not_detected,0
A:g_l3core_006,PDE3B,222317_at,95.5,2.726,0,6.6,0.187,0,27.4,0.783,0,10.7,0.304,0,35.0,1.0,0,RZ,14.54,60.3,1.468,0,3.5,0.086,0,71.1,1.731,0,2.1,0.05,0,68.4,1.665,0,PHZ,34.48,0,0,not_detected,not_detected,not_detected,not_detected,not_detected,0
A:g_l3core_006,PDE4A,204735_at,2787.9,0.936,1,4257.1,1.43,1,3204.9,1.076,1,2377.9,0.799,1,2258.1,0.758,1,PZ,1.79,1662.2,0.758,1,2597.4,1.184,1,2128.8,0.97,1,1752.3,0.799,1,2827.9,1.289,1,PZ,1.56,1,1,detected,detected,detected,detected,detected,1
A:g_l3core_006,PDE4A,211447_s_at,177.1,1.416,0,186.6,1.492,0,182.0,1.455,0,49.2,0.394,0,30.4,0.243,0,PZ,3.79,12.6,0.241,0,98.3,1.879,0,43.6,0.834,0,90.3,1.728,0,16.6,0.317,0,PZ,7.78,1,1,not_detected,not_detected,not_detected,not_detected,not_detected,0
A:g_l3core_006,PDE4A,211591_s_at,39.1,0.73,0,29.4,0.549,0,52.2,0.974,0,67.4,1.258,0,79.8,1.489,0,HZ,2.29,25.3,0.539,0,51.0,1.086,0,88.8,1.889,0,25.2,0.536,0,44.7,0.95,0,PHZ,3.52,1,0,not_detected,not_detected,not_detected,not_detected,not_detected,0
A:g_l3core_006,PDE4A,211901_s_at,60.2,0.932,0,90.3,1.398,0,31.4,0.486,0,45.2,0.7,0,95.9,1.484,0,PZ,2.88,116.9,2.463,0,27.4,0.576,0,52.2,1.1,0,23.2,0.488,0,17.7,0.372,0,RZ,5.05,1,0,not_detected,not_detected,not_detected,not_detected,not_detected,0
A:g_l3core_006,PDE4A,242435_at,148.9,0.867,0,215.5,1.255,0,52.4,0.305,0,110.2,0.642,0,332.0,1.932,0,PZ,4.11,128.2,1.314,0,24.2,0.248,0,147.6,1.513,0,121.7,1.247,0,66.0,0.677,0,PHZ,6.09,1,0,not_detected,not_detected,not_detected,not_detected,not_detected,0
A:g_l3core_006,PDE4B,203708_at,866.7,0.564,1,2091.7,1.36,1,1123.1,0.73,1,1308.6,0.851,1,2299.3,1.495,1,PZ,2.41,1574.0,1.824,1,1591.8,1.845,1,596.6,0.691,1,463.0,0.537,1,88.9,0.103,0,PZ,3.44,1,1,detected,detected,detected,detected,one_donor_only,1
A:g_l3core_006,PDE4B,211302_s_at,348.2,1.136,0,235.4,0.768,0,192.5,0.628,0,420.8,1.372,0,336.3,1.097,0,HZ,2.19,199.1,1.769,0,86.6,0.769,0,101.0,0.897,0,158.0,1.404,0,18.2,0.161,0,RZ,2.3,0,0,not_detected,not_detected,not_detected,not_detected,not_detected,0
A:g_l3core_006,PDE4B,215671_at,66.6,0.496,0,20.4,0.152,0,127.3,0.948,0,160.3,1.193,0,296.9,2.211,0,HZ,7.86,135.4,0.947,0,96.6,0.676,0,61.7,0.432,0,149.7,1.047,0,271.4,1.898,0,HZ,2.43,1,1,not_detected,not_detected,not_detected,not_detected,not_detected,0
A:g_l3core_006,PDE4C,206791_s_at,675.6,1.173,0,444.8,0.773,0,408.1,0.709,0,748.1,1.299,1,602.0,1.046,0,HZ,1.83,344.4,0.975,1,177.6,0.503,0,323.0,0.914,0,355.1,1.005,1,566.6,1.604,1,HZ,2.0,1,1,one_donor_only,not_detected,not_detected,detected,one_donor_only,1
A:g_l3core_006,PDE4C,206792_x_at,44675.8,1.0,1,48204.6,1.079,1,37371.8,0.836,1,45044.9,1.008,1,48110.8,1.077,1,PZ,1.29,9133.1,0.635,1,7840.6,0.545,1,8372.9,0.582,1,14985.8,1.041,1,31628.5,2.198,1,HZ,1.91,0,0,detected,detected,detected,detected,detected,1
A:g_l3core_006,PDE4C,211818_s_at,184.0,0.686,0,264.9,0.988,0,342.7,1.278,0,97.1,0.362,0,452.4,1.687,0,PHZ,3.53,125.6,0.955,0,185.3,1.409,0,108.8,0.827,0,36.6,0.278,0,201.2,1.53,0,PZ,5.06,1,0,not_detected,not_detected,not_detected,not_detected,not_detected,0
A:g_l3core_006,PDE4C,231478_at,1012.5,3.038,1,117.1,0.351,0,121.2,0.364,0,151.7,0.455,0,263.8,0.792,0,RZ,8.65,108.1,0.252,0,78.0,0.182,0,21.6,0.05,0,26.8,0.063,0,1906.9,4.452,1,RZ,5.01,1,1,one_donor_only,not_detected,not_detected,not_detected,one_donor_only,0
A:g_l3core_006,PDE4D,1554717_a_at,46.5,0.301,0,155.7,1.008,0,277.4,1.795,0,231.6,1.499,0,61.4,0.398,0,PHZ,5.97,27.6,0.252,0,57.6,0.527,0,153.9,1.406,0,74.3,0.679,0,233.7,2.136,0,PHZ,5.58,1,1,not_detected,not_detected,not_detected,not_detected,not_detected,0
A:g_l3core_006,PDE4D,204491_at,518.3,0.931,0,256.0,0.46,0,470.8,0.846,0,774.7,1.392,1,762.7,1.37,0,HZ,3.03,274.3,0.891,0,338.6,1.1,1,215.7,0.701,0,463.8,1.506,1,247.1,0.803,0,HZ,2.15,1,1,not_detected,one_donor_only,not_detected,detected,not_detected,1
A:g_l3core_006,PDE4D,210836_x_at,284.4,0.885,0,307.9,0.958,0,326.6,1.016,0,194.5,0.605,0,493.6,1.536,0,PHZ,1.68,45.5,0.402,0,145.8,1.287,0,103.9,0.917,0,168.2,1.484,0,103.2,0.91,0,HZ,3.69,1,0,not_detected,not_detected,not_detected,not_detected,not_detected,0
A:g_l3core_006,PDE4D,210837_s_at,131.3,0.62,0,123.0,0.581,0,156.6,0.739,0,359.2,1.696,0,289.0,1.365,0,HZ,2.92,80.2,0.694,0,56.8,0.492,0,165.5,1.433,0,168.5,1.458,0,106.6,0.923,0,HZ,2.96,1,1,not_detected,not_detected,not_detected,not_detected,not_detected,0
A:g_l3core_006,PDE4D,211840_s_at,185.7,1.688,0,35.4,0.322,0,69.6,0.633,0,35.3,0.321,0,223.8,2.035,0,RZ,5.26,149.7,2.152,0,90.0,1.294,0,28.8,0.413,0,49.5,0.711,0,29.9,0.43,0,RZ,5.21,1,1,not_detected,not_detected,not_detected,not_detected,not_detected,0
A:g_l3core_006,PDE4D,228962_at,421.6,1.282,0,19.4,0.059,0,650.7,1.979,1,54.6,0.166,0,497.7,1.514,0,PHZ,33.63,162.4,0.836,0,299.9,1.544,1,198.0,1.019,0,158.5,0.816,0,152.2,0.784,0,PZ,1.89,1,0,not_detected,one_donor_only,one_donor_only,not_detected,not_detected,0
A:g_l3core_006,PDE5A,1553175_s_at,228.5,1.662,0,124.4,0.905,0,51.9,0.378,0,110.7,0.805,0,171.7,1.249,0,RZ,4.4,52.8,1.077,0,6.1,0.124,0,9.8,0.2,0,19.1,0.389,0,157.4,3.209,0,RZ,8.67,1,1,not_detected,not_detected,not_detected,not_detected,not_detected,0
A:g_l3core_006,PDE5A,1556786_at,22.1,0.407,0,17.0,0.313,0,45.7,0.842,0,126.9,2.335,0,60.0,1.104,0,HZ,7.47,11.0,0.563,0,22.2,1.14,0,16.5,0.846,0,10.2,0.523,0,37.6,1.928,0,PZ,2.18,0,0,not_detected,not_detected,not_detected,not_detected,not_detected,0
A:g_l3core_006,PDE5A,1556787_s_at,415.2,1.015,0,382.9,0.936,0,329.3,0.805,0,415.1,1.014,0,503.6,1.231,0,RZ,1.26,193.3,1.447,0,116.0,0.869,0,18.6,0.139,0,147.4,1.104,0,192.4,1.441,0,RZ,10.38,1,1,not_detected,not_detected,not_detected,not_detected,not_detected,0
A:g_l3core_006,PDE5A,1562227_at,282.0,0.892,0,208.7,0.66,0,452.2,1.43,0,360.9,1.142,0,276.8,0.876,0,PHZ,2.17,195.8,0.95,0,215.1,1.043,0,268.5,1.302,0,249.0,1.208,0,102.6,0.498,0,PHZ,1.37,1,1,not_detected,not_detected,not_detected,not_detected,not_detected,0
A:g_l3core_006,PDE5A,1562228_s_at,593.5,1.392,0,272.9,0.64,0,293.0,0.687,0,502.9,1.18,0,469.4,1.101,0,RZ,2.17,267.7,0.926,0,232.7,0.805,0,396.2,1.37,1,310.2,1.073,0,238.9,0.826,0,PHZ,1.7,0,0,not_detected,not_detected,one_donor_only,not_detected,not_detected,0
A:g_l3core_006,PDE5A,206757_at,28.2,0.331,0,46.9,0.551,0,29.1,0.341,0,137.9,1.619,0,183.9,2.158,0,HZ,4.9,26.4,0.474,0,12.1,0.217,0,25.3,0.455,0,8.5,0.152,0,206.1,3.702,0,RZ,3.12,0,0,not_detected,not_detected,not_detected,not_detected,not_detected,0
A:g_l3core_006,PDE5A,227088_at,454.8,1.422,0,256.8,0.803,0,24.7,0.077,0,200.4,0.626,0,662.8,2.072,0,RZ,18.41,158.7,0.448,0,11.8,0.033,0,219.2,0.618,0,256.1,0.723,0,1126.3,3.178,1,HZ,21.73,0,0,not_detected,not_detected,not_detected,not_detected,one_donor_only,0
A:g_l3core_006,PDE5A,240088_at,266.4,1.074,0,259.1,1.045,0,209.3,0.844,0,213.4,0.86,0,292.3,1.178,0,RZ,1.27,62.4,0.545,0,152.2,1.328,0,107.1,0.935,0,126.2,1.101,0,125.0,1.091,0,PZ,2.44,1,0,not_detected,not_detected,not_detected,not_detected,not_detected,0
A:g_l3core_006,PDE7A,1552343_s_at,80.1,0.108,0,225.0,0.303,0,397.0,0.535,0,1799.0,2.426,1,1206.3,1.627,1,HZ,22.47,398.3,0.768,1,150.6,0.291,0,270.2,0.521,0,875.3,1.689,1,897.3,1.731,1,HZ,5.81,1,1,one_donor_only,not_detected,not_detected,detected,detected,1
A:g_l3core_006,PDE7A,223358_s_at,349.8,0.923,0,210.3,0.555,0,246.2,0.649,0,612.5,1.616,0,476.7,1.258,0,HZ,2.91,987.9,1.192,1,632.3,0.763,1,802.3,0.968,1,1035.5,1.25,1,684.5,0.826,1,HZ,1.64,1,1,one_donor_only,one_donor_only,one_donor_only,one_donor_only,one_donor_only,0
A:g_l3core_006,PDE7A,223359_s_at,40.0,1.101,0,21.6,0.593,0,19.5,0.536,0,57.4,1.579,0,43.3,1.191,0,HZ,2.94,27.0,1.192,0,9.6,0.425,0,17.7,0.779,0,8.7,0.385,0,50.3,2.219,0,RZ,3.1,0,0,not_detected,not_detected,not_detected,not_detected,not_detected,0
A:g_l3core_006,PDE7A,224046_s_at,40.1,0.224,0,18.4,0.102,0,76.3,0.425,0,288.7,1.609,0,473.6,2.64,0,HZ,15.71,111.0,1.811,0,26.3,0.429,0,97.5,1.591,0,8.6,0.14,0,63.1,1.029,0,RZ,12.94,0,0,not_detected,not_detected,not_detected,not_detected,not_detected,0
A:g_l3core_006,PDE7A,230444_at,72.5,0.591,0,44.2,0.36,0,77.4,0.631,0,299.6,2.441,0,120.0,0.978,0,HZ,6.78,111.1,0.703,0,225.6,1.428,0,88.9,0.563,0,229.6,1.453,0,134.7,0.853,0,HZ,2.58,1,1,not_detected,not_detected,not_detected,not_detected,not_detected,0
A:g_l3core_006,PDE7A,230500_at,374.2,0.927,0,343.4,0.851,0,397.8,0.986,0,384.8,0.953,0,518.0,1.283,0,PHZ,1.16,159.1,0.86,0,136.9,0.74,0,152.3,0.823,0,195.7,1.058,0,281.1,1.519,0,HZ,1.43,1,0,not_detected,not_detected,not_detected,not_detected,not_detected,0
A:g_l3core_006,PDE7B,220343_at,142.6,1.103,0,209.2,1.618,0,135.2,1.046,0,67.6,0.522,0,91.9,0.711,0,PZ,3.1,105.4,1.401,0,31.0,0.412,0,28.3,0.377,0,105.6,1.403,0,105.9,1.407,0,HZ,3.73,0,0,not_detected,not_detected,not_detected,not_detected,not_detected,0
A:g_l3core_006,PDE7B,230109_at,369.0,1.069,0,104.8,0.304,0,288.5,0.836,0,550.3,1.595,0,412.7,1.196,0,HZ,5.25,262.4,0.589,0,380.6,0.854,1,441.7,0.991,1,565.5,1.27,1,577.2,1.296,1,HZ,2.16,1,1,not_detected,one_donor_only,one_donor_only,one_donor_only,one_donor_only,0
A:g_l3core_006,PDE7B,243438_at,134.7,0.489,0,848.8,3.083,1,20.5,0.075,0,313.9,1.14,0,58.7,0.213,0,PZ,41.33,22.2,0.738,0,63.1,2.094,0,17.7,0.589,0,17.9,0.595,0,29.6,0.984,0,PZ,3.56,1,1,not_detected,one_donor_only,not_detected,not_detected,not_detected,0
A:g_l3core_006,PDE8A,1552931_a_at,30.1,0.172,0,300.4,1.72,0,199.0,1.14,0,298.3,1.709,0,45.2,0.259,0,PZ,9.99,138.6,1.025,0,243.6,1.801,0,163.4,1.208,0,17.1,0.126,0,113.5,0.839,0,PZ,14.24,1,1,not_detected,not_detected,not_detected,not_detected,not_detected,0
A:g_l3core_006,PDE8A,212521_s_at,474.6,0.725,0,952.6,1.455,1,740.3,1.131,1,445.4,0.68,0,661.1,1.01,0,PZ,2.14,558.6,1.008,1,649.7,1.172,1,549.8,0.992,1,378.0,0.682,1,634.9,1.146,1,PZ,1.72,1,1,one_donor_only,detected,detected,one_donor_only,one_donor_only,1
A:g_l3core_006,PDE8A,212522_at,436.2,0.588,0,815.3,1.098,1,1181.3,1.591,1,421.3,0.567,0,858.2,1.156,1,PHZ,2.8,1283.6,1.097,1,2110.3,1.803,1,919.9,0.786,1,935.2,0.799,1,602.4,0.515,1,PZ,2.29,1,0,one_donor_only,detected,detected,one_donor_only,detected,1
A:g_l3core_006,PDE8A,239874_at,56.4,1.42,0,44.5,1.12,0,45.5,1.145,0,32.6,0.819,0,19.8,0.497,0,RZ,1.73,83.9,2.425,0,10.2,0.294,0,38.1,1.102,0,22.4,0.648,0,18.3,0.53,0,RZ,8.25,1,1,not_detected,not_detected,not_detected,not_detected,not_detected,0
A:g_l3core_006,PDE8B,1554789_a_at,159.6,1.382,0,157.1,1.36,0,24.0,0.208,0,26.4,0.229,0,210.4,1.821,0,RZ,6.65,55.1,0.684,0,117.6,1.462,0,59.3,0.737,0,62.4,0.776,0,107.9,1.341,0,PZ,2.14,1,0,not_detected,not_detected,not_detected,not_detected,not_detected,0
A:g_l3core_006,PDE8B,213228_at,771.3,1.087,0,126.5,0.178,0,716.4,1.01,1,956.0,1.347,1,978.1,1.378,1,HZ,7.56,297.7,1.212,0,195.1,0.794,0,347.5,1.415,0,172.9,0.704,0,214.9,0.875,0,PHZ,2.01,1,0,not_detected,not_detected,one_donor_only,one_donor_only,one_donor_only,0
A:g_l3core_006,PDE8B,235115_at,49.9,1.234,0,36.6,0.903,0,26.4,0.652,0,33.4,0.826,0,56.0,1.385,0,RZ,1.89,7.5,0.266,0,15.2,0.537,0,7.3,0.257,0,100.1,3.534,0,11.5,0.407,0,HZ,13.76,0,0,not_detected,not_detected,not_detected,not_detected,not_detected,0
A:g_l3core_006,PDE9A,205593_s_at,198.6,1.578,0,58.9,0.468,0,79.6,0.632,0,60.0,0.477,0,232.2,1.845,0,RZ,3.37,179.2,0.468,0,199.0,0.519,0,528.5,1.379,1,394.9,1.03,1,614.7,1.604,1,PHZ,2.95,0,0,not_detected,not_detected,one_donor_only,one_donor_only,one_donor_only,0
A:g_l3core_006,PDE9A,237139_at,102.7,0.916,0,41.8,0.373,0,21.5,0.192,0,45.4,0.405,0,349.3,3.115,0,RZ,4.77,28.7,0.364,0,63.6,0.807,0,120.7,1.53,0,111.4,1.412,0,69.9,0.886,0,PHZ,4.2,0,0,not_detected,not_detected,not_detected,not_detected,not_detected,0
A:g_l3core_006,PDE10A,205501_at,415.5,1.0,0,186.6,0.449,0,554.0,1.334,0,128.1,0.308,0,792.6,1.908,0,PHZ,4.33,395.7,1.607,1,105.2,0.427,0,250.2,1.016,0,106.1,0.431,0,374.0,1.519,0,RZ,3.76,0,0,one_donor_only,not_detected,not_detected,not_detected,not_detected,0
A:g_l3core_006,PDE10A,211170_s_at,326.5,1.852,0,20.0,0.113,0,162.7,0.923,0,215.4,1.222,0,157.0,0.89,0,RZ,16.35,166.4,1.389,0,70.3,0.587,0,165.2,1.378,0,112.5,0.938,0,84.8,0.708,0,RZ,2.37,1,1,not_detected,not_detected,not_detected,not_detected,not_detected,0
A:g_l3core_006,PDE10A,211171_s_at,285.4,0.915,0,229.6,0.737,0,291.7,0.936,0,375.1,1.203,0,377.0,1.209,0,HZ,1.63,201.1,1.26,0,181.4,1.137,0,256.9,1.609,0,128.6,0.805,0,30.2,0.189,0,PHZ,2.0,1,0,not_detected,not_detected,not_detected,not_detected,not_detected,0
A:g_l3core_006,PDE11A,221110_x_at,109.4,0.71,0,92.1,0.598,0,192.2,1.247,0,70.2,0.456,0,306.2,1.988,0,PHZ,2.74,19.0,0.151,0,93.7,0.745,0,233.8,1.861,0,50.5,0.402,0,231.2,1.84,0,PHZ,12.29,1,1,not_detected,not_detected,not_detected,not_detected,not_detected,0
A:g_l3core_006,PDE11A,224223_s_at,260.4,1.349,0,126.9,0.658,0,295.3,1.53,0,243.7,1.263,0,38.6,0.2,0,PHZ,2.33,11.2,0.141,0,21.9,0.275,0,105.4,1.322,0,110.7,1.389,0,149.3,1.873,0,HZ,9.85,1,0,not_detected,not_detected,not_detected,not_detected,not_detected,0
A:g_l3core_006,PDE11A,224224_s_at,149.3,0.797,0,87.8,0.469,0,182.0,0.972,0,374.5,2.0,0,142.5,0.761,0,HZ,4.27,61.8,0.401,0,169.5,1.099,0,177.2,1.149,0,163.9,1.063,0,198.9,1.289,0,PHZ,2.87,1,0,not_detected,not_detected,not_detected,not_detected,not_detected,0
A:g_l3core_006,PDE11A,237248_at,87.3,1.0,0,30.4,0.349,0,175.2,2.008,0,87.4,1.002,0,56.0,0.642,0,PHZ,5.76,106.8,0.636,0,153.2,0.912,0,222.5,1.325,0,263.4,1.568,0,93.8,0.558,0,HZ,2.47,1,0,not_detected,not_detected,not_detected,not_detected,not_detected,0
A:g_l4endo_003,NR3C1,201865_x_at,1430.4,0.63,1,2517.8,1.11,1,1655.9,0.73,1,4141.6,1.825,1,1599.9,0.705,1,HZ,2.9,2504.8,0.706,1,1590.7,0.448,1,2440.0,0.688,1,6715.1,1.893,1,4488.7,1.265,1,HZ,4.22,1,1,detected,detected,detected,detected,detected,1
A:g_l4endo_003,NR3C1,201866_s_at,881.3,0.772,1,970.1,0.85,1,1104.3,0.967,1,1580.2,1.384,1,1172.7,1.027,1,HZ,1.79,497.4,0.773,1,753.4,1.171,1,1202.0,1.868,1,681.7,1.06,1,82.3,0.128,0,PHZ,2.42,1,0,detected,detected,detected,detected,one_donor_only,1
A:g_l4endo_003,NR3C1,211671_s_at,1229.4,0.778,1,1558.2,0.986,1,1278.2,0.809,1,2833.8,1.793,1,1002.5,0.634,1,HZ,2.31,1803.7,0.663,1,1079.8,0.397,1,1714.8,0.631,1,5458.7,2.007,1,3540.0,1.302,1,HZ,5.06,1,1,detected,detected,detected,detected,detected,1
A:g_l4endo_003,NR3C1,216321_s_at,915.0,0.367,1,527.1,0.211,0,2951.4,1.184,1,5630.0,2.258,1,2443.0,0.98,1,HZ,10.68,3258.1,0.952,1,3830.1,1.12,1,2897.9,0.847,1,3372.2,0.986,1,3747.4,1.095,1,PZ,1.32,0,0,detected,one_donor_only,detected,detected,detected,1
A:g_l4endo_003,NR3C1,232431_at,17.6,0.354,0,28.5,0.573,0,2.8,0.056,0,73.5,1.477,0,126.3,2.54,0,HZ,26.28,44.4,0.772,0,15.4,0.267,0,109.9,1.91,0,69.9,1.214,0,48.2,0.837,0,PHZ,7.16,1,0,not_detected,not_detected,not_detected,not_detected,not_detected,0
A:g_l4endo_003,NR3C2,205259_at,48.8,0.184,0,90.3,0.34,0,59.6,0.224,0,410.0,1.543,0,720.0,2.709,0,HZ,8.41,241.3,0.93,0,190.9,0.736,0,253.6,0.977,0,21.9,0.084,0,589.7,2.273,1,PHZ,11.59,1,0,not_detected,not_detected,not_detected,not_detected,one_donor_only,0
A:g_l4endo_003,HSD11B1,205404_at,505.0,1.22,0,300.4,0.726,0,461.7,1.115,0,336.3,0.812,0,466.1,1.126,0,RZ,1.68,199.0,0.812,0,98.6,0.402,0,21.1,0.086,0,144.5,0.589,0,762.8,3.111,1,RZ,9.45,1,1,not_detected,not_detected,not_detected,not_detected,one_donor_only,0
A:g_l4endo_003,HSD11B2,204130_at,58.6,0.441,0,179.3,1.349,0,83.3,0.627,0,70.8,0.533,0,272.6,2.051,0,PZ,3.06,436.2,1.212,1,169.4,0.471,0,347.3,0.965,0,275.5,0.766,0,571.0,1.587,1,RZ,2.57,1,0,one_donor_only,not_detected,not_detected,not_detected,one_donor_only,0
A:g_l4endo_009,IGFBP1,205302_at,190.0,1.621,0,53.8,0.459,0,41.6,0.355,0,57.3,0.488,0,243.4,2.077,0,RZ,4.57,163.9,1.167,0,53.9,0.383,0,118.1,0.841,0,98.1,0.698,0,268.7,1.912,0,RZ,3.04,1,1,not_detected,not_detected,not_detected,not_detected,not_detected,0
A:g_l4endo_009,IGFBP1,237989_at,38.3,0.836,0,28.6,0.625,0,23.2,0.507,0,45.4,0.991,0,93.4,2.041,0,HZ,1.95,19.7,1.107,0,10.0,0.564,0,21.3,1.197,0,10.8,0.607,0,27.1,1.525,0,PHZ,2.12,1,0,not_detected,not_detected,not_detected,not_detected,not_detected,0
A:g_l4endo_009,IGFBP2,202718_at,464.4,2.95,0,44.6,0.283,0,120.3,0.764,0,59.9,0.38,0,98.1,0.623,0,RZ,10.42,514.4,0.901,1,592.8,1.039,1,722.1,1.265,1,705.6,1.236,1,318.7,0.558,0,PHZ,1.4,0,0,one_donor_only,one_donor_only,one_donor_only,one_donor_only,not_detected,0
A:g_l4endo_009,IGFBP3,210095_s_at,2747.8,1.03,1,25.2,0.009,0,1437.5,0.539,1,6708.3,2.514,1,2424.1,0.908,1,HZ,266.47,1274.3,0.985,1,665.2,0.514,1,1165.9,0.901,1,659.3,0.51,1,2704.3,2.09,1,RZ,1.93,0,0,detected,one_donor_only,detected,detected,detected,1
A:g_l4endo_009,IGFBP3,212143_s_at,360.0,0.792,0,30.3,0.067,0,368.7,0.811,0,1295.7,2.85,1,218.8,0.481,0,HZ,42.81,269.2,1.392,0,38.5,0.199,0,243.0,1.257,0,50.0,0.259,0,366.2,1.894,0,RZ,7.0,0,0,not_detected,not_detected,not_detected,one_donor_only,not_detected,0
A:g_l4endo_009,IGFBP4,201508_at,12608.1,3.356,1,457.3,0.122,0,96.0,0.026,0,1227.0,0.327,1,4396.9,1.17,1,RZ,131.38,2444.7,0.509,1,2566.8,0.535,1,2617.9,0.545,1,3246.5,0.676,1,13125.4,2.734,1,HZ,1.33,0,0,detected,one_donor_only,one_donor_only,detected,detected,1
A:g_l4endo_009,IGFBP5,1555997_s_at,228.6,1.661,0,117.7,0.855,0,20.3,0.148,0,37.1,0.27,0,284.4,2.066,0,RZ,11.25,66.2,0.456,0,80.9,0.557,0,209.4,1.441,0,13.6,0.093,0,356.5,2.453,0,PHZ,15.44,0,0,not_detected,not_detected,not_detected,not_detected,not_detected,0
A:g_l4endo_009,IGFBP5,203424_s_at,4764.5,3.922,1,88.3,0.073,0,96.9,0.08,0,82.5,0.068,0,1041.2,0.857,1,RZ,57.75,1281.9,0.3,1,437.9,0.102,1,1472.2,0.344,1,2483.5,0.58,1,15723.3,3.674,1,HZ,5.67,0,0,detected,one_donor_only,one_donor_only,one_donor_only,detected,1
A:g_l4endo_009,IGFBP5,203425_s_at,325.4,0.844,0,419.0,1.087,0,322.0,0.835,0,475.4,1.233,0,385.9,1.001,0,HZ,1.48,157.7,1.109,0,56.1,0.395,0,129.5,0.911,0,157.7,1.109,0,209.8,1.476,0,RZ,2.81,0,0,not_detected,not_detected,not_detected,not_detected,not_detected,0
A:g_l4endo_009,IGFBP5,203426_s_at,153.8,0.626,0,223.3,0.908,0,266.7,1.085,0,504.7,2.052,0,81.1,0.33,0,HZ,3.28,61.9,0.404,0,141.3,0.922,0,38.4,0.251,0,96.9,0.633,0,427.6,2.791,0,PZ,3.68,0,0,not_detected,not_detected,not_detected,not_detected,not_detected,0
A:g_l4endo_009,IGFBP5,211958_at,1227.8,1.761,1,415.0,0.595,0,236.5,0.339,0,421.7,0.605,0,1184.7,1.699,1,RZ,5.19,484.5,0.954,1,428.0,0.843,1,446.2,0.878,1,313.5,0.617,0,867.9,1.708,1,RZ,1.55,1,1,detected,one_donor_only,one_donor_only,not_detected,detected,1
A:g_l4endo_009,IGFBP5,211959_at,15626.1,3.346,1,23.1,0.005,0,31.8,0.007,0,1122.8,0.24,1,6543.2,1.401,1,RZ,677.31,2952.0,0.431,1,4235.5,0.619,1,4044.1,0.591,1,2688.2,0.393,1,20297.2,2.966,1,PZ,1.58,1,0,detected,one_donor_only,one_donor_only,detected,detected,1
A:g_l4endo_009,IGFBP6,203851_at,2359.2,2.435,1,438.8,0.453,0,401.9,0.415,0,552.4,0.57,0,1092.8,1.128,1,RZ,5.87,774.4,0.798,1,942.2,0.971,1,914.7,0.943,1,922.5,0.951,1,1295.8,1.336,1,PZ,1.22,1,0,detected,one_donor_only,one_donor_only,one_donor_only,detected,1
A:g_l4endo_009,IGFBP7,201162_at,24518.5,2.528,1,41.9,0.004,0,43.0,0.004,0,2103.4,0.217,1,21781.6,2.246,1,RZ,585.75,10611.3,0.621,1,7553.0,0.442,1,9491.8,0.556,1,8779.9,0.514,1,48965.9,2.867,1,RZ,1.4,1,1,detected,one_donor_only,one_donor_only,detected,detected,1
A:g_l4endo_009,IGFBP7,201163_s_at,38374.0,2.488,1,76.4,0.005,0,363.5,0.024,0,3714.3,0.241,1,34587.7,2.243,1,RZ,502.4,14452.9,0.711,1,14496.6,0.714,1,12815.3,0.631,1,17968.6,0.884,1,41843.4,2.06,1,HZ,1.4,0,0,detected,one_donor_only,one_donor_only,detected,detected,1
A:g_l4endo_009,IGFBP7,213910_at,298.4,1.263,0,35.4,0.15,0,21.9,0.093,0,202.1,0.855,0,623.7,2.639,0,RZ,13.61,412.7,1.102,1,304.2,0.813,1,236.8,0.633,0,171.1,0.457,0,747.0,1.995,1,RZ,2.41,1,1,one_donor_only,one_donor_only,not_detected,not_detected,one_donor_only,0
A:g_l4endo_009,IGF1,209540_at,472.3,1.109,0,71.4,0.168,0,594.4,1.396,0,542.5,1.274,0,448.3,1.053,0,PHZ,8.32,537.0,0.851,1,348.3,0.552,1,815.7,1.293,1,487.5,0.773,1,965.6,1.531,1,PHZ,2.34,1,1,one_donor_only,one_donor_only,one_donor_only,one_donor_only,one_donor_only,0
A:g_l4endo_009,IGF1,209541_at,390.2,1.509,0,278.5,1.077,0,143.7,0.556,0,204.9,0.792,0,275.5,1.066,0,RZ,2.72,434.4,1.052,1,300.2,0.727,1,716.6,1.736,1,419.7,1.017,1,193.0,0.468,0,PHZ,2.39,0,0,one_donor_only,one_donor_only,one_donor_only,one_donor_only,not_detected,0
A:g_l4endo_009,IGF1,209542_x_at,26.7,0.23,0,72.7,0.625,0,77.4,0.665,0,338.3,2.906,0,66.8,0.574,0,HZ,12.66,50.7,0.219,0,145.5,0.629,0,396.4,1.714,1,408.8,1.767,1,155.0,0.67,0,HZ,8.07,1,1,not_detected,not_detected,one_donor_only,one_donor_only,not_detected,0
A:g_l4endo_009,IGF1,211577_s_at,284.4,1.782,0,280.7,1.759,0,61.6,0.386,0,77.7,0.487,0,93.6,0.587,0,RZ,4.62,36.4,0.363,0,117.7,1.173,0,69.5,0.693,0,187.0,1.864,0,91.0,0.907,0,HZ,5.14,0,0,not_detected,not_detected,not_detected,not_detected,not_detected,0
A:g_l4endo_009,IGF1,241072_s_at,132.4,0.358,0,198.0,0.535,0,524.0,1.417,0,503.3,1.361,0,491.4,1.329,0,PHZ,3.96,51.8,0.498,0,71.7,0.69,0,104.1,1.001,0,109.2,1.05,0,183.1,1.761,0,HZ,2.11,1,0,not_detected,not_detected,not_detected,not_detected,not_detected,0
A:g_l4endo_009,IGF2,202409_at,12083.8,1.222,1,11631.7,1.177,1,16756.8,1.695,1,4753.2,0.481,1,4203.0,0.425,1,PHZ,3.53,8560.0,0.857,1,11405.6,1.142,1,9324.1,0.933,1,8119.0,0.813,1,12548.1,1.256,1,PZ,1.4,1,0,detected,detected,detected,detected,detected,1
A:g_l4endo_009,IGF2,202410_x_at,24.3,0.9,0,21.0,0.778,0,35.3,1.305,0,23.3,0.865,0,31.1,1.152,0,PHZ,1.68,19.4,1.196,0,10.0,0.614,0,17.8,1.097,0,18.3,1.129,0,15.7,0.963,0,RZ,1.95,0,0,not_detected,not_detected,not_detected,not_detected,not_detected,0
A:g_l4endo_009,IGF2,210881_s_at,22.8,0.883,0,32.1,1.242,0,21.7,0.84,0,28.6,1.108,0,23.9,0.928,0,PZ,1.48,13.6,0.855,0,9.7,0.612,0,23.1,1.451,0,18.6,1.166,0,14.5,0.915,0,PHZ,2.37,1,0,not_detected,not_detected,not_detected,not_detected,not_detected,0
A:g_l4endo_009,IGF1R,203627_at,488.6,0.943,0,88.6,0.171,0,209.0,0.403,0,1476.8,2.85,1,327.6,0.632,0,HZ,16.67,167.0,0.622,0,42.1,0.157,0,443.4,1.651,1,405.7,1.511,1,284.3,1.059,0,PHZ,10.52,1,0,not_detected,not_detected,one_donor_only,detected,not_detected,1
A:g_l4endo_009,IGF1R,203628_at,33.9,0.12,0,509.8,1.809,0,333.8,1.184,0,153.7,0.545,0,378.0,1.341,0,PZ,15.03,32.7,0.647,0,8.8,0.174,0,75.1,1.484,0,117.5,2.324,0,18.8,0.372,0,HZ,13.38,0,0,not_detected,not_detected,not_detected,not_detected,not_detected,0
A:g_l4endo_009,IGF1R,208441_at,286.7,1.087,0,42.1,0.16,0,88.6,0.336,0,384.1,1.457,0,516.6,1.96,0,HZ,9.13,124.8,0.852,0,99.0,0.676,0,223.2,1.524,0,97.8,0.668,0,187.4,1.28,0,PHZ,2.28,1,0,not_detected,not_detected,not_detected,not_detected,not_detected,0
A:g_l4endo_009,IGF1R,225330_at,1249.6,0.826,1,2126.2,1.406,1,806.3,0.533,1,1685.8,1.115,1,1693.5,1.12,1,PZ,2.64,1271.2,0.784,1,2127.1,1.311,1,1315.5,0.811,1,1783.3,1.099,1,1614.5,0.995,1,PZ,1.67,1,1,detected,detected,detected,detected,detected,1
A:g_l4endo_009,IGF1R,243358_at,78.7,1.056,0,71.8,0.964,0,66.2,0.888,0,92.5,1.241,0,63.4,0.851,0,HZ,1.4,21.5,0.712,0,31.6,1.043,0,43.7,1.444,0,10.7,0.352,0,43.9,1.449,0,PHZ,4.1,1,0,not_detected,not_detected,not_detected,not_detected,not_detected,0
A:g_l4endo_009,IGF2R,201392_s_at,296.5,1.552,0,65.8,0.344,0,137.1,0.717,0,267.2,1.399,0,188.8,0.988,0,RZ,4.5,50.5,0.52,0,23.8,0.245,0,133.2,1.371,0,108.6,1.119,0,169.5,1.745,0,PHZ,5.59,0,0,not_detected,not_detected,not_detected,not_detected,not_detected,0
A:g_l4endo_009,IGF2R,201393_s_at,169.3,0.168,0,310.1,0.308,0,218.7,0.217,0,2556.3,2.536,1,1786.7,1.772,1,HZ,15.1,3506.9,1.032,1,2772.6,0.816,1,2975.3,0.875,1,4470.1,1.315,1,3268.6,0.962,1,HZ,1.61,1,1,one_donor_only,one_donor_only,one_donor_only,detected,detected,1
A:g_l4endo_009,PAPPA,1558607_at,234.4,2.872,0,51.6,0.632,0,34.2,0.419,0,53.1,0.651,0,34.7,0.425,0,RZ,6.85,33.2,0.748,0,54.1,1.219,0,58.1,1.308,0,39.8,0.896,0,36.8,0.829,0,PHZ,1.75,0,0,not_detected,not_detected,not_detected,not_detected,not_detected,0
A:g_l4endo_009,PAPPA,1558608_a_at,81.6,1.059,0,185.0,2.4,0,19.5,0.253,0,59.3,0.769,0,40.0,0.519,0,PZ,9.49,166.9,2.425,0,68.9,1.001,0,42.7,0.62,0,25.2,0.366,0,40.5,0.588,0,RZ,6.62,1,0,not_detected,not_detected,not_detected,not_detected,not_detected,0
A:g_l4endo_009,PAPPA,1559400_s_at,386.6,1.494,0,59.4,0.23,0,45.2,0.175,0,145.4,0.562,0,657.1,2.54,0,RZ,8.56,205.3,1.276,0,222.8,1.385,0,230.9,1.435,0,118.3,0.735,0,27.0,0.168,0,PHZ,1.95,0,0,not_detected,not_detected,not_detected,not_detected,not_detected,0
A:g_l4endo_009,PAPPA,1559928_at,155.6,0.549,0,320.0,1.128,0,89.0,0.314,0,329.7,1.163,0,523.5,1.846,0,HZ,3.71,140.1,1.4,0,37.0,0.37,0,125.1,1.251,0,8.5,0.085,0,189.4,1.894,0,RZ,16.46,0,0,not_detected,not_detected,not_detected,not_detected,not_detected,0
A:g_l4endo_009,PAPPA,201981_at,136.6,0.612,0,145.1,0.65,0,317.7,1.425,0,274.6,1.231,0,241.2,1.082,0,PHZ,2.33,879.5,1.69,1,495.4,0.952,1,221.2,0.425,0,785.4,1.509,1,220.0,0.423,0,RZ,3.98,0,0,one_donor_only,one_donor_only,not_detected,one_donor_only,not_detected,0
A:g_l4endo_009,PAPPA,201982_s_at,261.2,1.209,0,75.4,0.349,0,131.9,0.61,0,343.2,1.589,0,268.5,1.243,0,HZ,4.55,129.8,0.657,0,232.5,1.177,0,101.7,0.515,0,266.9,1.351,0,256.9,1.3,0,HZ,2.62,1,1,not_detected,not_detected,not_detected,not_detected,not_detected,0
A:g_l4endo_009,PAPPA,224940_s_at,791.1,1.719,1,254.5,0.553,0,569.9,1.238,0,185.8,0.404,0,500.1,1.086,0,RZ,4.26,411.6,0.788,1,1302.4,2.494,1,393.9,0.754,1,356.1,0.682,1,147.7,0.283,0,PZ,3.66,1,0,detected,one_donor_only,one_donor_only,one_donor_only,not_detected,1
A:g_l4endo_009,PAPPA,224941_at,315.0,2.901,0,9.4,0.087,0,92.1,0.848,0,32.1,0.295,0,94.4,0.869,0,RZ,33.48,163.5,0.828,0,419.8,2.126,1,239.3,1.212,0,153.6,0.778,0,11.2,0.057,0,PZ,2.73,1,0,not_detected,one_donor_only,not_detected,not_detected,not_detected,0
A:g_l4endo_009,PAPPA,224942_at,240.9,0.795,0,240.8,0.794,0,417.2,1.376,0,356.9,1.177,0,260.2,0.858,0,PHZ,1.73,252.2,1.265,0,165.3,0.829,0,234.8,1.178,0,208.0,1.043,0,136.6,0.685,0,RZ,1.53,0,0,not_detected,not_detected,not_detected,not_detected,not_detected,0
A:g_l4endo_009,PAPPA,228128_x_at,524.0,0.945,0,139.7,0.252,0,639.2,1.153,0,652.1,1.176,0,816.4,1.473,0,HZ,4.67,825.9,1.009,1,1475.5,1.802,1,1077.4,1.316,1,637.3,0.778,1,77.3,0.094,0,PZ,2.32,0,0,one_donor_only,one_donor_only,one_donor_only,one_donor_only,not_detected,0
A:g_l4endo_009,PAPPA,232748_at,193.6,1.141,0,40.6,0.239,0,305.3,1.799,0,71.6,0.422,0,237.5,1.399,0,PHZ,7.52,133.4,0.873,0,139.1,0.91,0,202.9,1.327,0,54.1,0.354,0,234.8,1.536,0,PHZ,3.75,1,1,not_detected,not_detected,not_detected,not_detected,not_detected,0
A:g_l4endo_009,PAPPA2,211918_x_at,861.7,0.83,1,921.9,0.888,1,956.7,0.922,1,1388.5,1.338,1,1060.0,1.021,1,HZ,1.61,326.9,0.843,0,235.0,0.606,0,516.5,1.332,1,384.9,0.993,1,475.2,1.226,1,PHZ,2.2,1,0,one_donor_only,one_donor_only,detected,detected,detected,1
A:g_l4endo_009,PAPPA2,213332_at,528.1,0.935,0,630.4,1.116,0,603.0,1.067,0,485.1,0.858,0,578.8,1.024,0,PZ,1.3,667.7,1.48,1,213.5,0.473,0,375.1,0.831,1,383.1,0.849,1,616.2,1.366,1,RZ,3.13,1,0,one_donor_only,not_detected,one_donor_only,one_donor_only,one_donor_only,0
A:g_l4endo_009,PAPPA2,214689_at,174.3,0.488,0,396.4,1.11,0,459.0,1.285,0,177.7,0.497,0,578.9,1.62,0,PHZ,2.63,186.8,1.205,0,45.6,0.294,0,146.1,0.943,0,103.3,0.667,0,293.1,1.891,0,RZ,4.1,0,0,not_detected,not_detected,not_detected,not_detected,not_detected,0
A:g_l4endo_009,PAPPA2,228237_at,253.0,0.358,0,285.9,0.404,0,731.6,1.034,1,541.5,0.766,0,1724.5,2.438,1,PHZ,2.89,92.7,1.094,0,28.1,0.332,0,143.3,1.691,0,22.1,0.261,0,137.4,1.621,0,PHZ,6.48,1,1,not_detected,not_detected,one_donor_only,not_detected,one_donor_only,0
A:g_l4endo_009,STC1,204595_s_at,2475.1,2.004,1,660.4,0.535,0,764.5,0.619,1,1094.3,0.886,1,1181.9,0.957,1,RZ,3.75,550.8,0.941,1,420.0,0.717,1,441.6,0.754,1,463.4,0.792,1,1051.3,1.796,1,RZ,1.31,1,1,detected,one_donor_only,detected,detected,detected,1
A:g_l4endo_009,STC1,204596_s_at,207.1,0.815,0,296.0,1.164,0,216.7,0.852,0,66.4,0.261,0,485.0,1.908,0,PZ,4.46,91.2,0.925,0,102.2,1.037,0,134.8,1.368,0,19.4,0.197,0,145.1,1.473,0,PHZ,6.94,1,0,not_detected,not_detected,not_detected,not_detected,not_detected,0
A:g_l4endo_009,STC1,204597_x_at,580.6,1.985,0,94.9,0.324,0,86.7,0.297,0,241.6,0.826,0,458.5,1.568,0,RZ,6.69,34.0,0.193,0,71.9,0.408,0,229.5,1.301,0,230.3,1.306,0,316.1,1.792,0,HZ,6.77,0,0,not_detected,not_detected,not_detected,not_detected,not_detected,0
A:g_l4endo_009,STC2,203438_at,69.6,0.033,0,212.0,0.102,0,1412.1,0.678,1,8577.3,4.121,1,136.1,0.065,0,HZ,123.2,506.6,0.286,1,1858.6,1.049,1,2797.4,1.579,1,3600.3,2.032,1,97.2,0.055,0,HZ,7.11,1,1,one_donor_only,one_donor_only,detected,detected,not_detected,1
A:g_l4endo_009,STC2,203439_s_at,580.0,0.147,0,826.1,0.21,1,3704.8,0.942,1,13524.2,3.439,1,1025.8,0.261,1,HZ,23.32,783.3,0.234,1,1169.8,0.349,1,4815.7,1.436,1,9754.7,2.909,1,241.5,0.072,0,HZ,12.45,1,1,one_donor_only,detected,detected,detected,one_donor_only,1
A:g_l3rest_007,SOST,223869_at,44.9,1.158,0,8.1,0.208,0,24.3,0.627,0,47.8,1.234,0,68.7,1.773,0,HZ,5.94,6617.6,1.123,1,7104.6,1.205,1,11320.5,1.921,1,4274.2,0.725,1,150.8,0.026,0,PHZ,2.65,1,0,one_donor_only,one_donor_only,one_donor_only,one_donor_only,not_detected,0
A:g_l3rest_007,DKK1,204602_at,376.2,0.129,0,949.1,0.325,1,1298.9,0.445,1,11529.9,3.949,1,442.6,0.152,0,HZ,30.65,4283.9,1.525,1,1730.0,0.616,1,3366.9,1.199,1,3699.6,1.317,1,963.1,0.343,1,RZ,2.48,0,0,one_donor_only,detected,detected,detected,one_donor_only,1
A:g_l3rest_007,DKK2,219908_at,286.8,1.753,0,11.4,0.07,0,190.4,1.164,0,191.0,1.167,0,138.3,0.845,0,RZ,25.05,45.4,0.607,0,47.8,0.64,0,76.8,1.027,0,6.6,0.089,0,197.2,2.638,0,PHZ,11.57,0,0,not_detected,not_detected,not_detected,not_detected,not_detected,0
A:g_l3rest_007,DKK2,224199_at,235.4,1.154,0,263.9,1.294,0,149.3,0.732,0,51.6,0.253,0,320.0,1.568,0,PZ,5.12,139.6,1.221,0,91.8,0.803,0,157.4,1.376,0,96.0,0.839,0,87.0,0.761,0,PHZ,1.71,1,0,not_detected,not_detected,not_detected,not_detected,not_detected,0
A:g_l3rest_007,SFRP1,202035_s_at,211.9,1.042,0,156.0,0.767,0,282.7,1.39,0,125.5,0.617,0,240.8,1.184,0,PHZ,2.25,113.0,0.962,0,79.3,0.675,0,180.1,1.533,0,136.7,1.164,0,78.3,0.666,0,PHZ,2.27,1,1,not_detected,not_detected,not_detected,not_detected,not_detected,0
A:g_l3rest_007,SFRP1,202036_s_at,515.7,2.457,0,74.9,0.357,0,77.0,0.367,0,249.8,1.19,0,132.1,0.629,0,RZ,6.89,550.5,2.518,1,13.8,0.063,0,42.1,0.193,0,164.6,0.753,0,322.3,1.474,0,RZ,40.0,1,1,one_donor_only,not_detected,not_detected,not_detected,not_detected,0
A:g_l3rest_007,SFRP1,202037_s_at,1046.9,1.781,1,658.6,1.121,0,241.6,0.411,0,308.4,0.525,0,682.8,1.162,0,RZ,4.33,2018.4,2.015,1,784.0,0.783,1,711.3,0.71,1,849.9,0.849,1,643.7,0.643,1,RZ,2.84,1,1,detected,one_donor_only,one_donor_only,one_donor_only,one_donor_only,1
A:g_l3rest_007,SFRP1,228413_s_at,18.9,0.134,0,171.5,1.217,0,110.0,0.781,0,48.7,0.346,0,355.4,2.522,0,PZ,9.06,21.1,0.922,0,11.5,0.502,0,42.8,1.869,0,18.7,0.817,0,20.4,0.89,0,PHZ,3.72,1,0,not_detected,not_detected,not_detected,not_detected,not_detected,0
A:g_l3rest_007,SFRP2,223121_s_at,44.8,0.425,0,36.8,0.349,0,47.4,0.45,0,47.9,0.454,0,350.3,3.322,0,HZ,1.3,14.1,0.159,0,20.2,0.228,0,14.9,0.169,0,11.3,0.127,0,382.7,4.317,0,PZ,1.79,0,0,not_detected,not_detected,not_detected,not_detected,not_detected,0
A:g_l3rest_007,SFRP2,223122_s_at,831.6,1.178,1,206.0,0.292,0,354.8,0.503,0,409.5,0.58,0,1727.1,2.447,1,RZ,4.04,10.0,0.016,0,190.2,0.313,0,53.2,0.087,0,36.3,0.06,0,2752.3,4.524,1,PZ,19.01,1,0,one_donor_only,not_detected,not_detected,not_detected,detected,1
A:g_l3rest_007,SFRP4,204051_s_at,952.1,1.506,1,249.7,0.395,0,344.7,0.545,0,1062.7,1.681,1,552.0,0.873,0,HZ,4.26,1117.2,0.81,1,1345.2,0.975,1,1584.2,1.148,1,1099.3,0.797,1,1754.0,1.271,1,PHZ,1.44,1,0,detected,one_donor_only,one_donor_only,detected,one_donor_only,1
A:g_l3rest_007,SFRP4,204052_s_at,719.3,2.204,0,139.0,0.426,0,274.2,0.84,0,212.0,0.65,0,287.1,0.88,0,RZ,5.17,516.3,1.443,1,351.8,0.983,1,370.6,1.035,1,320.5,0.896,0,230.3,0.643,0,RZ,1.61,1,1,one_donor_only,one_donor_only,one_donor_only,not_detected,not_detected,0
A:g_l3rest_007,FRZB,203697_at,1892.9,1.209,1,678.7,0.433,0,470.7,0.301,0,675.5,0.431,0,4112.9,2.626,1,RZ,4.02,8203.1,3.52,1,878.1,0.377,1,595.7,0.256,1,386.8,0.166,1,1587.5,0.681,1,RZ,21.21,1,1,detected,one_donor_only,one_donor_only,one_donor_only,detected,1
A:g_l3rest_007,FRZB,203698_s_at,1252.6,1.234,1,1097.9,1.081,1,19.6,0.019,0,20.4,0.02,0,2685.9,2.645,1,RZ,63.85,4258.3,3.409,1,286.4,0.229,1,707.2,0.566,1,326.1,0.261,0,667.6,0.534,1,RZ,14.87,1,1,detected,detected,one_donor_only,not_detected,detected,1
A:g_l3rest_007,FRZB,231273_x_at,332.1,1.19,0,229.4,0.822,0,160.7,0.576,0,364.2,1.305,0,308.8,1.107,0,HZ,2.27,104.6,0.681,0,132.5,0.862,0,170.2,1.107,0,263.8,1.717,0,97.4,0.634,0,HZ,2.52,1,1,not_detected,not_detected,not_detected,not_detected,not_detected,0
A:g_l3rest_007,FRZB,244419_at,236.7,0.548,0,884.4,2.047,1,62.2,0.144,0,69.0,0.16,0,908.4,2.102,1,PZ,14.22,443.2,2.276,1,128.7,0.661,0,109.4,0.562,0,84.0,0.432,0,208.2,1.069,0,RZ,5.27,1,0,one_donor_only,one_donor_only,not_detected,not_detected,one_donor_only,0
A:g_l3rest_007,WIF1,204712_at,103.7,0.763,0,203.3,1.496,0,37.2,0.274,0,31.8,0.234,0,303.5,2.233,0,PZ,6.38,2521.2,0.951,1,3117.6,1.176,1,3698.7,1.395,1,3711.6,1.4,1,210.0,0.079,0,HZ,1.47,0,0,one_donor_only,one_donor_only,one_donor_only,one_donor_only,not_detected,0
A:g_l3rest_007,LRP5,209468_at,172.2,2.405,0,43.4,0.606,0,64.7,0.904,0,25.8,0.361,0,51.8,0.724,0,RZ,6.67,178.2,0.895,0,322.9,1.622,1,191.0,0.959,0,152.0,0.763,0,151.7,0.762,0,PZ,2.12,1,0,not_detected,one_donor_only,not_detected,not_detected,not_detected,0
A:g_l3rest_007,LRP5,229591_at,487.1,2.028,0,198.8,0.828,0,205.2,0.854,0,246.5,1.026,0,63.2,0.263,0,RZ,2.45,99.2,1.187,0,32.2,0.386,0,33.8,0.404,0,77.6,0.929,0,175.0,2.094,0,RZ,3.08,1,1,not_detected,not_detected,not_detected,not_detected,not_detected,0
A:g_l3rest_007,LRP6,205606_at,118.6,1.21,0,51.4,0.525,0,132.8,1.356,0,77.7,0.793,0,109.4,1.116,0,PHZ,2.58,53.8,0.863,0,55.6,0.892,0,78.4,1.257,0,66.9,1.073,0,57.0,0.915,0,PHZ,1.46,1,1,not_detected,not_detected,not_detected,not_detected,not_detected,0
A:g_l3rest_007,LRP6,225745_at,539.8,0.599,0,347.0,0.385,0,1073.6,1.191,1,1338.4,1.485,1,1208.2,1.34,1,HZ,3.86,1026.1,1.007,1,818.5,0.803,1,690.1,0.677,1,1209.0,1.186,1,1352.5,1.327,1,HZ,1.75,1,1,one_donor_only,one_donor_only,detected,detected,detected,1
A:g_l3rest_007,LRP6,34697_at,287.7,1.117,0,42.9,0.167,0,255.9,0.994,0,409.3,1.589,0,291.6,1.132,0,HZ,9.53,301.6,1.167,0,230.9,0.893,0,313.5,1.213,0,325.8,1.261,0,120.6,0.466,0,HZ,1.41,1,1,not_detected,not_detected,not_detected,not_detected,not_detected,0
A:g_l3rest_009,NOTCH1,218902_at,1472.0,1.669,1,402.6,0.456,0,237.4,0.269,0,153.0,0.174,0,2144.4,2.432,1,RZ,9.62,1392.1,0.884,1,780.9,0.496,1,1122.5,0.713,1,1799.2,1.142,1,2780.2,1.765,1,HZ,2.3,0,0,detected,one_donor_only,one_donor_only,one_donor_only,detected,1
A:g_l3rest_009,NOTCH1,223508_at,275.9,1.94,0,18.9,0.133,0,49.4,0.348,0,79.5,0.559,0,287.4,2.021,0,RZ,14.6,20.8,0.332,0,54.9,0.878,0,184.6,2.952,0,24.2,0.386,0,28.3,0.452,0,PHZ,8.89,0,0,not_detected,not_detected,not_detected,not_detected,not_detected,0
A:g_l3rest_009,NOTCH2,202443_x_at,3925.2,1.26,1,2543.7,0.817,1,1558.3,0.5,1,3787.8,1.216,1,3755.8,1.206,1,RZ,2.52,8378.3,1.171,1,7395.5,1.034,1,8183.4,1.144,1,7257.4,1.014,1,4563.8,0.638,1,RZ,1.15,1,1,detected,detected,detected,detected,detected,1
A:g_l3rest_009,NOTCH2,202445_s_at,554.3,2.233,0,113.3,0.457,0,357.3,1.439,0,103.7,0.418,0,112.5,0.453,0,RZ,5.35,95.7,0.751,0,114.2,0.897,0,120.7,0.948,0,100.6,0.79,0,205.6,1.614,0,PHZ,1.26,0,0,not_detected,not_detected,not_detected,not_detected,not_detected,0
A:g_l3rest_009,NOTCH2,210756_s_at,404.6,1.931,0,102.3,0.488,0,67.5,0.322,0,353.8,1.688,0,119.6,0.571,0,RZ,5.99,347.7,0.701,1,489.6,0.986,1,710.8,1.432,1,677.2,1.364,1,256.5,0.517,0,PHZ,2.04,0,0,one_donor_only,one_donor_only,one_donor_only,one_donor_only,not_detected,0
A:g_l3rest_009,NOTCH2,212377_s_at,3923.2,1.528,1,1755.5,0.684,1,1346.8,0.525,1,3167.3,1.234,1,2644.8,1.03,1,RZ,2.91,6806.9,1.123,1,6645.5,1.096,1,7152.0,1.179,1,6270.9,1.034,1,3444.6,0.568,1,PHZ,1.14,0,0,detected,detected,detected,detected,detected,1
A:g_l3rest_009,NOTCH2,227067_x_at,443.1,0.973,0,100.8,0.222,0,327.2,0.719,0,607.8,1.335,0,797.1,1.751,0,HZ,6.03,1197.6,1.159,1,879.4,0.851,1,1501.7,1.454,1,1091.9,1.057,1,495.1,0.479,1,PHZ,1.71,1,0,one_donor_only,one_donor_only,one_donor_only,one_donor_only,one_donor_only,0
A:g_l3rest_009,NOTCH3,203237_s_at,75.7,0.975,0,70.0,0.902,0,95.5,1.23,0,70.8,0.912,0,76.1,0.98,0,PHZ,1.36,74.0,1.533,0,41.9,0.867,0,53.4,1.106,0,31.3,0.649,0,40.9,0.846,0,RZ,2.36,0,0,not_detected,not_detected,not_detected,not_detected,not_detected,0
A:g_l3rest_009,NOTCH3,203238_s_at,5506.8,2.733,1,61.1,0.03,0,50.2,0.025,0,485.3,0.241,0,3970.8,1.971,1,RZ,109.65,2141.2,0.606,1,2074.1,0.587,1,2459.3,0.696,1,2070.3,0.586,1,8918.3,2.525,1,PHZ,1.19,0,0,detected,one_donor_only,one_donor_only,one_donor_only,detected,1
A:g_l3rest_009,NOTCH4,205247_at,670.1,1.333,0,458.3,0.912,0,175.7,0.35,0,384.2,0.764,0,824.8,1.641,0,RZ,3.81,683.1,0.83,1,882.8,1.072,1,710.9,0.863,1,760.5,0.924,1,1079.8,1.311,1,PZ,1.29,1,0,one_donor_only,one_donor_only,one_donor_only,one_donor_only,one_donor_only,0
A:g_l3rest_009,NOTCH4,240786_at,45.8,0.792,0,47.3,0.818,0,51.9,0.897,0,59.0,1.02,0,85.2,1.473,0,HZ,1.29,38.5,1.247,0,24.4,0.79,0,32.7,1.059,0,20.8,0.674,0,38.0,1.23,0,RZ,1.85,0,0,not_detected,not_detected,not_detected,not_detected,not_detected,0
A:g_l3rest_009,JAG1,209097_s_at,197.5,2.501,0,23.7,0.3,0,85.3,1.081,0,44.4,0.562,0,43.9,0.556,0,RZ,8.35,35.4,0.889,0,13.7,0.344,0,121.9,3.06,0,15.3,0.383,0,12.9,0.324,0,PHZ,8.9,0,0,not_detected,not_detected,not_detected,not_detected,not_detected,0
A:g_l3rest_009,JAG1,209098_s_at,530.0,1.626,0,12.4,0.038,0,124.2,0.381,0,463.1,1.42,0,500.4,1.535,0,RZ,42.8,306.6,0.977,0,240.7,0.767,0,302.2,0.963,0,175.6,0.56,0,543.5,1.733,1,RZ,1.75,1,1,not_detected,not_detected,not_detected,not_detected,one_donor_only,0
A:g_l3rest_009,JAG1,209099_x_at,2417.6,2.122,1,139.5,0.122,0,447.9,0.393,0,335.4,0.294,0,2356.5,2.068,1,RZ,17.33,2387.1,0.911,1,1805.1,0.689,1,2802.2,1.069,1,2358.6,0.9,1,3749.5,1.431,1,PHZ,1.55,0,0,detected,one_donor_only,one_donor_only,one_donor_only,detected,1
A:g_l3rest_009,JAG1,216268_s_at,3445.6,2.556,1,172.5,0.128,0,237.9,0.176,0,133.3,0.099,0,2750.9,2.041,1,RZ,25.84,2252.1,0.887,1,1945.3,0.766,1,2303.0,0.907,1,2138.0,0.842,1,4054.9,1.597,1,PHZ,1.18,0,0,detected,one_donor_only,one_donor_only,one_donor_only,detected,1
A:g_l3rest_009,JAG1,229924_s_at,44.8,0.63,0,81.5,1.146,0,72.8,1.024,0,97.1,1.365,0,59.3,0.834,0,HZ,2.17,17.3,0.765,0,16.4,0.725,0,17.1,0.753,0,19.8,0.872,0,42.7,1.885,0,HZ,1.2,1,1,not_detected,not_detected,not_detected,not_detected,not_detected,0
A:g_l3rest_009,JAG2,209784_s_at,7488.1,2.197,1,1125.9,0.33,1,2763.1,0.811,1,1975.0,0.579,1,3692.9,1.083,1,RZ,6.65,2881.7,0.727,1,3047.4,0.769,1,3946.7,0.996,1,2805.2,0.708,1,7141.6,1.801,1,PHZ,1.41,0,0,detected,detected,detected,detected,detected,1
A:g_l3rest_009,JAG2,32137_at,12969.6,1.923,1,2492.2,0.369,1,6396.3,0.948,1,4773.1,0.708,1,7099.2,1.052,1,RZ,5.2,5818.7,0.734,1,6369.8,0.803,1,7758.6,0.979,1,6266.6,0.79,1,13426.7,1.694,1,PHZ,1.33,0,0,detected,detected,detected,detected,detected,1
A:g_l3rest_009,DLL1,224215_s_at,962.2,1.405,1,99.9,0.146,0,1497.5,2.186,1,60.1,0.088,0,805.6,1.176,0,PHZ,24.93,1025.0,1.149,1,1096.1,1.228,1,829.5,0.93,1,488.1,0.547,1,1023.0,1.146,1,PZ,2.25,1,0,detected,one_donor_only,detected,one_donor_only,one_donor_only,1
A:g_l3rest_009,DLL1,227938_s_at,24.3,0.375,0,36.2,0.558,0,176.6,2.72,0,54.2,0.836,0,33.2,0.511,0,PHZ,7.25,125.2,2.332,0,10.9,0.203,0,28.3,0.527,0,37.5,0.698,0,66.5,1.239,0,RZ,11.47,0,0,not_detected,not_detected,not_detected,not_detected,not_detected,0
A:g_l3rest_009,DLL3,219537_x_at,104.2,0.409,0,248.1,0.973,0,437.5,1.716,0,312.9,1.227,0,172.4,0.676,0,PHZ,4.2,94.7,0.533,0,217.0,1.221,0,287.7,1.619,0,174.3,0.981,0,114.9,0.647,0,PHZ,3.04,1,1,not_detected,not_detected,not_detected,not_detected,not_detected,0
A:g_l3rest_009,DLL3,222898_s_at,242.8,0.691,0,295.6,0.841,0,163.0,0.464,0,475.7,1.354,0,579.7,1.65,0,HZ,2.92,157.4,1.309,0,73.5,0.612,0,126.2,1.049,0,97.7,0.813,0,146.3,1.216,0,RZ,2.14,0,0,not_detected,not_detected,not_detected,not_detected,not_detected,0
A:g_l3rest_009,DLL3,229755_x_at,201.2,0.732,0,94.0,0.342,0,118.4,0.431,0,461.3,1.679,0,498.7,1.815,0,HZ,4.91,76.8,1.395,0,39.8,0.723,0,70.8,1.285,0,40.0,0.726,0,48.0,0.871,0,RZ,1.93,0,0,not_detected,not_detected,not_detected,not_detected,not_detected,0
A:g_l3rest_009,DLL3,230568_x_at,56.3,0.413,0,380.9,2.79,0,80.1,0.587,0,76.5,0.56,0,88.8,0.65,0,PZ,6.76,27.8,0.579,0,79.3,1.651,0,51.1,1.063,0,42.8,0.891,0,39.2,0.815,0,PZ,2.85,1,1,not_detected,not_detected,not_detected,not_detected,not_detected,0
A:g_l3rest_009,DLL4,223525_at,91.0,1.5,0,63.6,1.047,0,49.7,0.819,0,52.2,0.861,0,46.9,0.773,0,RZ,1.83,53.0,0.388,0,239.6,1.753,0,169.2,1.238,0,103.4,0.757,0,118.0,0.864,0,PZ,4.52,1,0,not_detected,not_detected,not_detected,not_detected,not_detected,0
A:g_l3rest_009,HES1,203393_at,86.3,1.799,0,40.4,0.842,0,53.1,1.107,0,27.4,0.572,0,32.6,0.68,0,RZ,3.15,18.7,0.954,0,19.7,1.005,0,18.7,0.955,0,15.6,0.796,0,25.3,1.29,0,PZ,1.26,1,0,not_detected,not_detected,not_detected,not_detected,not_detected,0
A:g_l3rest_009,HES1,203394_s_at,1128.3,1.746,1,392.1,0.607,0,517.6,0.801,0,586.7,0.908,0,605.6,0.937,0,RZ,2.88,393.4,0.867,1,214.6,0.473,0,208.9,0.461,0,487.0,1.074,1,964.0,2.125,1,HZ,2.33,0,0,detected,not_detected,not_detected,one_donor_only,one_donor_only,1
A:g_l3rest_009,HES1,203395_s_at,1030.0,2.234,1,206.3,0.447,0,213.4,0.463,0,264.4,0.573,0,591.4,1.283,0,RZ,4.99,1288.5,1.028,1,870.5,0.695,1,1329.2,1.061,1,1547.8,1.235,1,1228.6,0.981,1,HZ,1.78,0,0,detected,one_donor_only,one_donor_only,one_donor_only,one_donor_only,1
A:g_l3rest_009,HES5,239230_at,149.7,0.637,0,21.4,0.091,0,149.0,0.634,0,318.3,1.354,0,536.8,2.284,0,HZ,14.86,593.4,1.056,1,375.9,0.669,1,446.3,0.794,1,583.6,1.039,1,810.4,1.442,1,RZ,1.58,0,0,one_donor_only,one_donor_only,one_donor_only,one_donor_only,one_donor_only,0
A:g_l3rest_009,HEY1,218839_at,1109.8,2.301,1,65.3,0.135,0,42.1,0.087,0,34.1,0.071,0,1160.2,2.405,1,RZ,32.51,5782.4,1.312,1,5105.1,1.158,1,6165.6,1.398,1,2881.7,0.654,1,2108.9,0.478,1,PHZ,2.14,0,0,detected,one_donor_only,one_donor_only,one_donor_only,detected,1
A:g_l3rest_009,HEY1,44783_s_at,4373.2,2.315,1,957.7,0.507,1,550.0,0.291,0,285.1,0.151,0,3280.0,1.736,1,RZ,15.34,13350.4,1.223,1,12601.6,1.154,1,14160.3,1.297,1,8751.4,0.801,1,5733.7,0.525,1,PHZ,1.62,0,0,detected,detected,one_donor_only,one_donor_only,detected,1
A:g_l3rest_009,HEY2,219743_at,494.9,1.33,0,43.4,0.117,0,27.1,0.073,0,103.1,0.277,0,1192.3,3.204,1,RZ,18.27,1021.6,0.916,1,921.9,0.827,1,1771.5,1.589,1,875.2,0.785,1,984.0,0.883,1,PHZ,2.02,0,0,one_donor_only,one_donor_only,one_donor_only,one_donor_only,detected,1
A:g_l3rest_009,HEY2,222921_s_at,2115.6,1.208,1,2170.6,1.239,1,1323.5,0.756,1,966.0,0.552,1,2180.8,1.245,1,PZ,2.25,1769.1,0.947,1,1264.9,0.677,1,2182.5,1.168,1,2225.7,1.191,1,1900.1,1.017,1,HZ,1.76,0,0,detected,detected,detected,detected,detected,1
A:g_l3rest_009,RBPJ,207785_s_at,936.4,0.693,1,374.5,0.277,0,3137.7,2.321,1,599.2,0.443,0,1712.7,1.267,1,PHZ,8.38,1742.8,1.082,1,1865.1,1.158,1,1420.2,0.881,1,1435.7,0.891,1,1591.7,0.988,1,PZ,1.31,1,0,detected,one_donor_only,detected,one_donor_only,detected,1
A:g_l3rest_009,RBPJ,211974_x_at,5751.4,1.413,1,3459.8,0.85,1,3593.4,0.883,1,3197.8,0.786,1,4351.9,1.069,1,RZ,1.8,3463.4,1.016,1,3466.9,1.017,1,3122.9,0.916,1,3270.6,0.959,1,3728.3,1.093,1,PZ,1.11,1,0,detected,detected,detected,detected,detected,1
A:g_l3rest_009,RBPJ,229540_at,347.9,0.667,0,775.5,1.486,1,425.5,0.816,0,418.0,0.801,0,641.8,1.23,0,PZ,2.23,11.4,0.078,0,85.5,0.589,0,190.4,1.312,0,222.9,1.535,0,215.7,1.486,0,HZ,19.58,0,0,not_detected,one_donor_only,not_detected,not_detected,not_detected,0
A:g_l3rest_009,PSEN1,1559206_at,28.5,0.393,0,145.5,2.006,0,40.1,0.553,0,129.5,1.786,0,19.0,0.262,0,PZ,5.11,8.6,0.543,0,5.6,0.356,0,12.9,0.813,0,36.2,2.283,0,15.9,1.006,0,HZ,6.41,0,0,not_detected,not_detected,not_detected,not_detected,not_detected,0
A:g_l3rest_009,PSEN1,1567440_at,525.0,1.359,0,189.9,0.492,0,335.0,0.867,0,381.7,0.988,0,499.4,1.293,0,RZ,2.77,255.2,1.36,0,102.3,0.545,0,99.4,0.53,0,139.7,0.745,0,341.5,1.82,0,RZ,2.57,1,1,not_detected,not_detected,not_detected,not_detected,not_detected,0
A:g_l3rest_009,PSEN1,1567443_x_at,103.1,1.888,0,43.2,0.791,0,67.4,1.234,0,30.6,0.56,0,28.8,0.527,0,RZ,3.37,51.2,0.589,0,56.1,0.646,0,149.2,1.716,0,77.1,0.887,0,101.1,1.163,0,PHZ,2.92,0,0,not_detected,not_detected,not_detected,not_detected,not_detected,0
A:g_l3rest_009,PSEN1,203460_s_at,1169.3,1.658,1,163.3,0.232,0,270.3,0.383,0,200.9,0.285,0,1722.8,2.443,1,RZ,7.16,2136.5,1.129,1,1728.6,0.913,1,2057.3,1.087,1,2418.3,1.278,1,1122.1,0.593,1,HZ,1.4,0,0,detected,one_donor_only,one_donor_only,one_donor_only,detected,1
A:g_l3rest_009,PSEN1,207782_s_at,99.0,0.748,0,157.7,1.192,0,162.0,1.224,0,67.9,0.513,0,175.1,1.323,0,PHZ,2.39,20.1,0.291,0,29.2,0.424,0,9.4,0.137,0,222.4,3.229,0,63.3,0.919,0,HZ,23.58,1,0,not_detected,not_detected,not_detected,not_detected,not_detected,0
A:g_l3rest_009,PSEN1,226577_at,1256.5,1.126,1,826.3,0.741,1,1473.4,1.321,1,1058.0,0.948,1,964.2,0.864,1,PHZ,1.78,755.3,0.758,1,779.9,0.783,1,1391.2,1.397,1,896.1,0.9,1,1156.6,1.161,1,PHZ,1.84,1,1,detected,detected,detected,detected,detected,1
A:g_l3rest_009,PSEN1,238816_at,402.4,1.511,0,226.9,0.852,0,251.9,0.946,0,228.9,0.859,0,221.5,0.832,0,RZ,1.77,62.6,0.398,0,189.0,1.202,0,157.2,1.0,0,132.2,0.841,0,245.0,1.559,0,PZ,3.02,1,0,not_detected,not_detected,not_detected,not_detected,not_detected,0
A:g_l6mech_007,PIEZO1,1566110_at,338.7,0.623,0,589.1,1.084,0,567.7,1.045,0,807.7,1.486,1,414.4,0.762,0,HZ,2.38,266.1,1.012,0,270.2,1.027,1,216.1,0.822,0,188.0,0.715,0,374.5,1.424,0,PZ,1.44,0,0,not_detected,one_donor_only,not_detected,one_donor_only,not_detected,0
A:g_l6mech_007,PIEZO1,1566111_at,507.8,1.266,0,298.6,0.744,0,125.7,0.313,0,501.9,1.251,0,572.1,1.426,0,RZ,4.04,226.3,0.685,0,195.0,0.59,0,239.4,0.725,0,645.9,1.955,1,345.0,1.044,0,HZ,3.31,0,0,not_detected,not_detected,not_detected,one_donor_only,not_detected,0
A:g_l6mech_007,PIEZO1,202771_at,8986.3,0.654,1,7892.9,0.575,1,20594.0,1.5,1,24441.8,1.78,1,6738.2,0.491,1,HZ,3.1,16411.4,1.405,1,8571.5,0.734,1,9999.9,0.856,1,11254.8,0.963,1,12180.7,1.043,1,RZ,1.91,0,0,detected,detected,detected,detected,detected,1
A:g_l6mech_007,PIEZO2,1562488_at,642.6,1.059,0,349.1,0.575,0,605.4,0.998,0,660.0,1.087,0,777.5,1.281,0,HZ,1.89,160.3,0.826,0,152.2,0.784,0,239.5,1.235,0,195.4,1.007,0,222.7,1.148,0,PHZ,1.57,1,0,not_detected,not_detected,not_detected,not_detected,not_detected,0
A:g_l6mech_007,PIEZO2,1563584_at,441.0,0.991,0,278.6,0.626,0,562.9,1.265,0,545.1,1.225,0,397.9,0.894,0,PHZ,2.02,156.7,0.873,0,138.9,0.774,0,226.6,1.262,0,184.8,1.029,0,190.7,1.062,0,PHZ,1.63,1,1,not_detected,not_detected,not_detected,not_detected,not_detected,0
A:g_l6mech_007,PIEZO2,1564015_at,33.1,0.396,0,185.1,2.212,0,22.2,0.266,0,158.8,1.898,0,19.1,0.228,0,PZ,8.32,50.6,2.302,0,6.6,0.299,0,15.3,0.699,0,11.7,0.532,0,25.6,1.168,0,RZ,7.7,1,0,not_detected,not_detected,not_detected,not_detected,not_detected,0
A:g_l6mech_007,PIEZO2,1565774_at,13.8,0.496,0,50.0,1.797,0,18.3,0.66,0,28.6,1.029,0,28.3,1.018,0,PZ,3.62,7.4,0.602,0,10.8,0.88,0,6.8,0.555,0,18.7,1.521,0,17.8,1.441,0,HZ,2.74,0,0,not_detected,not_detected,not_detected,not_detected,not_detected,0
A:g_l6mech_007,PIEZO2,219602_s_at,314.5,1.409,0,296.5,1.328,0,88.4,0.396,0,99.7,0.446,0,317.4,1.421,0,RZ,3.56,90.1,0.407,0,225.4,1.018,0,400.2,1.806,1,140.7,0.635,0,251.4,1.135,0,PHZ,4.44,0,0,not_detected,not_detected,one_donor_only,not_detected,not_detected,0
A:g_l6mech_007,PIEZO2,222908_at,221.2,1.524,0,51.4,0.354,0,43.6,0.3,0,27.4,0.189,0,382.3,2.633,0,RZ,8.08,430.2,1.067,1,326.4,0.809,1,598.0,1.483,1,308.3,0.765,0,353.1,0.876,0,PHZ,1.94,0,0,one_donor_only,one_donor_only,one_donor_only,not_detected,not_detected,0
A:g_l6mech_007,TRPV4,219516_at,662.7,0.481,0,2069.4,1.501,1,1757.6,1.275,1,1725.7,1.252,1,676.1,0.491,0,PZ,3.12,1049.8,1.374,1,1146.7,1.501,1,810.9,1.061,1,642.7,0.841,1,170.8,0.224,0,PZ,1.78,1,1,one_donor_only,detected,detected,detected,not_detected,1
A:g_l11path_023,SLC16A2,204462_s_at,347.9,0.782,0,234.2,0.526,0,581.8,1.308,0,642.0,1.443,0,418.9,0.941,0,HZ,2.74,241.5,0.92,0,289.1,1.101,1,204.0,0.777,0,228.3,0.87,0,349.8,1.332,0,PZ,1.42,0,0,not_detected,one_donor_only,not_detected,not_detected,not_detected,0
A:g_l11path_023,SLC16A10,219915_s_at,44.4,0.223,0,263.0,1.318,0,125.8,0.63,0,255.6,1.282,0,308.6,1.547,0,PZ,5.92,6.6,0.115,0,15.1,0.263,0,47.8,0.833,0,130.8,2.278,0,86.8,1.511,0,HZ,19.78,0,0,not_detected,not_detected,not_detected,not_detected,not_detected,0
A:g_l11path_023,SLC16A10,222939_s_at,33.6,0.928,0,23.4,0.648,0,27.0,0.745,0,44.0,1.216,0,52.9,1.463,0,HZ,1.88,20.0,0.155,0,39.0,0.303,0,36.5,0.284,0,530.5,4.124,1,17.2,0.134,0,HZ,26.55,1,1,not_detected,not_detected,not_detected,one_donor_only,not_detected,0
A:g_l11path_023,SLC16A10,236220_at,10.3,0.148,0,78.7,1.133,0,51.5,0.742,0,93.6,1.349,0,113.0,1.628,0,HZ,9.09,9.0,0.267,0,24.8,0.737,0,10.4,0.31,0,118.6,3.527,0,5.3,0.159,0,HZ,13.22,1,1,not_detected,not_detected,not_detected,not_detected,not_detected,0
A:g_l11path_023,SLCO1C1,220460_at,382.1,1.288,0,96.4,0.325,0,185.4,0.625,0,367.7,1.24,0,451.1,1.521,0,RZ,3.96,326.2,1.018,0,374.9,1.17,1,282.5,0.881,0,336.2,1.049,1,282.3,0.881,0,PZ,1.33,1,0,not_detected,one_donor_only,not_detected,one_donor_only,not_detected,0
A:g_l11path_023,SLCO1C1,241951_at,354.1,1.193,0,113.4,0.382,0,288.3,0.972,0,416.0,1.402,0,312.1,1.052,0,HZ,3.67,82.9,0.448,0,70.6,0.382,0,238.7,1.291,0,170.0,0.919,0,362.6,1.96,0,PHZ,3.38,1,0,not_detected,not_detected,not_detected,not_detected,not_detected,0
A:g_l11path_023,SLC7A5,201195_s_at,890.8,0.623,1,1975.0,1.38,1,2255.8,1.577,1,1801.6,1.259,1,230.9,0.161,0,PHZ,2.53,723.2,0.899,1,1048.7,1.304,1,1058.5,1.316,1,1037.3,1.29,1,153.7,0.191,0,PHZ,1.46,1,1,detected,detected,detected,detected,not_detected,1
A:g_l11path_023,SLC7A8,202752_x_at,361.9,0.566,0,935.0,1.462,1,574.2,0.898,0,230.4,0.36,0,1095.9,1.714,1,PZ,4.06,842.9,0.856,1,962.6,0.977,1,1302.5,1.322,1,1125.3,1.142,1,692.1,0.703,1,PHZ,1.55,1,0,one_donor_only,detected,one_donor_only,one_donor_only,detected,1
A:g_l11path_023,SLC7A8,216092_s_at,790.0,1.036,1,812.0,1.065,1,584.5,0.766,0,533.8,0.7,0,1093.3,1.433,1,PZ,1.52,1027.3,1.045,1,956.5,0.973,1,1338.5,1.362,1,986.4,1.003,1,606.8,0.617,1,PHZ,1.4,1,0,detected,detected,one_donor_only,one_donor_only,detected,1
A:g_l11path_023,SLC7A8,216603_at,42.3,0.4,0,43.5,0.411,0,45.7,0.432,0,121.6,1.15,0,275.6,2.606,0,HZ,2.87,39.7,1.183,0,20.5,0.61,0,39.3,1.173,0,26.5,0.789,0,41.8,1.246,0,RZ,1.94,0,0,not_detected,not_detected,not_detected,not_detected,not_detected,0
A:g_l11path_023,SLC7A8,216604_s_at,598.3,1.461,0,212.1,0.518,0,544.7,1.33,0,57.0,0.139,0,634.8,1.551,0,RZ,10.5,71.9,0.983,0,14.1,0.193,0,51.8,0.708,0,25.8,0.353,0,202.1,2.763,0,RZ,5.1,1,1,not_detected,not_detected,not_detected,not_detected,not_detected,0
A:g_l11path_023,SLC7A8,217248_s_at,255.2,1.618,0,18.8,0.12,0,169.2,1.073,0,249.2,1.58,0,96.1,0.609,0,RZ,13.54,16.0,0.686,0,18.1,0.777,0,21.5,0.92,0,28.5,1.223,0,32.5,1.394,0,HZ,1.78,0,0,not_detected,not_detected,not_detected,not_detected,not_detected,0
A:g_l11path_023,DIO1,206457_s_at,176.1,0.965,0,154.4,0.847,0,194.7,1.067,0,171.6,0.941,0,215.3,1.18,0,PHZ,1.26,42.7,0.814,0,78.6,1.498,0,55.9,1.065,0,64.4,1.228,0,20.8,0.396,0,PZ,1.84,1,0,not_detected,not_detected,not_detected,not_detected,not_detected,0
A:g_l11path_023,DIO2,203699_s_at,292.5,1.134,0,106.7,0.414,0,97.4,0.378,0,399.5,1.549,0,393.1,1.525,0,HZ,4.1,309.4,2.128,0,109.4,0.753,0,134.0,0.922,0,142.0,0.977,0,32.1,0.221,0,RZ,2.83,0,0,not_detected,not_detected,not_detected,not_detected,not_detected,0
A:g_l11path_023,DIO2,203700_s_at,2207.0,1.769,1,837.8,0.672,1,582.0,0.466,0,478.3,0.383,0,2133.1,1.71,1,RZ,4.61,4097.8,1.328,1,3297.9,1.069,1,2951.1,0.956,1,2375.9,0.77,1,2705.8,0.877,1,RZ,1.72,1,1,detected,detected,one_donor_only,one_donor_only,detected,1
A:g_l11path_023,DIO2,210819_x_at,176.2,0.666,0,184.4,0.697,0,262.3,0.992,0,101.9,0.385,0,598.0,2.26,0,PHZ,2.57,80.3,0.662,0,19.5,0.161,0,193.2,1.593,0,153.4,1.265,0,159.8,1.318,0,PHZ,9.9,1,1,not_detected,not_detected,not_detected,not_detected,not_detected,0
A:g_l11path_023,DIO2,211215_x_at,119.1,1.046,0,67.5,0.593,0,31.5,0.277,0,291.9,2.564,0,59.2,0.52,0,HZ,9.26,18.4,0.895,0,14.2,0.689,0,23.7,1.155,0,15.2,0.742,0,31.2,1.519,0,PHZ,1.68,1,0,not_detected,not_detected,not_detected,not_detected,not_detected,0
A:g_l11path_023,DIO2,231240_at,700.5,1.227,0,371.8,0.651,0,355.3,0.622,0,317.8,0.557,0,1109.7,1.943,1,RZ,2.2,390.1,1.186,1,183.9,0.559,0,699.5,2.126,1,202.8,0.616,0,168.5,0.512,0,PHZ,3.8,0,0,one_donor_only,not_detected,one_donor_only,not_detected,one_donor_only,0
A:g_l11path_023,DIO3,207154_at,408.4,2.37,0,67.8,0.393,0,66.2,0.384,0,116.0,0.673,0,203.3,1.18,0,RZ,6.17,28.9,0.2,0,140.7,0.971,0,97.9,0.675,0,40.1,0.277,0,416.8,2.877,0,PZ,4.87,1,0,not_detected,not_detected,not_detected,not_detected,not_detected,0
A:g_l11path_023,THRA,1316_at,616.8,0.656,0,1149.6,1.223,1,697.2,0.742,1,1095.3,1.165,1,1141.9,1.215,1,PZ,1.86,288.2,0.86,0,277.6,0.828,1,302.0,0.901,0,330.5,0.986,1,476.9,1.423,1,HZ,1.19,0,0,not_detected,detected,one_donor_only,detected,detected,1
A:g_l11path_023,THRA,204100_at,378.1,1.981,0,76.9,0.403,0,62.0,0.325,0,372.0,1.949,0,65.1,0.341,0,RZ,6.1,53.4,0.393,0,72.3,0.532,0,82.1,0.604,0,78.2,0.575,0,393.4,2.895,0,PHZ,1.54,0,0,not_detected,not_detected,not_detected,not_detected,not_detected,0
A:g_l11path_023,THRA,204760_s_at,79.1,0.18,0,1984.0,4.523,1,57.4,0.131,0,28.3,0.064,0,44.5,0.101,0,PZ,70.22,798.2,1.819,1,109.2,0.249,0,239.1,0.545,0,277.4,0.632,0,770.0,1.755,1,RZ,7.31,1,0,one_donor_only,one_donor_only,not_detected,not_detected,one_donor_only,0
A:g_l11path_023,THRA,214883_at,125.8,1.123,0,283.8,2.533,0,75.3,0.672,0,34.7,0.31,0,40.5,0.362,0,PZ,8.18,154.2,1.125,0,148.7,1.085,0,199.2,1.453,0,124.4,0.908,0,58.8,0.429,0,PHZ,1.6,1,0,not_detected,not_detected,not_detected,not_detected,not_detected,0
A:g_l11path_023,THRA,217476_at,204.1,2.144,0,65.1,0.684,0,53.4,0.561,0,59.7,0.627,0,93.7,0.984,0,RZ,3.82,41.7,1.04,0,24.3,0.607,0,41.1,1.026,0,52.1,1.299,0,41.2,1.028,0,HZ,2.14,0,0,not_detected,not_detected,not_detected,not_detected,not_detected,0
A:g_l11path_023,THRA,31637_s_at,4204.7,0.834,1,11311.0,2.242,1,3401.6,0.674,1,1330.5,0.264,1,4974.6,0.986,1,PZ,8.5,5406.2,1.634,1,3109.1,0.94,1,1482.0,0.448,1,2153.3,0.651,1,4391.4,1.327,1,RZ,3.65,1,0,detected,detected,detected,detected,detected,1
A:g_l11path_023,THRA,35846_at,1638.5,1.495,1,723.7,0.66,0,1123.5,1.025,1,939.8,0.858,1,1052.8,0.961,1,RZ,2.26,784.0,0.904,1,849.0,0.979,1,1048.0,1.208,1,633.1,0.73,1,1023.1,1.179,1,PHZ,1.66,0,0,detected,one_donor_only,detected,detected,detected,1
A:g_l11path_023,THRB,207044_at,601.6,1.529,0,71.7,0.182,0,935.4,2.378,1,222.4,0.565,0,135.7,0.345,0,PHZ,13.04,170.1,0.502,0,458.6,1.353,1,321.1,0.947,0,465.3,1.372,1,280.1,0.826,0,HZ,2.74,1,0,not_detected,one_donor_only,one_donor_only,one_donor_only,not_detected,0
A:g_l11path_023,THRB,228716_at,1034.4,0.471,1,451.2,0.206,0,3525.1,1.607,1,4885.7,2.227,1,1073.0,0.489,1,HZ,10.83,1178.8,1.034,1,969.0,0.85,1,1076.1,0.944,1,2174.5,1.907,1,302.3,0.265,0,HZ,2.24,1,1,detected,one_donor_only,detected,detected,one_donor_only,1
A:g_l11path_023,THRB,229657_at,577.6,0.36,0,3291.3,2.05,1,1679.0,1.046,1,1541.1,0.96,1,937.0,0.584,1,PZ,5.7,663.6,1.077,1,1029.0,1.67,1,307.2,0.499,0,537.9,0.873,1,542.1,0.88,1,PZ,3.35,1,1,one_donor_only,detected,one_donor_only,detected,detected,1
B:PRKG1_vs_PRKG2,PRKG1,207119_at,28.5,0.63,0,15.9,0.351,0,15.2,0.335,0,84.0,1.853,0,83.0,1.831,0,HZ,5.53,8.7,1.289,0,2.2,0.32,0,9.1,1.346,0,10.4,1.535,0,3.5,0.51,0,HZ,4.8,1,1,not_detected,not_detected,not_detected,not_detected,not_detected,0
B:PRKG1_vs_PRKG2,PRKG1,211380_s_at,20.1,0.35,0,20.8,0.363,0,18.2,0.318,0,184.2,3.208,0,43.7,0.762,0,HZ,10.1,47.9,2.336,0,6.9,0.338,0,9.2,0.448,0,16.0,0.782,0,22.5,1.096,0,RZ,6.91,0,0,not_detected,not_detected,not_detected,not_detected,not_detected,0
B:PRKG1_vs_PRKG2,PRKG1,228396_at,1440.5,0.639,1,240.9,0.107,0,2320.8,1.03,1,4228.4,1.876,1,3039.6,1.349,1,HZ,17.55,556.1,0.442,1,892.4,0.709,1,1183.0,0.939,1,1506.6,1.196,1,2158.5,1.714,1,HZ,2.71,1,1,detected,one_donor_only,detected,detected,detected,1
B:PRKG1_vs_PRKG2,PRKG2,207505_at,375.3,0.66,0,348.0,0.612,0,672.4,1.182,1,1057.5,1.859,1,391.2,0.688,0,HZ,3.04,9.5,0.026,0,389.4,1.08,1,659.1,1.828,1,550.0,1.526,1,194.6,0.54,0,PHZ,69.33,1,0,not_detected,one_donor_only,detected,detected,not_detected,1
B:ANKH_vs_ENPP1,ANKH,1560369_at,280.1,1.917,0,47.2,0.323,0,45.7,0.313,0,232.2,1.589,0,125.4,0.858,0,RZ,6.12,29.1,0.392,0,16.0,0.216,0,125.9,1.698,0,9.1,0.122,0,190.6,2.571,0,PHZ,13.89,0,0,not_detected,not_detected,not_detected,not_detected,not_detected,0
B:ANKH_vs_ENPP1,ANKH,1560370_x_at,317.0,0.846,0,384.8,1.027,0,312.9,0.835,0,541.8,1.446,0,316.7,0.845,0,HZ,1.73,24.3,0.251,0,56.8,0.587,0,170.9,1.767,0,107.4,1.111,0,124.2,1.284,0,PHZ,7.03,1,0,not_detected,not_detected,not_detected,not_detected,not_detected,0
B:ANKH_vs_ENPP1,ANKH,220076_at,293.9,0.713,0,869.6,2.11,1,130.3,0.316,0,239.0,0.58,0,528.0,1.281,0,PZ,6.67,1253.6,1.27,1,1145.1,1.16,1,1043.0,1.057,1,862.4,0.874,1,631.2,0.639,1,RZ,1.45,1,0,one_donor_only,detected,one_donor_only,one_donor_only,one_donor_only,1
B:ANKH_vs_ENPP1,ANKH,223092_at,1331.6,0.444,1,4819.7,1.607,1,4084.6,1.362,1,318.7,0.106,0,4441.9,1.481,1,PZ,15.12,12523.2,1.312,1,12133.7,1.271,1,12115.4,1.269,1,9871.5,1.034,1,1082.2,0.113,1,RZ,1.27,1,0,detected,detected,detected,one_donor_only,detected,1
B:ANKH_vs_ENPP1,ANKH,223093_at,738.0,1.664,0,476.6,1.075,0,532.0,1.2,0,192.7,0.435,0,277.7,0.626,0,RZ,3.83,2491.9,1.279,1,3062.8,1.572,1,1950.1,1.001,1,1674.1,0.859,1,561.8,0.288,1,PZ,1.83,1,0,one_donor_only,one_donor_only,one_donor_only,one_donor_only,one_donor_only,0
B:ANKH_vs_ENPP1,ANKH,223094_s_at,250.5,0.855,0,40.4,0.138,0,72.6,0.248,0,40.8,0.139,0,1060.9,3.62,1,RZ,6.2,966.2,0.889,1,1380.7,1.27,1,1730.1,1.592,1,1219.7,1.122,1,138.1,0.127,0,PHZ,1.79,0,0,one_donor_only,one_donor_only,one_donor_only,one_donor_only,one_donor_only,0
B:ANKH_vs_ENPP1,ANKH,229176_at,704.6,1.256,0,328.8,0.586,0,848.7,1.513,1,113.6,0.203,0,809.7,1.443,0,PHZ,7.47,1559.7,1.142,1,2055.8,1.506,1,1244.7,0.912,1,1126.5,0.825,1,840.6,0.616,1,PZ,1.82,1,0,one_donor_only,one_donor_only,detected,one_donor_only,one_donor_only,1
B:ANKH_vs_ENPP1,ENPP1,205065_at,29.1,0.186,0,119.4,0.763,0,285.6,1.825,0,100.4,0.642,0,247.8,1.584,0,PHZ,9.8,216.1,1.78,0,133.9,1.103,0,14.3,0.118,0,103.0,0.848,0,139.8,1.151,0,RZ,15.12,0,0,not_detected,not_detected,not_detected,not_detected,not_detected,0
B:ANKH_vs_ENPP1,ENPP1,205066_s_at,827.4,0.316,1,3116.1,1.19,1,2752.2,1.051,1,5364.4,2.049,1,1032.9,0.394,1,HZ,6.48,1777.6,1.059,1,3265.4,1.946,1,1656.0,0.987,1,1379.8,0.822,1,312.6,0.186,0,PZ,2.37,0,0,detected,detected,detected,detected,one_donor_only,1
B:ANKH_vs_ENPP1,ENPP1,228952_at,118.8,0.212,0,668.4,1.192,0,872.1,1.556,1,873.7,1.559,1,269.9,0.481,0,HZ,7.36,417.5,0.984,1,686.3,1.618,1,370.6,0.874,1,460.2,1.085,1,186.0,0.439,0,PZ,1.85,0,0,one_donor_only,one_donor_only,detected,detected,not_detected,1
B:ANKH_vs_ENPP1,ENPP1,229088_at,1802.4,0.313,1,13919.9,2.416,1,7872.6,1.366,1,3545.4,0.615,1,1673.0,0.29,1,PZ,7.72,4629.8,1.346,1,5337.9,1.552,1,2531.1,0.736,1,3600.3,1.047,1,1095.4,0.319,1,PZ,2.11,1,1,detected,detected,detected,detected,detected,1
B:ANKH_vs_ENPP1,ENPP2,209392_at,1335.5,0.883,1,920.8,0.609,1,2195.9,1.451,1,2152.6,1.423,1,959.9,0.634,1,PHZ,2.38,10394.2,1.017,1,14483.1,1.417,1,12949.5,1.267,1,10166.9,0.995,1,3099.9,0.303,1,PZ,1.42,1,0,detected,detected,detected,detected,detected,1
B:ANKH_vs_ENPP1,ENPP2,210839_s_at,408.0,0.874,0,509.3,1.09,0,534.8,1.145,0,638.4,1.367,0,244.5,0.524,0,HZ,1.56,2758.2,0.831,1,4267.9,1.285,1,5139.0,1.548,1,3427.8,1.032,1,1008.4,0.304,1,PHZ,1.86,1,0,one_donor_only,one_donor_only,one_donor_only,one_donor_only,one_donor_only,0
B:ANKH_vs_ENPP1,ENPP3,222938_x_at,218.5,0.543,0,607.6,1.511,0,411.0,1.022,0,317.4,0.789,0,456.0,1.134,0,PZ,2.78,30.7,0.188,0,188.8,1.157,0,252.0,1.545,0,175.8,1.078,0,168.3,1.032,0,PHZ,8.2,1,0,not_detected,not_detected,not_detected,not_detected,not_detected,0
B:ANKH_vs_ENPP1,ENPP3,232737_s_at,116.2,0.367,0,1231.9,3.886,1,75.4,0.238,0,143.5,0.453,0,17.9,0.057,0,PZ,16.33,79.4,1.512,0,34.8,0.662,0,40.8,0.777,0,64.8,1.234,0,42.9,0.816,0,RZ,2.28,1,0,not_detected,one_donor_only,not_detected,not_detected,not_detected,0
B:ANKH_vs_ENPP1,ALPL,1557924_s_at,124.9,1.919,0,53.4,0.82,0,75.7,1.163,0,37.5,0.576,0,34.0,0.522,0,RZ,3.33,44.8,0.803,0,39.7,0.712,0,119.0,2.133,0,49.3,0.884,0,26.1,0.468,0,PHZ,2.99,0,0,not_detected,not_detected,not_detected,not_detected,not_detected,0
B:ANKH_vs_ENPP1,ALPL,215783_s_at,210.5,0.109,0,624.7,0.323,0,2593.4,1.341,1,5999.0,3.101,1,244.1,0.126,0,HZ,28.5,3435.6,0.873,1,3836.7,0.975,1,5311.2,1.349,1,6831.3,1.736,1,264.3,0.067,0,HZ,1.99,1,1,one_donor_only,one_donor_only,detected,detected,not_detected,1
B:ANKH_vs_ENPP1,PHOSPHO1,236218_at,31.8,0.89,0,37.7,1.056,0,19.2,0.539,0,22.9,0.639,0,67.0,1.876,0,PZ,1.96,8.7,0.434,0,29.2,1.454,0,16.3,0.813,0,22.4,1.118,0,23.7,1.181,0,PZ,3.35,1,1,not_detected,not_detected,not_detected,not_detected,not_detected,0
B:IGF1R_vs_INSR,IGF1R,203627_at,488.6,0.943,0,88.6,0.171,0,209.0,0.403,0,1476.8,2.85,1,327.6,0.632,0,HZ,16.67,167.0,0.622,0,42.1,0.157,0,443.4,1.651,1,405.7,1.511,1,284.3,1.059,0,PHZ,10.52,1,0,not_detected,not_detected,one_donor_only,detected,not_detected,1
B:IGF1R_vs_INSR,IGF1R,203628_at,33.9,0.12,0,509.8,1.809,0,333.8,1.184,0,153.7,0.545,0,378.0,1.341,0,PZ,15.03,32.7,0.647,0,8.8,0.174,0,75.1,1.484,0,117.5,2.324,0,18.8,0.372,0,HZ,13.38,0,0,not_detected,not_detected,not_detected,not_detected,not_detected,0
B:IGF1R_vs_INSR,IGF1R,208441_at,286.7,1.087,0,42.1,0.16,0,88.6,0.336,0,384.1,1.457,0,516.6,1.96,0,HZ,9.13,124.8,0.852,0,99.0,0.676,0,223.2,1.524,0,97.8,0.668,0,187.4,1.28,0,PHZ,2.28,1,0,not_detected,not_detected,not_detected,not_detected,not_detected,0
B:IGF1R_vs_INSR,IGF1R,225330_at,1249.6,0.826,1,2126.2,1.406,1,806.3,0.533,1,1685.8,1.115,1,1693.5,1.12,1,PZ,2.64,1271.2,0.784,1,2127.1,1.311,1,1315.5,0.811,1,1783.3,1.099,1,1614.5,0.995,1,PZ,1.67,1,1,detected,detected,detected,detected,detected,1
B:IGF1R_vs_INSR,IGF1R,243358_at,78.7,1.056,0,71.8,0.964,0,66.2,0.888,0,92.5,1.241,0,63.4,0.851,0,HZ,1.4,21.5,0.712,0,31.6,1.043,0,43.7,1.444,0,10.7,0.352,0,43.9,1.449,0,PHZ,4.1,1,0,not_detected,not_detected,not_detected,not_detected,not_detected,0
B:IGF1R_vs_INSR,INSR,207851_s_at,176.5,0.87,0,136.1,0.671,0,132.0,0.651,0,191.8,0.945,0,378.0,1.863,0,HZ,1.45,250.3,1.215,0,227.1,1.103,0,275.1,1.336,0,125.8,0.611,0,151.5,0.735,0,PHZ,2.19,1,0,not_detected,not_detected,not_detected,not_detected,not_detected,0
B:IGF1R_vs_INSR,INSR,213792_s_at,2658.5,0.753,1,4763.4,1.35,1,4341.3,1.23,1,3908.2,1.108,1,1970.3,0.558,1,PZ,1.79,2173.4,1.061,1,1981.7,0.968,1,1130.9,0.552,1,3335.1,1.628,1,1619.8,0.791,1,HZ,2.95,0,0,detected,detected,detected,detected,detected,1
B:IGF1R_vs_INSR,INSR,226212_s_at,235.0,0.8,0,406.2,1.383,0,227.9,0.775,0,348.0,1.184,0,252.0,0.858,0,PZ,1.78,138.1,0.923,0,191.5,1.279,0,57.0,0.381,0,117.9,0.787,0,244.1,1.63,0,PZ,3.36,1,1,not_detected,not_detected,not_detected,not_detected,not_detected,0
B:IGF1R_vs_INSR,INSR,226216_at,46.9,0.925,0,63.1,1.243,0,57.7,1.138,0,53.0,1.045,0,32.9,0.648,0,PZ,1.34,52.1,0.249,0,235.8,1.129,0,61.6,0.295,0,449.6,2.153,1,245.0,1.173,0,HZ,8.64,0,0,not_detected,not_detected,not_detected,one_donor_only,not_detected,0
B:IGF1R_vs_INSR,INSR,226450_at,881.9,0.903,1,632.4,0.648,0,507.5,0.52,0,2103.4,2.154,1,757.6,0.776,0,HZ,4.14,864.5,0.897,1,1270.9,1.319,1,1095.5,1.137,1,1007.0,1.045,1,578.6,0.601,1,PZ,1.47,0,0,detected,one_donor_only,one_donor_only,detected,one_donor_only,1
B:IGF1R_vs_INSR,IRS1,204686_at,364.3,0.253,0,2384.0,1.658,1,2746.2,1.909,1,1124.0,0.782,1,572.9,0.398,0,PHZ,7.54,1167.3,1.356,1,1473.7,1.712,1,605.8,0.704,1,618.3,0.718,1,439.2,0.51,0,PZ,2.43,1,0,one_donor_only,detected,detected,detected,not_detected,1
B:IGF1R_vs_INSR,IRS1,238933_at,727.3,0.984,0,202.5,0.274,0,344.6,0.466,0,369.6,0.5,0,2052.0,2.776,1,RZ,3.59,199.3,1.005,0,55.8,0.281,0,207.0,1.044,0,275.1,1.387,0,254.4,1.283,0,HZ,4.93,0,0,not_detected,not_detected,not_detected,not_detected,one_donor_only,0
B:IGF1R_vs_INSR,IRS1,242979_at,38.3,0.313,0,66.5,0.543,0,14.5,0.118,0,455.5,3.724,0,36.8,0.301,0,HZ,31.44,131.5,0.422,0,585.6,1.881,1,427.9,1.374,1,377.1,1.211,1,34.6,0.111,0,PZ,4.45,0,0,not_detected,one_donor_only,one_donor_only,one_donor_only,not_detected,0
B:IGF1R_vs_INSR,IRS2,209184_s_at,1598.1,1.352,1,1635.6,1.384,1,762.7,0.645,1,750.3,0.635,1,1162.5,0.984,1,PZ,2.18,1109.7,1.273,1,875.0,1.004,1,684.1,0.785,1,734.4,0.842,1,956.3,1.097,1,RZ,1.62,1,0,detected,detected,detected,detected,detected,1
B:IGF1R_vs_INSR,IRS2,209185_s_at,602.8,1.265,0,294.6,0.618,0,1170.6,2.456,1,93.8,0.197,0,221.5,0.465,0,PHZ,12.48,362.5,0.783,1,414.8,0.896,1,382.6,0.826,1,1010.0,2.182,1,144.8,0.313,0,HZ,2.79,1,0,one_donor_only,one_donor_only,detected,one_donor_only,not_detected,1
B:FGFR_family,FGFR1,207822_at,174.8,0.502,0,495.4,1.423,0,200.9,0.577,0,438.5,1.26,0,430.9,1.238,0,PZ,2.83,550.0,0.845,1,1068.6,1.641,1,687.9,1.057,1,705.4,1.083,1,243.3,0.374,0,PZ,1.94,1,1,one_donor_only,one_donor_only,one_donor_only,one_donor_only,not_detected,0
B:FGFR_family,FGFR1,207937_x_at,467.3,0.845,0,410.5,0.742,0,549.3,0.993,0,512.4,0.926,0,826.8,1.494,1,PHZ,1.34,370.4,1.174,1,232.4,0.737,0,309.7,0.982,0,243.4,0.772,0,421.7,1.336,0,RZ,1.59,0,0,one_donor_only,not_detected,not_detected,not_detected,one_donor_only,0
B:FGFR_family,FGFR1,210973_s_at,110.1,0.306,0,918.8,2.552,1,126.3,0.351,0,295.5,0.821,0,349.6,0.971,0,PZ,8.35,181.1,0.75,0,368.9,1.527,1,45.9,0.19,0,274.0,1.134,0,337.9,1.399,0,PZ,8.04,1,1,not_detected,detected,not_detected,not_detected,not_detected,1
B:FGFR_family,FGFR1,211535_s_at,3706.7,0.992,1,5459.5,1.462,1,1701.6,0.456,1,4037.9,1.081,1,3768.5,1.009,1,PZ,3.21,14464.0,1.281,1,7248.6,0.642,1,9133.7,0.809,1,15414.8,1.366,1,10181.2,0.902,1,HZ,2.13,0,0,detected,detected,detected,detected,detected,1
B:FGFR_family,FGFR1,215404_x_at,9309.3,1.039,1,11463.8,1.279,1,6043.3,0.674,1,9309.3,1.039,1,8675.2,0.968,1,PZ,1.9,3671.3,0.881,1,1184.9,0.284,1,2867.5,0.688,1,4902.3,1.176,1,8215.7,1.971,1,HZ,4.14,0,0,detected,detected,detected,detected,detected,1
B:FGFR_family,FGFR1,222164_at,631.2,1.163,0,575.1,1.059,0,402.7,0.742,0,759.8,1.4,1,345.4,0.636,0,HZ,1.89,661.5,1.073,1,214.1,0.347,0,337.3,0.547,0,1270.8,2.061,1,598.8,0.971,1,HZ,5.94,1,1,one_donor_only,not_detected,not_detected,detected,one_donor_only,1
B:FGFR_family,FGFR1,226705_at,2324.8,0.753,1,4246.9,1.375,1,2698.5,0.874,1,2173.6,0.704,1,3998.2,1.295,1,PZ,1.95,10881.4,1.233,1,7955.2,0.901,1,10255.1,1.162,1,10784.6,1.222,1,4250.6,0.482,1,RZ,1.37,1,0,detected,detected,detected,detected,detected,1
B:FGFR_family,FGFR2,203638_s_at,633.1,0.805,0,825.8,1.051,1,373.2,0.475,0,29.2,0.037,0,2068.6,2.632,1,PZ,28.32,1081.2,1.255,1,1141.7,1.325,1,1414.5,1.642,1,513.4,0.596,1,156.1,0.181,0,PHZ,2.76,1,0,one_donor_only,detected,one_donor_only,one_donor_only,one_donor_only,1
B:FGFR_family,FGFR2,203639_s_at,45.6,0.313,0,16.9,0.116,0,24.1,0.165,0,36.8,0.253,0,603.9,4.152,0,RZ,2.69,106.4,0.905,0,147.7,1.256,0,112.2,0.955,0,128.0,1.088,0,93.6,0.796,0,PZ,1.39,1,0,not_detected,not_detected,not_detected,not_detected,not_detected,0
B:FGFR_family,FGFR2,208225_at,26.6,0.8,0,24.4,0.732,0,29.5,0.885,0,32.0,0.961,0,54.0,1.622,0,HZ,1.31,13.4,1.035,0,8.3,0.644,0,15.1,1.167,0,9.2,0.712,0,18.6,1.442,0,PHZ,1.81,1,0,not_detected,not_detected,not_detected,not_detected,not_detected,0
B:FGFR_family,FGFR2,208228_s_at,132.9,0.161,0,229.9,0.279,0,222.6,0.27,0,1001.8,1.216,1,2533.7,3.074,1,HZ,7.54,591.4,1.05,1,582.4,1.034,1,634.4,1.127,1,880.3,1.564,1,126.6,0.225,0,HZ,1.51,1,1,one_donor_only,one_donor_only,one_donor_only,detected,one_donor_only,1
B:FGFR_family,FGFR2,208229_at,76.4,1.292,0,32.5,0.551,0,28.6,0.484,0,125.0,2.115,0,33.0,0.558,0,HZ,4.37,22.4,0.504,0,16.3,0.366,0,95.5,2.144,0,6.9,0.155,0,81.6,1.832,0,PHZ,13.84,1,0,not_detected,not_detected,not_detected,not_detected,not_detected,0
B:FGFR_family,FGFR2,208234_x_at,35.8,1.041,0,23.6,0.686,0,33.4,0.971,0,22.7,0.66,0,56.5,1.642,0,RZ,1.58,21.0,0.968,0,19.3,0.89,0,33.3,1.535,0,14.1,0.651,0,20.7,0.956,0,PHZ,2.36,0,0,not_detected,not_detected,not_detected,not_detected,not_detected,0
B:FGFR_family,FGFR2,211398_at,382.6,0.918,0,697.1,1.673,0,304.9,0.732,0,326.2,0.783,0,373.1,0.895,0,PZ,2.29,28.5,0.282,0,40.3,0.399,0,68.3,0.676,0,135.2,1.339,0,232.8,2.304,0,HZ,4.75,0,0,not_detected,not_detected,not_detected,not_detected,not_detected,0
B:FGFR_family,FGFR2,211399_at,56.5,0.3,0,176.4,0.938,0,507.1,2.696,0,122.2,0.65,0,78.3,0.416,0,PHZ,8.98,24.8,0.208,0,91.0,0.763,0,175.0,1.467,0,182.0,1.525,0,123.6,1.036,0,HZ,7.33,1,0,not_detected,not_detected,not_detected,not_detected,not_detected,0
B:FGFR_family,FGFR2,211400_at,50.2,0.384,0,164.4,1.259,0,103.5,0.792,0,35.1,0.269,0,299.9,2.296,0,PZ,4.69,81.3,1.202,0,20.5,0.304,0,40.5,0.599,0,24.8,0.367,0,170.8,2.528,0,RZ,3.96,1,0,not_detected,not_detected,not_detected,not_detected,not_detected,0
B:FGFR_family,FGFR2,211401_s_at,43.7,0.851,0,37.5,0.731,0,41.0,0.799,0,34.8,0.678,0,99.7,1.941,0,RZ,1.26,16.7,0.48,0,10.0,0.288,0,33.7,0.971,0,98.5,2.833,0,14.9,0.429,0,HZ,9.83,0,0,not_detected,not_detected,not_detected,not_detected,not_detected,0
B:FGFR_family,FGFR2,240913_at,219.2,2.298,0,88.3,0.926,0,19.0,0.199,0,30.2,0.317,0,120.1,1.259,0,RZ,11.53,28.5,2.124,0,6.8,0.508,0,10.3,0.765,0,8.8,0.659,0,12.7,0.944,0,RZ,4.18,1,1,not_detected,not_detected,not_detected,not_detected,not_detected,0
B:FGFR_family,FGFR3,204379_s_at,5909.5,0.169,1,52376.1,1.498,1,50209.7,1.436,1,54361.1,1.554,1,11996.7,0.343,1,HZ,9.2,24563.3,1.141,1,29677.4,1.379,1,24015.8,1.116,1,24778.2,1.151,1,4581.9,0.213,1,PZ,1.24,0,0,detected,detected,detected,detected,detected,1
B:FGFR_family,FGFR3,204380_s_at,38.7,0.161,0,237.6,0.99,0,395.9,1.65,0,254.8,1.062,0,272.7,1.137,0,PHZ,10.22,139.6,1.043,0,107.9,0.806,0,174.0,1.299,0,93.8,0.7,0,154.3,1.152,0,PHZ,1.85,1,1,not_detected,not_detected,not_detected,not_detected,not_detected,0
B:FGFR_family,FGFR4,1554961_at,27.9,0.782,0,36.4,1.022,0,38.3,1.074,0,39.7,1.112,0,36.0,1.01,0,HZ,1.42,25.3,1.129,0,15.9,0.709,0,35.7,1.589,0,16.6,0.739,0,18.7,0.834,0,PHZ,2.24,1,0,not_detected,not_detected,not_detected,not_detected,not_detected,0
B:FGFR_family,FGFR4,1554962_a_at,113.4,0.71,0,77.4,0.484,0,255.1,1.597,0,146.8,0.919,0,206.2,1.29,0,PHZ,3.3,101.7,1.109,0,52.4,0.571,0,124.4,1.357,0,152.1,1.658,0,27.9,0.304,0,HZ,2.9,1,0,not_detected,not_detected,not_detected,not_detected,not_detected,0
B:FGFR_family,FGFR4,204579_at,1410.0,0.93,1,2235.4,1.474,1,2871.6,1.893,1,751.7,0.496,1,315.7,0.208,0,PHZ,3.82,5484.1,2.355,1,4685.1,2.012,1,770.9,0.331,1,533.6,0.229,1,172.0,0.074,0,RZ,10.28,0,0,detected,detected,detected,detected,not_detected,1
B:FGFR_family,FGFR4,211237_s_at,82.8,1.756,0,47.9,1.017,0,42.1,0.893,0,34.5,0.732,0,28.4,0.602,0,RZ,2.4,188.4,1.963,0,240.1,2.502,0,19.9,0.208,0,14.2,0.148,0,17.2,0.179,0,PZ,16.94,1,0,not_detected,not_detected,not_detected,not_detected,not_detected,0
B:FGFR_family,FGF2,204421_s_at,196.2,0.775,0,321.6,1.271,0,305.3,1.207,0,143.4,0.567,0,298.4,1.18,0,PZ,2.24,109.2,1.225,0,27.4,0.307,0,34.4,0.386,0,28.7,0.322,0,246.0,2.76,0,RZ,3.99,1,0,not_detected,not_detected,not_detected,not_detected,not_detected,0
B:FGFR_family,FGF2,204422_s_at,28.1,0.186,0,163.3,1.079,0,230.3,1.522,0,88.6,0.586,0,246.3,1.628,0,PHZ,8.18,60.8,0.765,0,55.5,0.698,0,115.1,1.447,0,55.7,0.701,0,110.5,1.39,0,PHZ,2.07,1,1,not_detected,not_detected,not_detected,not_detected,not_detected,0
B:FGFR_family,FGF9,206404_at,1411.0,2.042,1,297.4,0.43,0,619.1,0.896,0,171.3,0.248,0,956.7,1.384,1,RZ,8.24,25.5,0.11,0,155.1,0.669,0,187.0,0.807,0,149.1,0.643,0,642.3,2.771,1,PHZ,7.32,0,0,one_donor_only,not_detected,not_detected,not_detected,detected,1
B:FGFR_family,FGF9,239178_at,8.7,0.146,0,73.4,1.233,0,6.2,0.104,0,88.0,1.48,0,121.3,2.038,0,HZ,14.28,5.2,0.211,0,12.7,0.519,0,82.8,3.388,0,3.9,0.16,0,17.6,0.722,0,PHZ,21.15,1,0,not_detected,not_detected,not_detected,not_detected,not_detected,0
B:FGFR_family,FGF18,206986_at,94.9,0.501,0,391.6,2.066,0,75.1,0.397,0,189.4,1.0,0,196.5,1.037,0,PZ,5.21,98.3,0.821,0,207.4,1.731,0,37.5,0.313,0,100.4,0.838,0,155.4,1.297,0,PZ,5.53,1,1,not_detected,not_detected,not_detected,not_detected,not_detected,0
B:FGFR_family,FGF18,206987_x_at,689.8,2.072,0,189.4,0.569,0,264.9,0.796,0,78.3,0.235,0,441.8,1.327,0,RZ,8.81,17.7,0.188,0,10.5,0.112,0,10.2,0.109,0,10.0,0.107,0,421.8,4.485,0,RZ,1.77,1,1,not_detected,not_detected,not_detected,not_detected,not_detected,0
B:FGFR_family,FGF18,211029_x_at,506.7,2.213,0,33.6,0.147,0,56.5,0.247,0,273.7,1.195,0,274.2,1.198,0,RZ,15.08,41.7,0.579,0,11.1,0.154,0,26.1,0.363,0,17.0,0.237,0,264.0,3.667,0,RZ,3.75,1,1,not_detected,not_detected,not_detected,not_detected,not_detected,0
B:FGFR_family,FGF18,211485_s_at,262.0,1.808,0,246.5,1.701,0,112.4,0.776,0,54.8,0.378,0,48.7,0.336,0,RZ,4.78,59.6,1.226,0,26.6,0.547,0,54.3,1.117,0,21.7,0.446,0,81.0,1.664,0,RZ,2.75,1,1,not_detected,not_detected,not_detected,not_detected,not_detected,0
B:FGFR_family,FGF18,214284_s_at,281.3,1.457,0,280.8,1.454,0,49.6,0.257,0,134.4,0.696,0,219.3,1.136,0,RZ,5.67,79.4,1.174,0,35.2,0.52,0,98.6,1.457,0,23.8,0.352,0,101.3,1.497,0,PHZ,4.14,0,0,not_detected,not_detected,not_detected,not_detected,not_detected,0
B:FGFR_family,FGF18,231382_at,1200.0,2.286,1,138.3,0.263,0,241.7,0.46,0,618.5,1.178,0,426.0,0.812,0,RZ,8.68,204.2,1.298,0,17.1,0.109,0,70.0,0.445,0,50.6,0.322,0,444.8,2.827,0,RZ,11.93,1,1,one_donor_only,not_detected,not_detected,not_detected,not_detected,0
B:NPR_family,NPR1,204648_at,387.3,2.583,0,99.7,0.665,0,69.8,0.466,0,99.6,0.664,0,93.3,0.622,0,RZ,5.55,171.4,0.618,0,338.8,1.222,1,116.2,0.419,0,151.3,0.546,0,608.2,2.194,1,PZ,2.91,1,0,not_detected,one_donor_only,not_detected,not_detected,one_donor_only,0
B:NPR_family,NPR1,32625_at,885.7,3.361,1,37.8,0.144,0,83.1,0.315,0,181.3,0.688,0,129.7,0.492,0,RZ,23.42,470.9,0.726,1,463.2,0.714,1,262.7,0.405,0,370.3,0.571,1,1677.4,2.585,1,RZ,1.79,1,1,detected,one_donor_only,not_detected,one_donor_only,one_donor_only,1
B:NPR_family,NPR2,204310_s_at,144.2,0.266,0,926.0,1.71,1,1208.1,2.231,1,332.8,0.615,0,96.1,0.177,0,PHZ,8.38,1184.3,1.552,1,711.2,0.932,1,895.2,1.173,1,508.4,0.666,1,517.3,0.678,1,RZ,2.33,0,0,one_donor_only,detected,detected,one_donor_only,one_donor_only,1
B:NPR_family,NPR2,214066_x_at,274.2,0.369,0,1084.3,1.458,1,1262.3,1.698,1,740.9,0.997,1,355.7,0.478,0,PHZ,4.6,986.2,1.109,1,525.2,0.591,1,854.2,0.96,1,1097.6,1.234,1,983.5,1.106,1,HZ,2.09,1,0,one_donor_only,detected,detected,detected,one_donor_only,1
B:NPR_family,NPR3,219054_at,708.1,1.407,0,35.7,0.071,0,442.2,0.879,0,978.9,1.945,1,351.8,0.699,0,HZ,27.41,44.7,0.161,0,106.5,0.383,0,357.8,1.288,1,453.0,1.631,1,426.5,1.536,0,HZ,10.14,1,1,not_detected,not_detected,one_donor_only,detected,not_detected,1
B:NPR_family,NPR3,219789_at,196.4,0.636,0,272.0,0.88,0,439.2,1.421,0,461.4,1.493,0,175.9,0.569,0,HZ,2.35,129.6,1.197,0,47.7,0.441,0,161.2,1.488,0,41.6,0.385,0,161.2,1.489,0,PHZ,3.87,1,0,not_detected,not_detected,not_detected,not_detected,not_detected,0
B:NPR_family,NPR3,219790_s_at,35.6,0.271,0,247.2,1.884,0,68.7,0.524,0,39.2,0.299,0,265.4,2.022,0,PZ,6.95,34.7,0.523,0,39.1,0.59,0,55.5,0.836,0,132.2,1.992,0,70.2,1.059,0,HZ,3.81,0,0,not_detected,not_detected,not_detected,not_detected,not_detected,0
B:NPR_family,NPPB,206801_at,198.3,1.49,0,106.8,0.802,0,35.0,0.263,0,25.5,0.191,0,300.2,2.254,0,RZ,7.79,18.9,0.31,0,10.8,0.176,0,120.8,1.98,0,18.1,0.296,0,136.5,2.237,0,PHZ,11.22,0,0,not_detected,not_detected,not_detected,not_detected,not_detected,0
B:NPR_family,NPPC,221348_at,18.7,1.25,0,8.1,0.541,0,9.8,0.653,0,19.8,1.321,0,18.5,1.235,0,HZ,2.44,4.5,0.774,0,4.4,0.767,0,8.9,1.537,0,5.5,0.949,0,5.6,0.974,0,PHZ,2.0,1,0,not_detected,not_detected,not_detected,not_detected,not_detected,0
B:steroid_receptors,ESR1,205225_at,1435.6,0.973,1,2273.3,1.541,1,1422.8,0.964,1,658.8,0.447,0,1586.2,1.075,1,PZ,3.45,1289.9,1.178,1,1448.5,1.323,1,818.9,0.748,1,733.0,0.67,1,1182.6,1.08,1,PZ,1.98,1,1,detected,detected,detected,one_donor_only,detected,1
B:steroid_receptors,ESR1,211233_x_at,88.7,0.519,0,97.2,0.569,0,97.5,0.57,0,219.0,1.28,0,352.7,2.062,0,HZ,2.47,97.9,0.795,0,148.0,1.202,0,193.8,1.575,0,63.8,0.518,0,112.1,0.91,0,PHZ,3.04,1,0,not_detected,not_detected,not_detected,not_detected,not_detected,0
B:steroid_receptors,ESR1,211234_x_at,435.4,1.851,0,405.7,1.725,0,115.9,0.493,0,110.3,0.469,0,108.8,0.463,0,RZ,3.95,47.7,0.421,0,59.6,0.526,0,160.4,1.417,0,66.9,0.591,0,231.6,2.045,0,PHZ,3.37,0,0,not_detected,not_detected,not_detected,not_detected,not_detected,0
B:steroid_receptors,ESR1,211235_s_at,64.8,0.456,0,207.5,1.459,0,105.4,0.741,0,52.9,0.372,0,280.5,1.972,0,PZ,3.92,42.2,0.798,0,31.3,0.592,0,74.0,1.4,0,68.7,1.3,0,48.1,0.909,0,PHZ,2.36,1,0,not_detected,not_detected,not_detected,not_detected,not_detected,0
B:steroid_receptors,ESR1,211627_x_at,23.2,0.262,0,167.2,1.893,0,115.9,1.313,0,39.6,0.449,0,95.6,1.083,0,PZ,7.21,18.3,0.27,0,15.4,0.227,0,181.8,2.675,0,15.9,0.235,0,108.4,1.595,0,PHZ,11.81,1,0,not_detected,not_detected,not_detected,not_detected,not_detected,0
B:steroid_receptors,ESR1,215551_at,666.7,1.434,0,201.1,0.433,0,338.0,0.727,0,365.2,0.786,0,752.9,1.62,0,RZ,3.32,127.1,0.503,0,399.2,1.579,1,311.3,1.232,0,152.6,0.604,0,273.6,1.082,0,PZ,3.14,1,0,not_detected,one_donor_only,not_detected,not_detected,not_detected,0
B:steroid_receptors,ESR1,215552_s_at,257.7,2.815,0,19.6,0.214,0,63.7,0.696,0,38.9,0.425,0,77.8,0.85,0,RZ,13.13,27.0,0.649,0,77.0,1.85,0,8.3,0.199,0,9.5,0.23,0,86.2,2.072,0,PZ,9.28,1,0,not_detected,not_detected,not_detected,not_detected,not_detected,0
B:steroid_receptors,ESR1,217163_at,209.6,2.0,0,29.3,0.279,0,19.7,0.188,0,56.2,0.536,0,209.3,1.997,0,RZ,10.66,7.5,0.357,0,6.8,0.32,0,39.3,1.86,0,24.6,1.165,0,27.4,1.298,0,PHZ,5.81,0,0,not_detected,not_detected,not_detected,not_detected,not_detected,0
B:steroid_receptors,ESR1,217190_x_at,106.3,0.73,0,94.2,0.647,0,267.3,1.836,0,113.0,0.776,0,147.2,1.011,0,PHZ,2.84,62.9,0.531,0,114.2,0.964,0,233.5,1.97,0,36.4,0.307,0,145.6,1.229,0,PHZ,6.42,1,1,not_detected,not_detected,not_detected,not_detected,not_detected,0
B:steroid_receptors,ESR2,1569554_at,71.4,0.472,0,67.2,0.444,0,319.7,2.112,0,46.6,0.308,0,251.9,1.664,0,PHZ,6.86,154.9,2.942,0,13.0,0.247,0,11.0,0.21,0,10.7,0.202,0,73.6,1.398,0,RZ,14.54,0,0,not_detected,not_detected,not_detected,not_detected,not_detected,0
B:steroid_receptors,ESR2,210780_at,435.1,0.954,0,761.2,1.669,1,282.8,0.62,0,437.2,0.958,0,364.4,0.799,0,PZ,2.69,151.4,0.686,0,201.3,0.912,0,202.1,0.916,0,214.8,0.974,0,333.4,1.511,0,HZ,1.42,0,0,not_detected,one_donor_only,not_detected,not_detected,not_detected,0
B:steroid_receptors,ESR2,211117_x_at,44.0,0.36,0,33.3,0.272,0,214.2,1.753,0,222.4,1.821,0,97.0,0.794,0,HZ,6.69,11.4,0.674,0,8.4,0.493,0,23.6,1.39,0,11.2,0.659,0,30.3,1.784,0,PHZ,2.82,1,0,not_detected,not_detected,not_detected,not_detected,not_detected,0
B:steroid_receptors,ESR2,211118_x_at,87.1,0.915,0,47.8,0.502,0,173.6,1.823,0,91.1,0.957,0,76.5,0.803,0,PHZ,3.63,17.0,0.592,0,20.7,0.722,0,35.8,1.246,0,12.3,0.428,0,57.8,2.012,0,PHZ,2.91,1,1,not_detected,not_detected,not_detected,not_detected,not_detected,0
B:steroid_receptors,ESR2,211119_at,29.0,0.708,0,46.2,1.126,0,16.2,0.394,0,67.6,1.647,0,46.1,1.125,0,HZ,4.18,126.5,3.496,0,4.1,0.113,0,15.0,0.414,0,7.2,0.198,0,28.2,0.778,0,RZ,30.89,0,0,not_detected,not_detected,not_detected,not_detected,not_detected,0
B:steroid_receptors,ESR2,211120_x_at,71.6,0.318,0,38.1,0.169,0,39.9,0.178,0,430.2,1.912,0,545.4,2.424,0,HZ,11.29,9.7,0.153,0,21.9,0.344,0,131.3,2.066,0,37.0,0.582,0,117.9,1.854,0,PHZ,13.5,1,0,not_detected,not_detected,not_detected,not_detected,not_detected,0
B:steroid_receptors,GPER1,210640_s_at,533.7,1.14,0,407.0,0.87,0,992.4,2.121,1,63.4,0.136,0,343.3,0.734,0,PHZ,15.65,907.5,1.067,1,758.8,0.892,1,725.3,0.853,1,784.1,0.922,1,1076.0,1.265,1,RZ,1.25,0,0,one_donor_only,one_donor_only,detected,one_donor_only,one_donor_only,1
B:steroid_receptors,GPER1,211829_s_at,32.0,0.553,0,40.0,0.692,0,39.2,0.678,0,129.8,2.245,0,48.1,0.832,0,HZ,4.06,16.8,0.957,0,19.6,1.119,0,21.1,1.201,0,20.0,1.136,0,10.3,0.587,0,PHZ,1.26,1,0,not_detected,not_detected,not_detected,not_detected,not_detected,0
B:steroid_receptors,AR,211110_s_at,150.9,0.622,0,78.0,0.322,0,357.0,1.472,0,216.2,0.891,0,410.7,1.693,0,PHZ,4.58,155.7,0.885,0,125.9,0.716,0,242.4,1.378,0,96.0,0.546,0,259.5,1.475,0,PHZ,2.52,1,1,not_detected,not_detected,not_detected,not_detected,not_detected,0
B:steroid_receptors,AR,211621_at,622.0,0.632,0,1218.9,1.239,1,756.6,0.769,1,1298.0,1.319,1,1024.4,1.041,1,HZ,2.09,216.9,0.903,0,240.0,0.999,0,356.6,1.484,1,245.0,1.02,0,143.0,0.595,0,PHZ,1.64,1,0,not_detected,one_donor_only,detected,one_donor_only,one_donor_only,1
B:steroid_receptors,AR,226192_at,3222.8,2.241,1,22.2,0.015,0,566.8,0.394,0,1007.6,0.701,1,2370.4,1.648,1,RZ,145.21,1519.4,1.416,1,749.4,0.698,1,767.8,0.716,1,224.0,0.209,0,2104.7,1.961,1,RZ,6.78,1,1,detected,one_donor_only,one_donor_only,one_donor_only,detected,1
B:steroid_receptors,AR,226197_at,1353.4,1.56,1,730.2,0.842,0,258.8,0.298,0,333.0,0.384,0,1662.2,1.916,1,RZ,5.23,1375.4,1.585,1,642.0,0.74,1,544.1,0.627,1,365.6,0.421,1,1411.9,1.627,1,RZ,3.76,1,1,detected,one_donor_only,one_donor_only,one_donor_only,detected,1
B:steroid_receptors,CYP19A1,1554296_at,228.6,1.915,0,45.3,0.379,0,81.7,0.685,0,69.8,0.585,0,171.3,1.435,0,RZ,5.05,123.6,2.173,0,2.1,0.038,0,77.8,1.368,0,5.3,0.093,0,75.6,1.329,0,RZ,57.93,1,1,not_detected,not_detected,not_detected,not_detected,not_detected,0
B:steroid_receptors,CYP19A1,1560295_at,74.7,0.544,0,405.1,2.95,0,70.1,0.51,0,59.2,0.431,0,77.7,0.566,0,PZ,6.85,34.5,0.9,0,74.9,1.955,0,28.2,0.735,0,16.2,0.424,0,37.8,0.987,0,PZ,4.61,1,1,not_detected,not_detected,not_detected,not_detected,not_detected,0
B:steroid_receptors,CYP19A1,203475_at,448.2,1.372,0,259.7,0.795,0,289.7,0.886,0,304.1,0.931,0,332.2,1.017,0,RZ,1.73,266.0,1.324,0,222.9,1.109,0,267.0,1.329,0,114.6,0.57,0,134.4,0.669,0,PHZ,2.33,0,0,not_detected,not_detected,not_detected,not_detected,not_detected,0
B:steroid_receptors,CYP19A1,239459_s_at,389.5,1.488,0,21.0,0.08,0,93.4,0.357,0,190.7,0.729,0,614.2,2.346,0,RZ,18.58,62.8,1.575,0,18.8,0.473,0,41.0,1.028,0,62.6,1.572,0,14.1,0.353,0,RZ,3.33,1,1,not_detected,not_detected,not_detected,not_detected,not_detected,0
B:steroid_receptors,CYP19A1,239460_at,532.3,2.496,0,20.7,0.097,0,30.6,0.143,0,59.4,0.279,0,423.3,1.985,0,RZ,25.68,20.4,0.254,0,16.2,0.201,0,177.6,2.204,0,42.5,0.528,0,146.3,1.815,0,PHZ,10.98,0,0,not_detected,not_detected,not_detected,not_detected,not_detected,0
B:steroid_receptors,CYP19A1,240705_at,555.5,0.811,0,211.0,0.308,0,384.8,0.562,0,239.7,0.35,0,2035.0,2.97,1,RZ,2.63,130.0,0.979,0,147.3,1.11,0,51.1,0.385,0,176.8,1.331,0,158.7,1.195,0,HZ,3.46,0,0,not_detected,not_detected,not_detected,not_detected,one_donor_only,0
B:steroid_receptors,CYP19A1,240863_at,281.3,1.548,0,50.7,0.279,0,227.2,1.25,0,210.9,1.161,0,138.5,0.762,0,RZ,5.55,4.7,0.063,0,2.1,0.027,0,100.9,1.342,0,63.1,0.839,0,205.2,2.73,0,PHZ,48.99,0,0,not_detected,not_detected,not_detected,not_detected,not_detected,0
B:PTH_IHH_axis,PTH1R,205911_at,2965.0,0.126,1,24469.5,1.042,1,38303.8,1.631,1,49325.9,2.101,1,2340.4,0.1,1,HZ,16.64,16321.6,0.824,1,24440.3,1.233,1,28175.9,1.422,1,26727.2,1.349,1,3407.5,0.172,1,PHZ,1.73,1,0,detected,detected,detected,detected,detected,1
B:PTH_IHH_axis,PTH2R,206772_at,87.9,0.787,0,47.5,0.426,0,20.6,0.185,0,163.9,1.467,0,238.5,2.135,0,HZ,7.94,55.2,0.819,0,225.0,3.338,0,19.5,0.29,0,16.9,0.25,0,20.4,0.303,0,PZ,13.35,0,0,not_detected,not_detected,not_detected,not_detected,not_detected,0
B:PTH_IHH_axis,PTHLH,206300_s_at,224.8,2.303,0,17.2,0.176,0,88.3,0.905,0,133.1,1.364,0,24.6,0.252,0,RZ,13.1,47.2,0.62,0,84.4,1.11,0,70.7,0.93,0,72.5,0.954,0,105.3,1.385,0,PZ,1.79,1,0,not_detected,not_detected,not_detected,not_detected,not_detected,0
B:PTH_IHH_axis,PTHLH,210355_at,32.5,0.488,0,7.2,0.107,0,52.6,0.788,0,150.9,2.263,0,90.2,1.353,0,HZ,21.1,308.6,2.563,0,34.3,0.285,0,91.7,0.762,0,47.5,0.394,0,120.0,0.997,0,RZ,9.0,0,0,not_detected,not_detected,not_detected,not_detected,not_detected,0
B:PTH_IHH_axis,PTHLH,211756_at,91.0,0.764,0,27.0,0.227,0,193.6,1.625,0,118.2,0.992,0,165.6,1.391,0,PHZ,7.16,53.8,1.603,0,15.7,0.469,0,12.9,0.385,0,14.6,0.436,0,70.6,2.107,0,RZ,4.16,0,0,not_detected,not_detected,not_detected,not_detected,not_detected,0
B:PTH_IHH_axis,IHH,215420_at,285.7,0.332,0,208.7,0.243,0,844.9,0.982,1,2634.9,3.063,1,326.6,0.38,0,HZ,12.62,135.4,0.231,0,213.8,0.364,0,414.4,0.706,1,2112.1,3.598,1,59.2,0.101,0,HZ,15.6,1,1,not_detected,not_detected,detected,detected,not_detected,1
B:PTH_IHH_axis,IHH,229358_at,203.0,0.033,0,140.7,0.023,0,9262.0,1.518,1,20856.0,3.419,1,36.9,0.006,0,HZ,148.2,460.9,0.11,1,696.7,0.166,1,3106.6,0.74,1,16563.8,3.943,1,174.6,0.042,0,HZ,35.94,1,1,one_donor_only,one_donor_only,detected,detected,not_detected,1
B:PTH_IHH_axis,GLI1,206646_at,2391.7,0.87,1,4830.5,1.756,1,2366.8,0.861,1,1873.2,0.681,1,2288.4,0.832,1,PZ,2.58,2483.1,1.287,1,1828.2,0.948,1,2341.1,1.213,1,1772.3,0.919,1,1222.2,0.633,1,RZ,1.4,1,0,detected,detected,detected,detected,detected,1
B:PTH_IHH_axis,GLI2,207034_s_at,332.2,1.717,0,211.1,1.091,0,18.2,0.094,0,156.4,0.808,0,249.6,1.29,0,RZ,18.22,616.7,1.481,1,455.8,1.095,1,418.7,1.006,1,535.7,1.287,1,54.7,0.131,0,RZ,1.47,1,1,one_donor_only,one_donor_only,one_donor_only,one_donor_only,not_detected,0
B:PTH_IHH_axis,GLI2,208057_s_at,89.8,0.394,0,268.5,1.178,0,166.2,0.729,0,312.9,1.373,0,302.4,1.327,0,HZ,3.49,155.8,1.101,0,97.7,0.69,0,133.2,0.941,0,119.0,0.841,0,201.9,1.426,0,RZ,1.59,0,0,not_detected,not_detected,not_detected,not_detected,not_detected,0
B:PTH_IHH_axis,GLI2,228537_at,2202.7,1.105,1,1746.4,0.876,1,877.4,0.44,1,958.4,0.481,1,4179.4,2.097,1,RZ,2.51,5157.6,2.019,1,2195.8,0.86,1,2093.9,0.82,1,1705.8,0.668,1,1620.3,0.634,1,RZ,3.02,1,1,detected,detected,detected,detected,detected,1
B:PTH_IHH_axis,GLI3,1569342_at,13.3,0.099,0,87.8,0.653,0,139.9,1.041,0,215.0,1.599,0,216.4,1.609,0,HZ,16.22,14.0,0.248,0,13.8,0.246,0,23.1,0.41,0,129.9,2.307,0,100.7,1.789,0,HZ,9.39,1,1,not_detected,not_detected,not_detected,not_detected,not_detected,0
B:PTH_IHH_axis,GLI3,205201_at,1109.8,1.127,1,692.0,0.703,0,1076.0,1.092,1,1578.4,1.602,1,468.7,0.476,0,HZ,2.28,922.5,1.162,1,643.9,0.811,1,1132.5,1.426,1,774.9,0.976,1,497.1,0.626,1,PHZ,1.76,1,0,detected,one_donor_only,detected,detected,one_donor_only,1
B:PTH_IHH_axis,GLI3,227376_at,1670.3,0.932,1,713.7,0.398,0,2578.2,1.439,1,2060.8,1.15,1,1937.6,1.081,1,PHZ,3.61,1723.0,0.941,1,2233.9,1.22,1,2037.9,1.113,1,2053.9,1.122,1,1106.4,0.604,1,PZ,1.3,1,0,detected,one_donor_only,detected,detected,detected,1
B:PTH_IHH_axis,PTCH1,1555520_at,424.7,0.799,0,960.1,1.807,1,335.3,0.631,0,391.8,0.737,0,545.3,1.026,0,PZ,2.86,1039.5,1.497,1,1189.3,1.713,1,574.1,0.827,1,323.9,0.467,0,344.5,0.496,0,PZ,3.67,1,1,one_donor_only,detected,one_donor_only,not_detected,not_detected,1
B:PTH_IHH_axis,PTCH1,208522_s_at,182.2,1.718,0,148.9,1.404,0,55.7,0.525,0,63.6,0.6,0,80.0,0.754,0,RZ,3.27,163.9,2.335,0,27.3,0.388,0,29.4,0.419,0,25.2,0.359,0,105.3,1.5,0,RZ,6.51,1,1,not_detected,not_detected,not_detected,not_detected,not_detected,0
B:PTH_IHH_axis,PTCH1,209815_at,569.9,0.208,0,7242.0,2.648,1,2566.2,0.938,1,2301.3,0.841,1,995.2,0.364,1,PZ,12.71,8232.3,1.672,1,9450.0,1.919,1,3547.6,0.72,1,2860.9,0.581,1,530.2,0.108,1,PZ,3.3,1,1,one_donor_only,detected,detected,detected,detected,1
B:PTH_IHH_axis,PTCH1,209816_at,415.6,0.338,0,1220.5,0.992,1,2264.6,1.841,1,1465.2,1.191,1,784.3,0.638,0,PHZ,5.45,1555.4,1.844,1,1335.5,1.583,1,892.8,1.059,1,263.3,0.312,0,169.9,0.201,0,RZ,5.91,0,0,one_donor_only,detected,detected,one_donor_only,not_detected,1
B:PTH_IHH_axis,SMO,218629_at,1210.8,1.123,1,686.4,0.637,0,826.4,0.767,1,1135.6,1.054,1,1529.4,1.419,1,RZ,1.76,1227.3,1.19,1,1153.7,1.119,1,1249.1,1.211,1,586.4,0.569,1,938.7,0.91,1,PHZ,2.13,0,0,detected,one_donor_only,detected,detected,detected,1
B:SOX_trio,SOX5,1569638_at,70.8,0.886,0,90.7,1.136,0,35.7,0.447,0,170.6,2.137,0,31.4,0.394,0,HZ,4.78,14.3,0.613,0,9.7,0.416,0,25.2,1.081,0,45.7,1.955,0,21.8,0.935,0,HZ,4.7,1,1,not_detected,not_detected,not_detected,not_detected,not_detected,0
B:SOX_trio,SOX5,207336_at,98.9,0.551,0,11.5,0.064,0,47.0,0.262,0,30.3,0.169,0,709.3,3.954,0,RZ,8.59,91.0,0.97,0,200.1,2.134,0,129.0,1.376,0,11.2,0.12,0,37.6,0.401,0,PZ,17.84,1,0,not_detected,not_detected,not_detected,not_detected,not_detected,0
B:SOX_trio,SOX5,238009_at,469.4,0.646,0,1301.7,1.792,1,635.3,0.875,0,948.7,1.306,1,275.8,0.38,0,PZ,2.77,658.2,1.291,1,758.5,1.487,1,348.3,0.683,1,406.0,0.796,1,378.9,0.743,0,PZ,2.18,1,1,one_donor_only,detected,one_donor_only,detected,not_detected,1
B:SOX_trio,SOX5,238285_at,220.2,0.924,0,138.2,0.58,0,168.1,0.705,0,334.8,1.404,0,330.6,1.387,0,HZ,2.42,40.0,1.014,0,16.1,0.408,0,26.6,0.675,0,71.9,1.824,0,42.5,1.08,0,HZ,4.47,1,1,not_detected,not_detected,not_detected,not_detected,not_detected,0
B:SOX_trio,SOX6,1563454_at,15.7,0.112,0,23.2,0.165,0,106.5,0.757,0,296.3,2.106,0,261.7,1.86,0,HZ,18.85,18.1,0.427,0,29.7,0.699,0,39.2,0.924,0,5.6,0.133,0,119.5,2.817,0,PHZ,6.96,1,0,not_detected,not_detected,not_detected,not_detected,not_detected,0
B:SOX_trio,SOX6,1570486_at,177.8,0.715,0,57.2,0.23,0,267.3,1.075,0,581.1,2.338,0,159.5,0.642,0,HZ,10.16,103.4,1.572,0,11.1,0.168,0,108.8,1.655,0,11.0,0.167,0,94.6,1.438,0,PHZ,9.93,1,0,not_detected,not_detected,not_detected,not_detected,not_detected,0
B:SOX_trio,SOX6,223865_at,47.3,0.341,0,41.8,0.302,0,201.4,1.454,0,132.9,0.96,0,269.2,1.943,0,PHZ,4.81,34.5,0.907,0,11.7,0.307,0,117.9,3.097,0,15.5,0.406,0,10.8,0.283,0,PHZ,10.1,1,1,not_detected,not_detected,not_detected,not_detected,not_detected,0
B:SOX_trio,SOX6,224178_s_at,469.5,1.339,0,88.4,0.252,0,62.0,0.177,0,931.6,2.656,1,202.2,0.577,0,HZ,15.04,20.6,0.525,0,11.9,0.303,0,47.8,1.216,0,32.6,0.827,0,83.8,2.129,0,PHZ,4.02,1,0,not_detected,not_detected,not_detected,one_donor_only,not_detected,0
B:SOX_trio,SOX6,227497_at,575.4,0.442,0,121.0,0.093,0,385.9,0.297,0,874.0,0.672,1,4550.1,3.497,1,HZ,7.22,295.4,0.685,0,370.2,0.859,1,348.9,0.81,1,501.8,1.164,1,638.6,1.482,1,HZ,1.7,1,1,not_detected,one_donor_only,one_donor_only,detected,detected,1
B:SOX_trio,SOX6,227498_at,755.7,0.49,0,923.8,0.599,1,2300.4,1.491,1,2548.6,1.652,1,1187.0,0.769,1,HZ,3.37,707.8,0.604,1,1921.3,1.64,1,1183.3,1.01,1,1339.6,1.143,1,707.2,0.604,1,PZ,2.71,0,0,one_donor_only,detected,detected,detected,detected,1
B:SOX_trio,SOX6,228214_at,301.4,0.247,0,835.5,0.685,1,2175.8,1.785,1,1766.9,1.449,1,1016.0,0.833,1,PHZ,7.22,502.7,0.788,1,842.5,1.321,1,497.9,0.781,1,1033.3,1.62,1,312.6,0.49,0,HZ,2.08,1,0,one_donor_only,detected,detected,detected,one_donor_only,1
B:SOX_trio,SOX6,235526_at,51.7,1.419,0,29.1,0.797,0,22.6,0.62,0,29.4,0.806,0,49.5,1.358,0,RZ,2.29,21.3,1.238,0,6.2,0.358,0,25.6,1.483,0,13.1,0.758,0,20.1,1.163,0,PHZ,4.15,0,0,not_detected,not_detected,not_detected,not_detected,not_detected,0
B:SOX_trio,SOX9,202935_s_at,353.7,0.481,0,306.2,0.416,0,408.4,0.555,0,2134.6,2.901,1,476.6,0.648,0,HZ,6.97,543.0,1.051,1,703.3,1.361,1,252.9,0.49,0,1031.8,1.997,1,51.8,0.1,0,HZ,4.08,1,1,one_donor_only,one_donor_only,not_detected,detected,not_detected,1
B:SOX_trio,SOX9,202936_s_at,1430.4,0.656,1,2713.0,1.244,1,2768.8,1.27,1,2866.0,1.314,1,1123.3,0.515,1,HZ,2.0,4134.4,1.244,1,6274.4,1.887,1,2742.4,0.825,1,2783.9,0.837,1,687.8,0.207,1,PZ,2.29,0,0,detected,detected,detected,detected,detected,1
