ref_id,year,first_author,provenance_class,tissue_source,anatomical_site,age_band,n_distinct_donors,n_stated_explicitly,readout,counted_in_postnatal_total,notes
rodriguez1992,1992,Rodriguez JI,postmortem,autopsy (stillbirth and neonatal death),proximal tibia,20-41 weeks gestation,125,yes,quantitative histology,no,"46 stillborns + 79 newborns. Largest human growth-plate histology series ever published, and it is entirely perinatal."
werther1990,1990,Werther GA,postmortem,autopsy (sudden infant death),sternochondral junction,infant,20,yes,GH receptor immunohistochemistry,no,"Sternochondral, not a weight-bearing long-bone physis."
strangevognsen1997,1997,Strange-Vognsen HH,postmortem,autopsy,femur / proximal tibia / humerus,22 weeks gestation to 13 months,12,yes,silver stain + neurofilament IHC,no,"Establishes nerve fibres in cartilage canals."
walzer2014,2014,Walzer SM,surgical waste,polydactyly digit resection,supernumerary digit,6-105 months,23,yes,IHC + confocal + RT-qPCR morphometry,yes,"11 female, 12 male. Largest polydactyly-derived series located."
xie2025,2025,Xie C,surgical waste,amputation (osteosarcoma/trauma) n=6 + polydactyly n=4,long bone,paediatric,10,yes,nanoindentation + EDX + proteomics,yes,"Only human dataset giving a measured modulus gradient across the physeal interfaces."
zoehrer2025,2025,Zoehrer R,surgical waste,polydactyly digit resection,digit,infant,3,yes,ToF-SIMS chemical imaging,yes,"First ToF-SIMS applied to human growth plate."
nilsson2003,2003,Nilsson O,surgical waste,epiphyseal surgery,proximal tibia,Tanner 1-5,24,yes,ER-alpha / ER-beta / AR IHC with per-zone counting,yes,"16 boys + 8 girls. Largest postnatal human growth-plate biopsy series located anywhere."
nilsson1999,1999,Nilsson LO,surgical waste,epiphyseal surgery,tibia and femur,pubertal,4,yes,ER-beta IHC,yes,"All female. Probable cohort overlap with nilsson2003."
egerbacher2002,2002,Egerbacher M,surgical waste,epiphysiodesis for leg-length difference,long bone,2 prepubertal girls + 2 adolescent boys,4,yes,ER-alpha / ER-beta IHC,yes,"Independent (Vienna) cohort."
oz2001,2001,Oz OK,surgical waste,epiphysiodesis,long bone,adolescent,2,yes,RT-PCR + aromatase IHC,yes,"One male, one female."
kindblom2002,2002,Kindblom JM,surgical waste,epiphyseal surgery,long bone,various pubertal stages,not_stated,no,Ihh and PTHrP IHH,yes,"Donor count not given in the abstract; probable overlap with the Nilsson cohort. Queued for full-text check."
emons2009,2009,Emons J,surgical waste,epiphyseal surgery,long bone,various pubertal stages incl. one fusing plate,not_stated,no,TUNEL + EM + apoptosis protein IHC,yes,"Contains the single 'unique late pubertal growth plate, which was about to fuse'. Exact n not in abstract; queued."
emons2011_2,2011,Emons J,surgical waste,epiphyseal surgery,long bone,one girl at Tanner B2 then B3,1,yes,histomorphometry + microarray (GSE18338),yes,"Two specimens, one donor. A within-subject pubertal time course with n=1."
gse9160,2007,Mougey EB,surgical waste,epiphysiodesis,distal femur,11y10m female and 13y3m male,2,yes,laser-capture microdissection + microarray by zone,yes,"The entire publicly available human ZONAL transcriptome is these two children."
chu2026,2026,Chu NTL,surgical waste,growth-restricting surgery (epiphysiodesis),long bone,11-14 y,4,yes,scRNA-seq + spatial analysis + ex vivo GH,yes,"GSE288028. Raw human sequence not deposited."
zhang2024a,2024,Zhang Z,surgical waste,epiphysiodesis,long bone,adolescent,3,yes,bulk RNA-seq after controlled loading,yes,"GSE246390. 18 biopsies from 3 donors."
ramesh2022,2022,Ramesh S,surgical waste,epiphysiodesis,long bone,paediatric,5,yes,ex vivo shockwave + chondrogenic markers,yes,"Paired exposed/unexposed from the same limb."
white2008,2008,White JR,surgical waste,not stated (single physis),distal tibia,"adolescent (physiological epiphysiodesis in progress)",1,yes,stereological histomorphometry,yes,"n=1. The only quantitative stereological description of a human physis in the act of closing."
wang2014,2014,Wang HD,surgical waste,amputation before and after denosumab,long bone,9 y,1,yes,histopathology,yes,"Within-subject before/after in one child; the only human pharmacological growth-plate before/after histology located."
baron1993,1993,Bar-On E,surgical waste,resection for osteosarcoma,distal femur,paediatric,10,yes,histology,yes,"8 of 10 chemotherapy-exposed; not normal plates."
sales2009,2009,Sales de Gauzy J,surgical waste,hip disarticulation after Ewing sarcoma recurrence,proximal femur transplant,5 y at surgery,1,yes,histology of a transplanted physis,yes,"Unique: a human growth plate examined 3 years after being transplanted."
gse1277,2004,Olney RC,surgical waste,epiphysiodesis,distal femur,adolescent,1,yes,microarray of monolayer-expanded chondrocytes,yes,"Cells, not tissue architecture."
gse1278,2004,Olney RC,surgical waste,epiphysiodesis,distal femur,adolescent,3,yes,microarray of monolayer-expanded chondrocytes,yes,"Cells, not tissue architecture."
byers1992,1992,Byers S,postmortem,autopsy,long bone,paediatric,not_stated,no,GAG immunolocalisation,no,"Donor count not in abstract; queued."
byers2000,2000,Byers S,postmortem,autopsy,rib,birth to adolescence,not_stated,no,quantitative histomorphometry,no,"Donor count not in abstract; queued. One of only two quantitative human histomorphometry series across the growing years."
kember1976,1976,Kember NF,postmortem,not stated,distal femur,birth to 18 y,not_stated,no,quantitative histology + cell counts per column,no,"Source of the ~20-day human PZ cycle time used throughout this atlas. Donor count not in abstract; queued as P1."
thurston1985,1985,Thurston AJ,surgical/postmortem,not stated,long bone,paediatric,not_stated,no,in vitro tritiated thymidine labelling,yes,"The only in vitro proliferative labelling of human growth plate located."
huch2002,2002,Huch K,mixed,surgical + autopsy controls,long bone,fetal and postnatal,not_stated,no,collagen I/II/X and Ki-67 IHC,yes,"Growth plate used as control for osteochondroma."
avijgan2025,2025,Avijgan,surgical waste,not stated (preprint),long bone,paediatric,not_stated,no,transcriptomic profiling of resting-zone subpopulations,yes,"Preprint; donor count not extractable without full text. Queued."
gse17368,2009,not stated,surgical waste,polydactyly digit resection,supernumerary digit,infant,not_stated,no,microarray of expanded chondrocytes,yes,"9 arrays; donor count not stated."
