gene	plof_cm	plof_p	want	tractability	matching_approved	matching_clinical	contra_approved
ACAN	-16.6	1.87e-52	up	GO CC high conf,UniProt SigP or TMHMM,UniProt loc med conf			
IHH	-13.1	1.02e-26	up	GO CC high conf,Half-life Data,UniProt SigP or TMHMM,UniProt loc high conf			
SHOX	-12.0	2.85e-16	up	Database Ubiquitination			
ANKRD11	-11.2	7.48e-11	up	Database Ubiquitination			
COL1A1	-10.4	1.51e-10	up	Approved Drug,Database Ubiquitination,GO CC high conf,Half-life Data,Structure with Ligand,UniProt SigP or TMHMM,UniProt loc med conf			
CHD8	10.2	3.44e-11	down	Database Ubiquitination,Half-life Data,UniProt Ubiquitination			
ERF	-9.58	3.56e-22	up	Database Ubiquitination,GO CC high conf,Half-life Data,UniProt Ubiquitination			
GNAS	-9.36	4.27e-06	up				
LCORL	8.85	1.07e-70	down	Database Ubiquitination,UniProt Ubiquitination			
FBN1	8.82	4.57e-27	down	Database Ubiquitination,GO CC high conf,UniProt SigP or TMHMM,UniProt loc high conf			
TET1	8.32	2.23e-14	down	Database Ubiquitination,High-Quality Ligand,Small Molecule Binder,UniProt Ubiquitination			
HMGA2	-8.11	6.11e-13	up	Database Ubiquitination			
ADAMTS10	-8.1	2.6e-29	up	GO CC high conf,UniProt SigP or TMHMM,UniProt loc high conf			
IGF2BP2	-7.83	3.08e-19	up	Database Ubiquitination,Half-life Data			
TRPS1	-7.79	1.19e-10	up	Database Ubiquitination,UniProt Ubiquitination			
EXT1	-7.74	4.59e-15	up	Database Ubiquitination,Half-life Data,Structure with Ligand,UniProt SigP or TMHMM			
TGFB3	7.68	4.04e-17	down	Advanced Clinical,Approved Drug,Database Ubiquitination,GO CC high conf,UniProt SigP or TMHMM,UniProt loc med conf	LUSPATERCEPT	FRESOLIMUMAB	
FGD1	-7.6	1.49e-06	up	Database Ubiquitination,GO CC high conf,Half-life Data,Human Protein Atlas loc			
AMD1	7.18	1.67e-07	down	Database Ubiquitination,Druggable Family,High-Quality Ligand,High-Quality Pocket,Small Molecule Binder,Structure with Ligand			
NPR2	-6.98	2.23e-42	up	Approved Drug,Database Ubiquitination,Druggable Family,GO CC high conf,Half-life Data,UniProt SigP or TMHMM,UniProt loc high conf	CARPERITIDE		
DLK1	-6.79	5.04e-09	up	Database Ubiquitination,Druggable Family,High-Quality Ligand,Small Molecule Binder,UniProt SigP or TMHMM			
SCUBE3	-6.71	2.11e-37	up	GO CC high conf,Human Protein Atlas loc,UniProt SigP or TMHMM,UniProt loc high conf			
SCMH1	6.65	9.95e-17	down	Database Ubiquitination			
FBLN5	-6.54	7.49e-13	up	GO CC high conf,UniProt SigP or TMHMM,UniProt loc high conf			
SERPINH1	-6.5	3.09e-25	up	Database Ubiquitination,Half-life Data,Small Molecule Binder,UniProt SigP or TMHMM			
DDR2	-6.09	6.46e-18	up	Approved Drug,Druggable Family,GO CC high conf,High-Quality Ligand,Literature,Small Molecule Binder,Structure with Ligand,UniProt SigP or TMHMM,UniProt loc high conf			REGORAFENIB
HMG20B	6.05	1.1e-12	down	Database Ubiquitination,Half-life Data,UniProt Ubiquitination			
ADAMTS6	-5.48	3.88e-13	up	GO CC med conf,UniProt SigP or TMHMM,UniProt loc med conf			
UHRF2	-5.43	9.61e-06	up	Database Ubiquitination,Half-life Data,UniProt Ubiquitination			
IRS1	-5.23	3.2e-28	up	Database Ubiquitination,GO CC high conf,High-Quality Ligand,Human Protein Atlas loc,Med-Quality Pocket,Small Molecule Binder,Structure with Ligand,UniProt Ubiquitination			
SREK1	-5.14	1.24e-15	up	Database Ubiquitination,Half-life Data,UniProt Ubiquitination			
IGF1R	-5.01	1.29e-20	up	Approved Drug,Database Ubiquitination,Druggable Family,GO CC high conf,Half-life Data,High-Quality Ligand,High-Quality Pocket,Literature,Small Molecule Binder,Structure with Ligand,UniProt SigP or TMHMM,UniProt Ubiquitination,UniProt loc high conf	MECASERMIN	MECASERMIN RINFABATE	MASOPROCOL;TEPROTUMUMAB
PITX1	-4.86	0.000924	up	Database Ubiquitination			
NF1	-4.81	5.75e-41	up	Database Ubiquitination,GO CC high conf,Half-life Data,High-Quality Pocket,Human Protein Atlas loc,Structure with Ligand,UniProt Ubiquitination,UniProt loc high conf			
FGF2	-4.78	3.18e-10	up	Advanced Clinical,Database Ubiquitination,Druggable Family,GO CC high conf,Half-life Data,High-Quality Ligand,High-Quality Pocket,Small Molecule Binder,Structure with Ligand,UniProt Ubiquitination,UniProt loc high conf			
DTL	-4.67	1.11e-26	up	Database Ubiquitination,UniProt Ubiquitination,UniProt loc med conf			
TLK1	-4.66	9.17e-10	up	Database Ubiquitination,Druggable Family,High-Quality Ligand,Small Molecule Binder			
PAPPA	-4.57	1.87e-19	up	Database Ubiquitination,GO CC high conf,UniProt SigP or TMHMM,UniProt loc high conf			
GHRH	-4.53	5.59e-16	up	GO CC high conf,Structure with Ligand,UniProt SigP or TMHMM,UniProt loc med conf			
SMURF2	-4.36	1.75e-14	up	Database Ubiquitination,GO CC med conf,High-Quality Pocket,Small Molecule Binder,UniProt Ubiquitination,UniProt loc high conf			
UHRF1	-4.07	0.0144	up	Database Ubiquitination,Half-life Data,High-Quality Ligand,High-Quality Pocket,Small Molecule Binder,Structure with Ligand,UniProt Ubiquitination			
ZFAT	4.02	6.18e-21	down	Database Ubiquitination			
ADAMTS17	-3.99	2.83e-53	up	Database Ubiquitination,GO CC med conf,UniProt SigP or TMHMM,UniProt loc med conf			
ZNF518A	3.9	5.37e-16	down	Database Ubiquitination,UniProt Ubiquitination			
XYLT1	-3.88	1.33e-11	up	Database Ubiquitination,GO CC med conf,Half-life Data,Human Protein Atlas loc,Structure with Ligand,UniProt SigP or TMHMM,UniProt loc high conf			
PCGF5	-3.76	2.35e-05	up	Half-life Data			
ASH1L	-3.74	6.79e-05	up	Database Ubiquitination,High-Quality Ligand,High-Quality Pocket,Small Molecule Binder,Structure with Ligand,UniProt Ubiquitination			
SAMD4A	3.67	1.94e-06	down				
MTOR	-3.65	2.17e-11	up	Approved Drug,Database Ubiquitination,Druggable Family,GO CC high conf,Half-life Data,High-Quality Ligand,Small Molecule Binder,Structure with Ligand,UniProt Ubiquitination,UniProt loc high conf		INDOXIMOD	PERHEXILINE;PERHEXILINE MALEATE;RIDAFOROLIMUS
ANGPTL2	-3.65	3.95e-10	up	GO CC med conf,UniProt SigP or TMHMM,UniProt loc med conf			
PLPP1	-3.63	2.72e-09	up	Database Ubiquitination,GO CC high conf,Half-life Data,Human Protein Atlas loc,UniProt SigP or TMHMM,UniProt loc high conf			
FASN	-3.61	1.43e-08	up	Database Ubiquitination,Druggable Family,GO CC high conf,Half-life Data,High-Quality Ligand,High-Quality Pocket,Human Protein Atlas loc,Small Molecule Binder,Structure with Ligand,UniProt Ubiquitination			
ADAMTS3	-3.6	8.67e-14	up	GO CC high conf,Half-life Data,UniProt SigP or TMHMM,UniProt loc high conf,UniProt loc med conf			
PTPN9	3.56	4.16e-10	down	Database Ubiquitination,Half-life Data,High-Quality Ligand,Small Molecule Binder,Structure with Ligand			
COL8A1	-3.45	3.45e-08	up	GO CC high conf,UniProt SigP or TMHMM,UniProt loc med conf			
COL27A1	-3.45	3.09e-20	up	Approved Drug,GO CC high conf,UniProt SigP or TMHMM,UniProt loc med conf			
ANTXR1	-3.4	0.00115	up	Database Ubiquitination,GO CC high conf,UniProt SigP or TMHMM,UniProt loc high conf			
COL8A2	3.37	3.84e-13	down	GO CC high conf,UniProt SigP or TMHMM,UniProt loc med conf			
SIX6	3.32	0.0788	down	Database Ubiquitination			
HTRA1	-3.31	6.14e-10	up	Database Ubiquitination,GO CC high conf,Half-life Data,High-Quality Ligand,High-Quality Pocket,Human Protein Atlas loc,Small Molecule Binder,UniProt SigP or TMHMM,UniProt loc high conf			
HECTD1	-3.3	1.74e-14	up	Database Ubiquitination,Half-life Data			
GLS	-3.28	4.28e-15	up	Advanced Clinical,Database Ubiquitination,Half-life Data,High-Quality Ligand,Small Molecule Binder,Structure with Ligand			
MKRN3	-3.15	2.17e-11	up	Database Ubiquitination,Half-life Data,Human Protein Atlas loc			
XRN2	-2.97	4.73e-08	up	Database Ubiquitination,Half-life Data			
DAAM2	-2.95	4.74e-10	up				
CNPY2	-2.95	2.27e-10	up	Database Ubiquitination,Half-life Data,UniProt SigP or TMHMM			
GH1	-2.95	0.00807	up	GO CC high conf,Med-Quality Pocket,Structure with Ligand,UniProt SigP or TMHMM,UniProt loc high conf			
PRKG2	-2.93	2.94e-06	up	Database Ubiquitination,Druggable Family,GO CC med conf,High-Quality Ligand,Small Molecule Binder,Structure with Ligand,UniProt loc high conf			
BMP6	-2.92	0.0332	up	GO CC med conf,Med-Quality Pocket,Small Molecule Binder,UniProt SigP or TMHMM,UniProt loc high conf			
AC073896.1	-2.87	2.99e-10	up				
FLNB	-2.86	4.8e-32	up	Database Ubiquitination,GO CC high conf,Half-life Data,Human Protein Atlas loc,Med-Quality Pocket,UniProt Ubiquitination			
NRK	2.79	1e-20	down	Druggable Family			
CRISPLD1	-2.77	7.26e-12	up	GO CC med conf,UniProt SigP or TMHMM,UniProt loc high conf			
MAPKAPK2	-2.73	0.0747	up	Database Ubiquitination,Druggable Family,Half-life Data,High-Quality Ligand,High-Quality Pocket,Literature,Phase 1 Clinical,Small Molecule Binder,Structure with Ligand,UniProt Ubiquitination			
SMOX	-2.73	1.94e-05	up	Database Ubiquitination,Small Molecule Binder,Structure with Ligand			
EXTL3	-2.72	2.38e-05	up	Database Ubiquitination,GO CC high conf,Half-life Data,Structure with Ligand,UniProt SigP or TMHMM,UniProt loc high conf			
ADCY6	-2.7	5.11e-13	up	Database Ubiquitination,GO CC high conf,Half-life Data,Small Molecule Binder,UniProt SigP or TMHMM,UniProt loc high conf			
PLVAP	-2.68	1.7e-05	up	Database Ubiquitination,GO CC med conf,Human Protein Atlas loc,UniProt SigP or TMHMM,UniProt loc med conf			
CCAR1	-2.66	1.82e-08	up	Database Ubiquitination,Half-life Data,UniProt Ubiquitination			
LATS2	-2.65	7.1e-06	up	Database Ubiquitination,Druggable Family,High-Quality Ligand,Small Molecule Binder			
CHAD	2.63	3.97e-10	down	GO CC med conf,UniProt SigP or TMHMM,UniProt loc med conf			
RNF187	-2.59	4.76e-07	up	Database Ubiquitination,UniProt Ubiquitination			
TRPC4AP	-2.58	2.01e-11	up	Database Ubiquitination,GO CC high conf,UniProt Ubiquitination			
ADAMTSL2	-2.52	2.27e-07	up	GO CC med conf,UniProt SigP or TMHMM,UniProt loc high conf			
DPP9	2.5	4.38e-05	down	Database Ubiquitination,Druggable Family,Half-life Data,High-Quality Ligand,Small Molecule Binder,Structure with Ligand			
PTH1R	2.49	0.00157	down	Approved Drug,Database Ubiquitination,Druggable Family,GO CC high conf,Human Protein Atlas loc,Small Molecule Binder,Structure with Ligand,UniProt SigP or TMHMM,UniProt loc high conf			ABALOPARATIDE;PALOPEGTERIPARATIDE;PARATHYROID HORMONE;TERIPARATIDE;TERIPARATIDE ACETATE
RTL1	-2.46	3.48e-09	up	Database Ubiquitination,UniProt SigP or TMHMM			
CLEC3A	2.46	3.71e-05	down	GO CC med conf,UniProt SigP or TMHMM,UniProt loc high conf			
PIEZO1	-2.46	2.88e-43	up	Database Ubiquitination,GO CC med conf,Half-life Data,Structure with Ligand,UniProt SigP or TMHMM,UniProt loc high conf			
TRPM7	-2.45	1.11e-17	up	Database Ubiquitination,Druggable Family,GO CC high conf,High-Quality Ligand,Human Protein Atlas loc,Literature,Small Molecule Binder,UniProt SigP or TMHMM,UniProt loc high conf			
IRS4	2.43	0.000587	down	Database Ubiquitination,GO CC high conf,UniProt Ubiquitination,UniProt loc high conf			
GHSR	-2.42	9.7e-10	up	Advanced Clinical,Approved Drug,Druggable Family,GO CC high conf,High-Quality Ligand,Small Molecule Binder,Structure with Ligand,UniProt SigP or TMHMM,UniProt loc med conf	ANAMORELIN HYDROCHLORIDE;IBUTAMOREN;MACIMORELIN	ANAMORELIN;CAPROMORELIN;IBUTAMOREN MESYLATE;RELAMORELIN;TZP-102;ULIMORELIN;ULIMORELIN HYDROCHLORIDE	
CNNM3	2.41	6.12e-09	down	Database Ubiquitination,GO CC med conf,Half-life Data,Structure with Ligand,UniProt SigP or TMHMM,UniProt loc med conf			
HAPLN3	2.37	0.153	down	GO CC med conf,Human Protein Atlas loc,UniProt SigP or TMHMM,UniProt loc med conf			
LTBP2	2.36	3.11e-16	down	GO CC high conf,UniProt SigP or TMHMM,UniProt loc high conf			
NPR3	2.35	4.52e-07	down	Advanced Clinical,Database Ubiquitination,GO CC med conf,Half-life Data,High-Quality Pocket,Small Molecule Binder,UniProt SigP or TMHMM,UniProt loc high conf			CARPERITIDE
PKD1	2.32	0.000158	down	GO CC high conf,High-Quality Ligand,Small Molecule Binder,UniProt SigP or TMHMM,UniProt loc high conf			
WDR6	-2.22	1.92e-11	up	Database Ubiquitination,GO CC high conf,Half-life Data			
WLS	-2.11	5.19e-07	up	Database Ubiquitination,GO CC high conf,Half-life Data,Structure with Ligand,UniProt SigP or TMHMM,UniProt loc high conf			
PAPPA2	-2.1	1.74e-13	up	GO CC high conf,UniProt SigP or TMHMM,UniProt loc med conf			
ANAPC1	-2.09	1.01e-07	up	Database Ubiquitination,Half-life Data			
FRYL	-2.08	1.08e-11	up	Database Ubiquitination,Half-life Data			
HERC1	2.07	9.16e-10	down	Database Ubiquitination,Half-life Data,Structure with Ligand,UniProt loc med conf			
FUT10	-2.06	0.136	up				
CPD	-2.04	4.61e-05	up	Database Ubiquitination,GO CC med conf,Half-life Data,UniProt SigP or TMHMM,UniProt loc med conf			
SNED1	2.02	0.0326	down	GO CC high conf,UniProt SigP or TMHMM,UniProt loc high conf			
LTBP1	-2.0	9.96e-09	up	Database Ubiquitination,GO CC high conf,UniProt SigP or TMHMM,UniProt loc high conf			
DISP1	-1.96	2.16e-08	up	Database Ubiquitination,Human Protein Atlas loc,Structure with Ligand,UniProt SigP or TMHMM			
PTPRJ	-1.96	7.03e-11	up	Database Ubiquitination,GO CC high conf,Half-life Data,UniProt SigP or TMHMM,UniProt loc high conf,UniProt loc med conf			
CRISPLD2	-1.95	3.04e-05	up	GO CC high conf,UniProt SigP or TMHMM,UniProt loc med conf			
ZNFX1	1.94	2e-06	down	Database Ubiquitination,Half-life Data			
RFC1	-1.91	9.17e-07	up	Database Ubiquitination,Half-life Data,Structure with Ligand,UniProt Ubiquitination			
ABCB1	1.9	7.03e-06	down	Advanced Clinical,Database Ubiquitination,Druggable Family,GO CC high conf,Half-life Data,High-Quality Ligand,Human Protein Atlas loc,Small Molecule Binder,Structure with Ligand,UniProt SigP or TMHMM,UniProt loc high conf		BIRICODAR;ENCEQUIDAR;TARIQUIDAR;VALSPODAR;ZOSUQUIDAR	
GHR	-1.88	2.71e-08	up	Approved Drug,Database Ubiquitination,GO CC high conf,Half-life Data,Human Protein Atlas loc,UniProt SigP or TMHMM,UniProt Ubiquitination,UniProt loc high conf	LONAPEGSOMATROPIN;SOMAPACITAN;SOMATREM;SOMATROGON;SOMATROPIN		PEGVISOMANT
AC127029.3	-1.87	0.0607	up				
FER	-1.86	0.000297	up	Database Ubiquitination,Druggable Family,GO CC med conf,Half-life Data,High-Quality Ligand,Literature,Small Molecule Binder,UniProt Ubiquitination,UniProt loc med conf			
TXLNA	-1.84	0.0497	up	Database Ubiquitination,Half-life Data			
KMT2B	-1.82	0.0539	up	Database Ubiquitination,Half-life Data,Structure with Ligand,UniProt Ubiquitination			
CYP26B1	1.76	0.427	down	Database Ubiquitination,Druggable Family,High-Quality Ligand,Small Molecule Binder,UniProt loc med conf			
FGFR3	1.75	0.233	down	Advanced Clinical,Approved Drug,Database Ubiquitination,Druggable Family,GO CC high conf,High-Quality Ligand,Phase 1 Clinical,Small Molecule Binder,Structure with Ligand,UniProt SigP or TMHMM,UniProt Ubiquitination,UniProt loc med conf	E-7090;ERDAFITINIB;FUTIBATINIB;INFIGRATINIB;INFIGRATINIB PHOSPHATE;MASITINIB;NINTEDANIB;NINTEDANIB ESYLATE;PAZOPANIB;PAZOPANIB HYDROCHLORIDE;PEMIGATINIB	BRIVANIB;BRIVANIB ALANINATE;DERAZANTINIB;DOVITINIB;ENMD-2076;ENMD-981693;FEXAGRATINIB;FGFR INHIBITOR DEBIO 1347;HMPL-453;LY-2874455;ORANTINIB;ROGARATINIB	
THBS3	-1.72	3.4e-14	up	GO CC high conf,UniProt SigP or TMHMM			
LRP5	-1.63	8.12e-07	up	Database Ubiquitination,GO CC high conf,UniProt SigP or TMHMM			
SMOC1	-1.63	5.37e-05	up	Database Ubiquitination,GO CC med conf,Half-life Data,UniProt SigP or TMHMM,UniProt loc high conf			
SMG7	-1.6	0.0104	up	Database Ubiquitination,Half-life Data			
PTCH1	-1.56	0.00427	up	Database Ubiquitination,GO CC high conf,Structure with Ligand,UniProt SigP or TMHMM,UniProt Ubiquitination,UniProt loc med conf			
JAK2	-1.5	0.00061	up	Approved Drug,Database Ubiquitination,Druggable Family,GO CC high conf,Half-life Data,High-Quality Ligand,High-Quality Pocket,Literature,Small Molecule Binder,Structure with Ligand,UniProt Ubiquitination,UniProt loc med conf			BARICITINIB;DELGOCITINIB;DEURUXOLITINIB PHOSPHATE;FEDRATINIB;FEDRATINIB HYDROCHLORIDE;FILGOTINIB;FILGOTINIB MALEATE;LESTAURTINIB;MOMELOTINIB;MOMELOTINIB DIHYDROCHLORIDE MONOHYDRATE;PACRITINIB;PACRITINIB CITRATE
FIBIN	-1.49	0.0133	up	GO CC med conf,UniProt SigP or TMHMM,UniProt loc med conf			
APOB	-1.48	1.27e-12	up	Database Ubiquitination,Druggable Family,GO CC high conf,Small Molecule Binder,UniProt SigP or TMHMM,UniProt loc high conf			MIPOMERSEN;MIPOMERSEN SODIUM
HLTF	1.47	1.06e-10	down	Database Ubiquitination,Structure with Ligand,UniProt Ubiquitination			
B4GALNT3	1.46	4.94e-15	down	UniProt SigP or TMHMM			
PHC3	1.44	0.0967	down	Database Ubiquitination,Half-life Data,UniProt Ubiquitination			
PDE5A	1.42	8.96e-05	down	Approved Drug,Database Ubiquitination,Druggable Family,High-Quality Ligand,High-Quality Pocket,Small Molecule Binder,Structure with Ligand	AVANAFIL;DIPYRIDAMOLE;IBUDILAST;PENTOXIFYLLINE;SILDENAFIL;SILDENAFIL CITRATE;TADALAFIL;UDENAFIL;VARDENAFIL;VARDENAFIL HYDROCHLORIDE	GISADENAFIL;PF-00489791;PF-03049423	
LOXL2	1.4	2.2e-09	down	Advanced Clinical,Database Ubiquitination,GO CC med conf,High-Quality Ligand,Small Molecule Binder,UniProt SigP or TMHMM,UniProt loc high conf		LENUMLOSTAT;SIMTUZUMAB	
PLOD2	1.34	4.67e-06	down	Database Ubiquitination,GO CC med conf,Half-life Data,Small Molecule Binder,UniProt SigP or TMHMM,UniProt loc med conf			
NIM1K	-1.33	7.01e-11	up	Druggable Family,High-Quality Ligand,Small Molecule Binder			
CSAD	1.32	0.000229	down	Database Ubiquitination,High-Quality Pocket,Human Protein Atlas loc			
COLGALT2	1.26	0.002	down	UniProt SigP or TMHMM			
ARPC1B	-1.25	0.00295	up	Database Ubiquitination,Half-life Data,Structure with Ligand			
PDE3B	1.22	5.07e-13	down	Approved Drug,Database Ubiquitination,Druggable Family,High-Quality Ligand,High-Quality Pocket,Small Molecule Binder,Structure with Ligand,UniProt SigP or TMHMM	AMINOPHYLLINE;ANAGRELIDE;ANAGRELIDE HYDROCHLORIDE;DIPYRIDAMOLE;ENOXIMONE;ENSIFENTRINE;LEVOSIMENDAN;OXTRIPHYLLINE;PENTOXIFYLLINE;THEOPHYLLINE	K-134	
FBN2	1.18	0.00125	down	Database Ubiquitination,GO CC high conf,UniProt SigP or TMHMM,UniProt loc high conf			
AC004922.1	-1.17	0.00352	up				
HMCN1	1.15	5.65e-12	down	Database Ubiquitination,GO CC high conf,UniProt SigP or TMHMM,UniProt loc med conf			
NOX4	-1.12	0.000279	up	Advanced Clinical,Druggable Family,GO CC high conf,High-Quality Ligand,Small Molecule Binder,UniProt SigP or TMHMM,UniProt loc high conf			
KAT2B	-1.09	0.298	up	Database Ubiquitination,Druggable Family,High-Quality Ligand,High-Quality Pocket,Literature,Small Molecule Binder,Structure with Ligand			
CCDC3	-1.09	3.79e-08	up	GO CC high conf,UniProt SigP or TMHMM,UniProt loc med conf			
POR	1.08	4.99e-08	down	Database Ubiquitination,Half-life Data,Med-Quality Pocket,Small Molecule Binder,Structure with Ligand,UniProt SigP or TMHMM			
LPP	-1.07	0.404	up	Database Ubiquitination,GO CC high conf,Half-life Data,Human Protein Atlas loc,UniProt Ubiquitination,UniProt loc med conf			
FBXO17	-1.07	3.11e-07	up				
LRRC8A	-1.06	0.196	up	Database Ubiquitination,GO CC high conf,Half-life Data,Structure with Ligand,UniProt SigP or TMHMM,UniProt loc high conf			
STC2	1.04	0.404	down	Database Ubiquitination,GO CC med conf,UniProt SigP or TMHMM,UniProt loc high conf			
PLOD1	1.03	0.000133	down	Database Ubiquitination,GO CC med conf,Half-life Data,Small Molecule Binder,UniProt SigP or TMHMM,UniProt loc med conf			
HHIPL1	-1.02	1.24e-05	up	GO CC med conf,UniProt SigP or TMHMM,UniProt loc high conf			
SHANK1	-1.02	0.0615	up	Database Ubiquitination,GO CC high conf,Half-life Data,Human Protein Atlas loc,Structure with Ligand			
SAMHD1	-1.01	0.00233	up	Database Ubiquitination,GO CC high conf,Half-life Data,High-Quality Pocket,Structure with Ligand,UniProt Ubiquitination			
ASPN	-0.998	7.41e-10	up	GO CC high conf,UniProt SigP or TMHMM,UniProt loc high conf			
WDR76	0.989	1.72e-05	down	Database Ubiquitination			
PREPL	-0.939	3.43e-05	up	Database Ubiquitination,Half-life Data			
IGFALS	-0.921	8.95e-05	up	GO CC high conf,Half-life Data,UniProt SigP or TMHMM,UniProt loc med conf			
LGR5	0.92	0.0165	down	Druggable Family,GO CC high conf,UniProt SigP or TMHMM,UniProt loc med conf			
B3GNT8	0.901	0.00292	down	UniProt SigP or TMHMM			
LTBP3	-0.9	0.00108	up	Database Ubiquitination,GO CC high conf,UniProt SigP or TMHMM,UniProt loc high conf			
MYO1D	0.887	0.0023	down	Database Ubiquitination,GO CC med conf,Half-life Data			
SPSB3	-0.881	0.197	up	Database Ubiquitination			
ZNF366	-0.88	0.0716	up	Database Ubiquitination			
LOXL3	0.875	0.0121	down	GO CC high conf,Half-life Data,High-Quality Ligand,Small Molecule Binder,UniProt SigP or TMHMM,UniProt loc high conf,UniProt loc med conf			
DAP	0.874	1.81e-13	down	Database Ubiquitination			
CPT1A	0.864	0.0468	down	Database Ubiquitination,Druggable Family,Half-life Data,High-Quality Ligand,Small Molecule Binder,UniProt SigP or TMHMM			
ADAMTSL4	-0.863	1.95e-14	up	GO CC med conf,Human Protein Atlas loc,UniProt SigP or TMHMM,UniProt loc high conf			
COL16A1	0.851	0.000114	down	GO CC high conf,UniProt SigP or TMHMM,UniProt loc high conf			
VASN	-0.818	0.143	up	Database Ubiquitination,GO CC med conf,UniProt SigP or TMHMM,UniProt loc high conf			
TRIM68	-0.817	2.58e-06	up	Database Ubiquitination,UniProt Ubiquitination			
KIF7	0.799	7.31e-05	down	Database Ubiquitination,Structure with Ligand,UniProt Ubiquitination			
PAM	-0.797	0.0102	up	Database Ubiquitination,Druggable Family,GO CC med conf,Half-life Data,High-Quality Ligand,Small Molecule Binder,UniProt SigP or TMHMM,UniProt loc med conf			
HSD11B2	0.78	0.217	down	Approved Drug,Druggable Family,High-Quality Ligand,Small Molecule Binder	CARBENOXOLONE		
CLEC11A	-0.742	1.06e-25	up	Database Ubiquitination,GO CC high conf,UniProt SigP or TMHMM,UniProt loc high conf			
NOSTRIN	-0.693	0.0193	up	GO CC high conf,UniProt loc high conf			
CPZ	-0.692	3.77e-10	up	GO CC med conf,Human Protein Atlas loc,UniProt SigP or TMHMM,UniProt loc high conf			
TTN	-0.686	1.08e-15	up	Database Ubiquitination,Druggable Family,GO CC high conf,Half-life Data,Structure with Ligand			
GCGR	0.686	0.0276	down	Advanced Clinical,Approved Drug,Druggable Family,GO CC high conf,High-Quality Ligand,Small Molecule Binder,Structure with Ligand,UniProt SigP or TMHMM,UniProt loc high conf		ADOMEGLIVANT;CROTEDUMAB;MK-0893;MK-3577;PF-06291874;RETATRUTIDE;VOLAGIDEMAB	DASIGLUCAGON;DASIGLUCAGON HYDROCHLORIDE;GLUCAGON
FBXL12	0.671	0.158	down	Database Ubiquitination			
GLI3	0.667	0.321	down	Database Ubiquitination,UniProt Ubiquitination			
E4F1	0.661	0.184	down	Database Ubiquitination,Half-life Data,UniProt Ubiquitination			
SLC27A3	0.65	5.4e-08	down	Database Ubiquitination,GO CC med conf,Half-life Data,UniProt SigP or TMHMM			
MC3R	-0.619	0.00245	up	Advanced Clinical,Druggable Family,GO CC high conf,High-Quality Ligand,Small Molecule Binder,UniProt SigP or TMHMM,UniProt loc med conf		MODIMELANOTIDE	
MTMR11	0.595	0.00485	down				
GRAMD2A	0.584	1.8e-06	down	GO CC high conf,UniProt SigP or TMHMM,UniProt loc high conf			
UGGT2	0.578	4.46e-10	down	Database Ubiquitination,Half-life Data,UniProt SigP or TMHMM			
IQCC	0.567	0.137	down	Database Ubiquitination			
SLC13A1	-0.529	2.17e-09	up	GO CC high conf,Structure with Ligand,UniProt SigP or TMHMM,UniProt loc med conf			
GYG1	-0.497	0.0193	up	Database Ubiquitination,GO CC high conf,Half-life Data,High-Quality Pocket,Structure with Ligand			
FAM111A	0.492	7.53e-13	down	Database Ubiquitination,UniProt Ubiquitination			
COL1A2	0.473	0.629	down	Approved Drug,GO CC high conf,UniProt SigP or TMHMM,UniProt loc med conf			
FBXW8	-0.468	3.23e-11	up	Database Ubiquitination			
CTU2	0.453	0.0556	down	Database Ubiquitination,Half-life Data			
HDAC6	-0.431	0.214	up	Approved Drug,Database Ubiquitination,Druggable Family,Half-life Data,High-Quality Ligand,Literature,Small Molecule Binder,Structure with Ligand,UniProt Ubiquitination			BELINOSTAT;ENTINOSTAT;GIVINOSTAT;GIVINOSTAT HYDROCHLORIDE;PANOBINOSTAT;PANOBINOSTAT LACTATE;ROMIDEPSIN;VORINOSTAT
AEBP1	0.429	8.69e-12	down	Database Ubiquitination,GO CC med conf,UniProt SigP or TMHMM,UniProt loc med conf			
C2CD4A	-0.428	0.242	up				
CDC23	0.36	0.613	down	Database Ubiquitination,Half-life Data,UniProt Ubiquitination			
DUSP16	0.359	0.783	down	Database Ubiquitination			
SLC22A5	0.249	0.408	down	Database Ubiquitination,Druggable Family,GO CC high conf,Half-life Data,UniProt SigP or TMHMM,UniProt loc high conf			
PTPN11	0.201	0.912	down	Advanced Clinical,Database Ubiquitination,Druggable Family,Half-life Data,High-Quality Ligand,Literature,Small Molecule Binder,Structure with Ligand		BATOPROTAFIB	
ESR1	0.0395	0.963	down	Advanced Clinical,Approved Drug,Database Ubiquitination,Druggable Family,GO CC high conf,High-Quality Ligand,High-Quality Pocket,Literature,Small Molecule Binder,Structure with Ligand,UniProt Ubiquitination,UniProt loc high conf,UniProt loc med conf	ELACESTRANT;ELACESTRANT HYDROCHLORIDE;FULVESTRANT	AFIMOXIFENE;AMCENESTRANT;BRILANESTRANT;CAMIZESTRANT;GIREDESTRANT;TAS-108	DIENESTROL;DIETHYLSTILBESTROL;DIETHYLSTILBESTROL DIPHOSPHATE;ESTETROL;ESTRADIOL;ESTRADIOL ACETATE;ESTRADIOL CYPIONATE;ESTRADIOL VALERATE;ESTROGENS, CONJUGATED;ESTROGENS, CONJUGATED SYNTHETIC A;ESTROGENS, ESTERIFIED;ESTRONE
RPL5	None	None	None	Advanced Clinical,Approved Drug,Database Ubiquitination,Half-life Data,High-Quality Ligand,Small Molecule Binder,Structure with Ligand,UniProt Ubiquitination			
CDK6	None	None	None	Approved Drug,Database Ubiquitination,Druggable Family,Half-life Data,High-Quality Ligand,High-Quality Pocket,Literature,Small Molecule Binder,Structure with Ligand			
IGF1	None	None	None	Advanced Clinical,Database Ubiquitination,GO CC high conf,Med-Quality Pocket,Structure with Ligand,UniProt SigP or TMHMM,UniProt loc med conf			
NOG	None	None	None	GO CC high conf,UniProt SigP or TMHMM,UniProt loc med conf			
PCNA	None	None	None	Database Ubiquitination,Half-life Data,High-Quality Ligand,Literature,Small Molecule Binder,Structure with Ligand,UniProt Ubiquitination			
